repository_id,repository_full_name,commit_sha_examined,path,failure_kind,http_status,detail
132451334,weso/shexer,bfa82aebe8479eb42f5dfba054f221c72e7c21d3,test/t_files/untyped_numbers/g1_untyped_age.nt,parse_error,,ParserError: Invalid line: 23 .
132451334,weso/shexer,bfa82aebe8479eb42f5dfba054f221c72e7c21d3,test/t_files/untyped_numbers/g1_untyped_weight.nt,parse_error,,ParserError: Invalid line: 23 .
283326779,cancerDHC/csv2caDSR,1cc7dca72bedbed0b412e0c8ab17aecb6c391453,,candidate_file_cap,,heuristic_paths=679
457686615,OP-TED/ted-rdf-mapping,2004fef480fe38706a5f15dc8db89806d005077d,,candidate_file_cap,,heuristic_paths=12081
615214940,Informasjonsforvaltning/fdk-mqa-dcat-validator,11a7ac6e4ec0d7c721bf3bdfa309afb05cca8645,src/test/resources/compliant-dataset-event.ttl,parse_error,,"BadSyntax: at line 45 of <>:
Bad syntax (EOF found after object) at ^ in:
""b'@prefix adms: <http://www.w3.org/ns/adms#> . \n@prefix cpsv: <http://purl.org/vocab/cpsv#> . \n@prefix cpsvno: <https://data.norge.no/vocabulary/cpsvno#> . \n@prefix dcat: <http://www.w3.org/ns/dcat#> . \n@prefix dct: <http://purl.org/dc/terms/> . \n@prefix dqv: <http://www.w3.org/ns/dqv#> . \n@prefix mqa: <https://data.norge.no/vocabulary/dcatno-mqa#> . \n@prefix eli: <http://data.europa.eu/eli/ontology#> . \n@prefix f"
938809221,sebastians1999/federated-sparql-rag-agent,a064b7529e66a7f30504ce243d96961d52603900,,candidate_file_cap,,heuristic_paths=3386
938809221,sebastians1999/federated-sparql-rag-agent,a064b7529e66a7f30504ce243d96961d52603900,experiments/experiment_data/LtM backup runs/run_1/ev_2025-05-06_22-14-46/109_Distribution_of_reactions_according_to_the_first_level_of_enzyme_classification_comparison.ttl,parse_error,,"BadSyntax: at line 4 of <>:
Bad syntax (expected directive or statement) at ^ in:
""b'\n# Natural Language Question\n# =======================\n'^b'Distribution of reactions according to the first level of en'..."""
938809221,sebastians1999/federated-sparql-rag-agent,a064b7529e66a7f30504ce243d96961d52603900,experiments/experiment_data/LtM backup runs/run_1/ev_2025-05-06_22-14-46/112_Total_number_of_reaction_ec_protein_links_comparison.ttl,parse_error,,"BadSyntax: at line 4 of <>:
Bad syntax (expected directive or statement) at ^ in:
""b'\n# Natural Language Question\n# =======================\n'^b'Total number of <reaction> <ec> <protein> links\n\n# Target En'..."""
938809221,sebastians1999/federated-sparql-rag-agent,a064b7529e66a7f30504ce243d96961d52603900,experiments/experiment_data/LtM backup runs/run_1/ev_2025-05-06_22-14-46/115_Retrieve_the_set_of_metabolites_involved_in_reactions_catalyzed_by_human_genes_HUMAN_reference_proteome_comparison.ttl,parse_error,,"BadSyntax: at line 4 of <>:
Bad syntax (expected directive or statement) at ^ in:
""b'\n# Natural Language Question\n# =======================\n'^b'Retrieve the set of metabolites involved in reactions cataly'..."""
938809221,sebastians1999/federated-sparql-rag-agent,a064b7529e66a7f30504ce243d96961d52603900,experiments/experiment_data/LtM backup runs/run_1/ev_2025-05-06_22-14-46/116_biosodafrontend_rabit_mouse_orthologs_comparison.ttl,parse_error,,"BadSyntax: at line 4 of <>:
Bad syntax (expected directive or statement) at ^ in:
""b'\n# Natural Language Question\n# =======================\n'^b""Rabbit's proteins encoded by genes that are orthologous to M""..."""
938809221,sebastians1999/federated-sparql-rag-agent,a064b7529e66a7f30504ce243d96961d52603900,experiments/experiment_data/LtM backup runs/run_1/ev_2025-05-06_22-14-46/117_Retrieve_parent_reactions_and_their_catalyzing_enzymes_for_a_metabolite_that_is_not_directly_involved_in_a_reaction_comparison.ttl,parse_error,,"BadSyntax: at line 4 of <>:
Bad syntax (expected directive or statement) at ^ in:
""b'\n# Natural Language Question\n# =======================\n'^b'Retrieve parent reactions (and their catalyzing enzymes) for'..."""
938809221,sebastians1999/federated-sparql-rag-agent,a064b7529e66a7f30504ce243d96961d52603900,experiments/experiment_data/LtM backup runs/run_1/ev_2025-05-06_22-14-46/117_biosodafrontend_glioblastoma_orthologs_rat_comparison.ttl,parse_error,,"BadSyntax: at line 4 of <>:
Bad syntax (expected directive or statement) at ^ in:
""b'\n# Natural Language Question\n# =======================\n'^b'Which are the proteins associated with glioblastoma and the '..."""
938809221,sebastians1999/federated-sparql-rag-agent,a064b7529e66a7f30504ce243d96961d52603900,experiments/experiment_data/LtM backup runs/run_1/ev_2025-05-06_22-14-46/118_biosodafrontend_rat_brain_human_cancer_comparison.ttl,parse_error,,"BadSyntax: at line 4 of <>:
Bad syntax (expected directive or statement) at ^ in:
""b'\n# Natural Language Question\n# =======================\n'^b'What are the Homo sapiens genes associated with cancer and t'..."""
938809221,sebastians1999/federated-sparql-rag-agent,a064b7529e66a7f30504ce243d96961d52603900,experiments/experiment_data/LtM backup runs/run_1/ev_2025-05-06_22-14-46/11_comparison.ttl,parse_error,,"BadSyntax: at line 4 of <>:
Bad syntax (expected directive or statement) at ^ in:
""b'\n# Natural Language Question\n# =======================\n'^b'Distribution of reactions according to the first class of th'..."""
938809221,sebastians1999/federated-sparql-rag-agent,a064b7529e66a7f30504ce243d96961d52603900,experiments/experiment_data/LtM backup runs/run_1/ev_2025-05-06_22-14-46/12_comparison.ttl,parse_error,,"BadSyntax: at line 4 of <>:
Bad syntax (expected directive or statement) at ^ in:
""b'\n# Natural Language Question\n# =======================\n'^b'Select all Rhea reactions linked to protein sequences (enzym'..."""
938809221,sebastians1999/federated-sparql-rag-agent,a064b7529e66a7f30504ce243d96961d52603900,experiments/experiment_data/LtM backup runs/run_1/ev_2025-05-06_22-14-46/16_comparison.ttl,parse_error,,"BadSyntax: at line 4 of <>:
Bad syntax (expected directive or statement) at ^ in:
""b'\n# Natural Language Question\n# =======================\n'^b'For a given lipid (SWISSLIPID:000399814, Ceramide), return a'..."""
938809221,sebastians1999/federated-sparql-rag-agent,a064b7529e66a7f30504ce243d96961d52603900,experiments/experiment_data/LtM backup runs/run_1/ev_2025-05-06_22-14-46/18_comparison.ttl,parse_error,,"BadSyntax: at line 4 of <>:
Bad syntax (expected directive or statement) at ^ in:
""b'\n# Natural Language Question\n# =======================\n'^b'Use <a href=""https://idsm.elixir-czech.cz/sparql"">IDSM Sache'..."""
938809221,sebastians1999/federated-sparql-rag-agent,a064b7529e66a7f30504ce243d96961d52603900,experiments/experiment_data/LtM backup runs/run_1/ev_2025-05-06_22-14-46/19_draft_human_metabolome_comparison.ttl,parse_error,,"BadSyntax: at line 4 of <>:
Bad syntax (expected directive or statement) at ^ in:
""b'\n# Natural Language Question\n# =======================\n'^b'Generate a draft human metabolome\n\n# Target Endpoint\n# ====='..."""
938809221,sebastians1999/federated-sparql-rag-agent,a064b7529e66a7f30504ce243d96961d52603900,experiments/experiment_data/LtM backup runs/run_1/ev_2025-05-06_22-14-46/20_search_chemical_names_in_japanese_comparison.ttl,parse_error,,"BadSyntax: at line 4 of <>:
Bad syntax (expected directive or statement) at ^ in:
""b'\n# Natural Language Question\n# =======================\n'^b'Search for Chemical names starting in Japanese, translated t'..."""
938809221,sebastians1999/federated-sparql-rag-agent,a064b7529e66a7f30504ce243d96961d52603900,experiments/experiment_data/LtM backup runs/run_1/ev_2025-05-06_22-14-46/29_comparison.ttl,parse_error,,"BadSyntax: at line 4 of <>:
Bad syntax (expected directive or statement) at ^ in:
""b'\n# Natural Language Question\n# =======================\n'^b'Use <a href=""http://allie.dbcls.jp/"">ALLIE</a> a service for'..."""
938809221,sebastians1999/federated-sparql-rag-agent,a064b7529e66a7f30504ce243d96961d52603900,experiments/experiment_data/LtM backup runs/run_1/ev_2025-05-06_22-14-46/34_comparison.ttl,parse_error,,"BadSyntax: at line 4 of <>:
Bad syntax (expected directive or statement) at ^ in:
""b'\n# Natural Language Question\n# =======================\n'^b'Lipids affected by human enzymes\n\n# Target Endpoint\n# ======'..."""
938809221,sebastians1999/federated-sparql-rag-agent,a064b7529e66a7f30504ce243d96961d52603900,experiments/experiment_data/LtM backup runs/run_1/ev_2025-05-06_22-14-46/36_comparison.ttl,parse_error,,"BadSyntax: at line 4 of <>:
Bad syntax (expected directive or statement) at ^ in:
""b'\n# Natural Language Question\n# =======================\n'^b'Find the orthologous proteins for UniProtKB entry P05067 usi'..."""
938809221,sebastians1999/federated-sparql-rag-agent,a064b7529e66a7f30504ce243d96961d52603900,experiments/experiment_data/LtM backup runs/run_1/ev_2025-05-06_22-14-46/38_comparison.ttl,parse_error,,"BadSyntax: at line 4 of <>:
Bad syntax (expected directive or statement) at ^ in:
""b'\n# Natural Language Question\n# =======================\n'^b'For the human entry P05067 (Amyloid-beta precursor protein) '..."""
938809221,sebastians1999/federated-sparql-rag-agent,a064b7529e66a7f30504ce243d96961d52603900,experiments/experiment_data/LtM backup runs/run_1/ev_2025-05-06_22-14-46/40_comparison.ttl,parse_error,,"BadSyntax: at line 4 of <>:
Bad syntax (expected directive or statement) at ^ in:
""b'\n# Natural Language Question\n# =======================\n'^b'Retrieve human enzymes that metabolize sphingolipids and are'..."""
938809221,sebastians1999/federated-sparql-rag-agent,a064b7529e66a7f30504ce243d96961d52603900,experiments/experiment_data/LtM backup runs/run_1/ev_2025-05-06_22-14-46/42_comparison.ttl,parse_error,,"BadSyntax: at line 4 of <>:
Bad syntax (expected directive or statement) at ^ in:
""b'\n# Natural Language Question\n# =======================\n'^b'Connect patents cited in UniProtKB with those in the patent '..."""
938809221,sebastians1999/federated-sparql-rag-agent,a064b7529e66a7f30504ce243d96961d52603900,experiments/experiment_data/LtM backup runs/run_1/ev_2025-05-06_22-14-46/43_comparison.ttl,parse_error,,"BadSyntax: at line 4 of <>:
Bad syntax (expected directive or statement) at ^ in:
""b'\n# Natural Language Question\n# =======================\n'^b'Connect patents cited in UniProtKB with those in the patent '..."""
938809221,sebastians1999/federated-sparql-rag-agent,a064b7529e66a7f30504ce243d96961d52603900,experiments/experiment_data/LtM backup runs/run_1/ev_2025-05-06_22-14-46/45_comparison.ttl,parse_error,,"BadSyntax: at line 4 of <>:
Bad syntax (expected directive or statement) at ^ in:
""b'\n# Natural Language Question\n# =======================\n'^b'Retrieve drugs that target human enzymes involved in sterol '..."""
938809221,sebastians1999/federated-sparql-rag-agent,a064b7529e66a7f30504ce243d96961d52603900,experiments/experiment_data/LtM backup runs/run_1/ev_2025-05-06_22-14-46/49_comparison.ttl,parse_error,,"BadSyntax: at line 4 of <>:
Bad syntax (expected directive or statement) at ^ in:
""b'\n# Natural Language Question\n# =======================\n'^b'Retrieve the UniProtKB proteins, their catalyzed Rhea reacti'..."""
938809221,sebastians1999/federated-sparql-rag-agent,a064b7529e66a7f30504ce243d96961d52603900,experiments/experiment_data/LtM backup runs/run_1/ev_2025-05-06_22-14-46/51_comparison.ttl,parse_error,,"BadSyntax: at line 4 of <>:
Bad syntax (expected directive or statement) at ^ in:
""b'\n# Natural Language Question\n# =======================\n'^b'Find all proteins linked to arachidonate (CHEBI:32395)\n\n# Ta'..."""
938809221,sebastians1999/federated-sparql-rag-agent,a064b7529e66a7f30504ce243d96961d52603900,experiments/experiment_data/LtM backup runs/run_1/ev_2025-05-06_22-14-46/52_comparison.ttl,parse_error,,"BadSyntax: at line 4 of <>:
Bad syntax (expected directive or statement) at ^ in:
""b'\n# Natural Language Question\n# =======================\n'^b'Retrieve drugs that target human enzymes involved in sterol '..."""
938809221,sebastians1999/federated-sparql-rag-agent,a064b7529e66a7f30504ce243d96961d52603900,experiments/experiment_data/LtM backup runs/run_1/ev_2025-05-06_22-14-46/53_comparison.ttl,parse_error,,"BadSyntax: at line 4 of <>:
Bad syntax (expected directive or statement) at ^ in:
""b'\n# Natural Language Question\n# =======================\n'^b'Find mouse homologs in OMABrowser of human enzymes that cata'..."""
938809221,sebastians1999/federated-sparql-rag-agent,a064b7529e66a7f30504ce243d96961d52603900,experiments/experiment_data/LtM backup runs/run_1/ev_2025-05-06_22-14-46/54_comparison.ttl,parse_error,,"BadSyntax: at line 4 of <>:
Bad syntax (expected directive or statement) at ^ in:
""b'\n# Natural Language Question\n# =======================\n'^b'Proteins with binding sites for ligands similar to heme\n\n# T'..."""
938809221,sebastians1999/federated-sparql-rag-agent,a064b7529e66a7f30504ce243d96961d52603900,experiments/experiment_data/LtM backup runs/run_1/ev_2025-05-06_22-14-46/5_comparison.ttl,parse_error,,"BadSyntax: at line 4 of <>:
Bad syntax (expected directive or statement) at ^ in:
""b'\n# Natural Language Question\n# =======================\n'^b'For a given lipid (SWISSLIPID:000399814, Ceramide), return a'..."""
938809221,sebastians1999/federated-sparql-rag-agent,a064b7529e66a7f30504ce243d96961d52603900,experiments/experiment_data/LtM backup runs/run_1/ev_2025-05-06_22-14-46/60_comparison.ttl,parse_error,,"BadSyntax: at line 4 of <>:
Bad syntax (expected directive or statement) at ^ in:
""b'\n# Natural Language Question\n# =======================\n'^b'Find human proteins that catalyze reactions where substrates'..."""
938809221,sebastians1999/federated-sparql-rag-agent,a064b7529e66a7f30504ce243d96961d52603900,experiments/experiment_data/LtM backup runs/run_1/ev_2025-05-06_22-14-46/67_draft_human_metabolome_comparison.ttl,parse_error,,"BadSyntax: at line 4 of <>:
Bad syntax (expected directive or statement) at ^ in:
""b'\n# Natural Language Question\n# =======================\n'^b'Generate a draft human metabolome\n\n# Target Endpoint\n# ====='..."""
938809221,sebastians1999/federated-sparql-rag-agent,a064b7529e66a7f30504ce243d96961d52603900,experiments/experiment_data/LtM backup runs/run_1/ev_2025-05-06_22-14-46/6_comparison.ttl,parse_error,,"BadSyntax: at line 4 of <>:
Bad syntax (expected directive or statement) at ^ in:
""b'\n# Natural Language Question\n# =======================\n'^b'For a given lipid (SWISSLIPID:000399814, Ceramide), return a'..."""
938809221,sebastians1999/federated-sparql-rag-agent,a064b7529e66a7f30504ce243d96961d52603900,experiments/experiment_data/LtM backup runs/run_1/ev_2025-05-06_22-14-46/70_enzymes_interacting_with_molecules_similar_to_dopamine_comparison.ttl,parse_error,,"BadSyntax: at line 4 of <>:
Bad syntax (expected directive or statement) at ^ in:
""b'\n# Natural Language Question\n# =======================\n'^b'Look for enzymes catalyzing reactions with molecules similar'..."""
938809221,sebastians1999/federated-sparql-rag-agent,a064b7529e66a7f30504ce243d96961d52603900,experiments/experiment_data/LtM backup runs/run_1/ev_2025-05-06_22-14-46/94_Select_all_approved_reactions_with_CHEBI_or_one_of_its_descendant_optional_UniProtKB_reviewed_EC_comparison.ttl,parse_error,,"BadSyntax: at line 4 of <>:
Bad syntax (expected directive or statement) at ^ in:
""b'\n# Natural Language Question\n# =======================\n'^b'Select all approved reactions with CHEBI:17815 (a 1,2-diacyl'..."""
938809221,sebastians1999/federated-sparql-rag-agent,a064b7529e66a7f30504ce243d96961d52603900,experiments/experiment_data/LtM backup runs/run_2/ev_2025-05-07_00-25-38/109_Distribution_of_reactions_according_to_the_first_level_of_enzyme_classification_comparison.ttl,parse_error,,"BadSyntax: at line 4 of <>:
Bad syntax (expected directive or statement) at ^ in:
""b'\n# Natural Language Question\n# =======================\n'^b'Distribution of reactions according to the first level of en'..."""
938809221,sebastians1999/federated-sparql-rag-agent,a064b7529e66a7f30504ce243d96961d52603900,experiments/experiment_data/LtM backup runs/run_2/ev_2025-05-07_00-25-38/112_Total_number_of_reaction_ec_protein_links_comparison.ttl,parse_error,,"BadSyntax: at line 4 of <>:
Bad syntax (expected directive or statement) at ^ in:
""b'\n# Natural Language Question\n# =======================\n'^b'Total number of <reaction> <ec> <protein> links\n\n# Target En'..."""
938809221,sebastians1999/federated-sparql-rag-agent,a064b7529e66a7f30504ce243d96961d52603900,experiments/experiment_data/LtM backup runs/run_2/ev_2025-05-07_00-25-38/115_Retrieve_the_set_of_metabolites_involved_in_reactions_catalyzed_by_human_genes_HUMAN_reference_proteome_comparison.ttl,parse_error,,"BadSyntax: at line 4 of <>:
Bad syntax (expected directive or statement) at ^ in:
""b'\n# Natural Language Question\n# =======================\n'^b'Retrieve the set of metabolites involved in reactions cataly'..."""
938809221,sebastians1999/federated-sparql-rag-agent,a064b7529e66a7f30504ce243d96961d52603900,experiments/experiment_data/LtM backup runs/run_2/ev_2025-05-07_00-25-38/116_biosodafrontend_rabit_mouse_orthologs_comparison.ttl,parse_error,,"BadSyntax: at line 4 of <>:
Bad syntax (expected directive or statement) at ^ in:
""b'\n# Natural Language Question\n# =======================\n'^b""Rabbit's proteins encoded by genes that are orthologous to M""..."""
938809221,sebastians1999/federated-sparql-rag-agent,a064b7529e66a7f30504ce243d96961d52603900,experiments/experiment_data/LtM backup runs/run_2/ev_2025-05-07_00-25-38/117_Retrieve_parent_reactions_and_their_catalyzing_enzymes_for_a_metabolite_that_is_not_directly_involved_in_a_reaction_comparison.ttl,parse_error,,"BadSyntax: at line 4 of <>:
Bad syntax (expected directive or statement) at ^ in:
""b'\n# Natural Language Question\n# =======================\n'^b'Retrieve parent reactions (and their catalyzing enzymes) for'..."""
938809221,sebastians1999/federated-sparql-rag-agent,a064b7529e66a7f30504ce243d96961d52603900,experiments/experiment_data/LtM backup runs/run_2/ev_2025-05-07_00-25-38/117_biosodafrontend_glioblastoma_orthologs_rat_comparison.ttl,parse_error,,"BadSyntax: at line 4 of <>:
Bad syntax (expected directive or statement) at ^ in:
""b'\n# Natural Language Question\n# =======================\n'^b'Which are the proteins associated with glioblastoma and the '..."""
938809221,sebastians1999/federated-sparql-rag-agent,a064b7529e66a7f30504ce243d96961d52603900,experiments/experiment_data/LtM backup runs/run_2/ev_2025-05-07_00-25-38/118_biosodafrontend_rat_brain_human_cancer_comparison.ttl,parse_error,,"BadSyntax: at line 4 of <>:
Bad syntax (expected directive or statement) at ^ in:
""b'\n# Natural Language Question\n# =======================\n'^b'What are the Homo sapiens genes associated with cancer and t'..."""
938809221,sebastians1999/federated-sparql-rag-agent,a064b7529e66a7f30504ce243d96961d52603900,experiments/experiment_data/LtM backup runs/run_2/ev_2025-05-07_00-25-38/11_comparison.ttl,parse_error,,"BadSyntax: at line 4 of <>:
Bad syntax (expected directive or statement) at ^ in:
""b'\n# Natural Language Question\n# =======================\n'^b'Distribution of reactions according to the first class of th'..."""
938809221,sebastians1999/federated-sparql-rag-agent,a064b7529e66a7f30504ce243d96961d52603900,experiments/experiment_data/LtM backup runs/run_2/ev_2025-05-07_00-25-38/12_comparison.ttl,parse_error,,"BadSyntax: at line 4 of <>:
Bad syntax (expected directive or statement) at ^ in:
""b'\n# Natural Language Question\n# =======================\n'^b'Select all Rhea reactions linked to protein sequences (enzym'..."""
938809221,sebastians1999/federated-sparql-rag-agent,a064b7529e66a7f30504ce243d96961d52603900,experiments/experiment_data/LtM backup runs/run_2/ev_2025-05-07_00-25-38/16_comparison.ttl,parse_error,,"BadSyntax: at line 4 of <>:
Bad syntax (expected directive or statement) at ^ in:
""b'\n# Natural Language Question\n# =======================\n'^b'For a given lipid (SWISSLIPID:000399814, Ceramide), return a'..."""
938809221,sebastians1999/federated-sparql-rag-agent,a064b7529e66a7f30504ce243d96961d52603900,experiments/experiment_data/LtM backup runs/run_2/ev_2025-05-07_00-25-38/18_comparison.ttl,parse_error,,"BadSyntax: at line 4 of <>:
Bad syntax (expected directive or statement) at ^ in:
""b'\n# Natural Language Question\n# =======================\n'^b'Use <a href=""https://idsm.elixir-czech.cz/sparql"">IDSM Sache'..."""
938809221,sebastians1999/federated-sparql-rag-agent,a064b7529e66a7f30504ce243d96961d52603900,experiments/experiment_data/LtM backup runs/run_2/ev_2025-05-07_00-25-38/19_draft_human_metabolome_comparison.ttl,parse_error,,"BadSyntax: at line 4 of <>:
Bad syntax (expected directive or statement) at ^ in:
""b'\n# Natural Language Question\n# =======================\n'^b'Generate a draft human metabolome\n\n# Target Endpoint\n# ====='..."""
938809221,sebastians1999/federated-sparql-rag-agent,a064b7529e66a7f30504ce243d96961d52603900,experiments/experiment_data/LtM backup runs/run_2/ev_2025-05-07_00-25-38/20_search_chemical_names_in_japanese_comparison.ttl,parse_error,,"BadSyntax: at line 4 of <>:
Bad syntax (expected directive or statement) at ^ in:
""b'\n# Natural Language Question\n# =======================\n'^b'Search for Chemical names starting in Japanese, translated t'..."""
938809221,sebastians1999/federated-sparql-rag-agent,a064b7529e66a7f30504ce243d96961d52603900,experiments/experiment_data/LtM backup runs/run_2/ev_2025-05-07_00-25-38/29_comparison.ttl,parse_error,,"BadSyntax: at line 4 of <>:
Bad syntax (expected directive or statement) at ^ in:
""b'\n# Natural Language Question\n# =======================\n'^b'Use <a href=""http://allie.dbcls.jp/"">ALLIE</a> a service for'..."""
938809221,sebastians1999/federated-sparql-rag-agent,a064b7529e66a7f30504ce243d96961d52603900,experiments/experiment_data/LtM backup runs/run_2/ev_2025-05-07_00-25-38/34_comparison.ttl,parse_error,,"BadSyntax: at line 4 of <>:
Bad syntax (expected directive or statement) at ^ in:
""b'\n# Natural Language Question\n# =======================\n'^b'Lipids affected by human enzymes\n\n# Target Endpoint\n# ======'..."""
938809221,sebastians1999/federated-sparql-rag-agent,a064b7529e66a7f30504ce243d96961d52603900,experiments/experiment_data/LtM backup runs/run_2/ev_2025-05-07_00-25-38/36_comparison.ttl,parse_error,,"BadSyntax: at line 4 of <>:
Bad syntax (expected directive or statement) at ^ in:
""b'\n# Natural Language Question\n# =======================\n'^b'Find the orthologous proteins for UniProtKB entry P05067 usi'..."""
938809221,sebastians1999/federated-sparql-rag-agent,a064b7529e66a7f30504ce243d96961d52603900,experiments/experiment_data/LtM backup runs/run_2/ev_2025-05-07_00-25-38/38_comparison.ttl,parse_error,,"BadSyntax: at line 4 of <>:
Bad syntax (expected directive or statement) at ^ in:
""b'\n# Natural Language Question\n# =======================\n'^b'For the human entry P05067 (Amyloid-beta precursor protein) '..."""
938809221,sebastians1999/federated-sparql-rag-agent,a064b7529e66a7f30504ce243d96961d52603900,experiments/experiment_data/LtM backup runs/run_2/ev_2025-05-07_00-25-38/40_comparison.ttl,parse_error,,"BadSyntax: at line 4 of <>:
Bad syntax (expected directive or statement) at ^ in:
""b'\n# Natural Language Question\n# =======================\n'^b'Retrieve human enzymes that metabolize sphingolipids and are'..."""
938809221,sebastians1999/federated-sparql-rag-agent,a064b7529e66a7f30504ce243d96961d52603900,experiments/experiment_data/LtM backup runs/run_2/ev_2025-05-07_00-25-38/42_comparison.ttl,parse_error,,"BadSyntax: at line 4 of <>:
Bad syntax (expected directive or statement) at ^ in:
""b'\n# Natural Language Question\n# =======================\n'^b'Connect patents cited in UniProtKB with those in the patent '..."""
938809221,sebastians1999/federated-sparql-rag-agent,a064b7529e66a7f30504ce243d96961d52603900,experiments/experiment_data/LtM backup runs/run_2/ev_2025-05-07_00-25-38/43_comparison.ttl,parse_error,,"BadSyntax: at line 4 of <>:
Bad syntax (expected directive or statement) at ^ in:
""b'\n# Natural Language Question\n# =======================\n'^b'Connect patents cited in UniProtKB with those in the patent '..."""
938809221,sebastians1999/federated-sparql-rag-agent,a064b7529e66a7f30504ce243d96961d52603900,experiments/experiment_data/LtM backup runs/run_2/ev_2025-05-07_00-25-38/45_comparison.ttl,parse_error,,"BadSyntax: at line 4 of <>:
Bad syntax (expected directive or statement) at ^ in:
""b'\n# Natural Language Question\n# =======================\n'^b'Retrieve drugs that target human enzymes involved in sterol '..."""
938809221,sebastians1999/federated-sparql-rag-agent,a064b7529e66a7f30504ce243d96961d52603900,experiments/experiment_data/LtM backup runs/run_2/ev_2025-05-07_00-25-38/49_comparison.ttl,parse_error,,"BadSyntax: at line 4 of <>:
Bad syntax (expected directive or statement) at ^ in:
""b'\n# Natural Language Question\n# =======================\n'^b'Retrieve the UniProtKB proteins, their catalyzed Rhea reacti'..."""
938809221,sebastians1999/federated-sparql-rag-agent,a064b7529e66a7f30504ce243d96961d52603900,experiments/experiment_data/LtM backup runs/run_2/ev_2025-05-07_00-25-38/51_comparison.ttl,parse_error,,"BadSyntax: at line 4 of <>:
Bad syntax (expected directive or statement) at ^ in:
""b'\n# Natural Language Question\n# =======================\n'^b'Find all proteins linked to arachidonate (CHEBI:32395)\n\n# Ta'..."""
938809221,sebastians1999/federated-sparql-rag-agent,a064b7529e66a7f30504ce243d96961d52603900,experiments/experiment_data/LtM backup runs/run_2/ev_2025-05-07_00-25-38/52_comparison.ttl,parse_error,,"BadSyntax: at line 4 of <>:
Bad syntax (expected directive or statement) at ^ in:
""b'\n# Natural Language Question\n# =======================\n'^b'Retrieve drugs that target human enzymes involved in sterol '..."""
938809221,sebastians1999/federated-sparql-rag-agent,a064b7529e66a7f30504ce243d96961d52603900,experiments/experiment_data/LtM backup runs/run_2/ev_2025-05-07_00-25-38/53_comparison.ttl,parse_error,,"BadSyntax: at line 4 of <>:
Bad syntax (expected directive or statement) at ^ in:
""b'\n# Natural Language Question\n# =======================\n'^b'Find mouse homologs in OMABrowser of human enzymes that cata'..."""
938809221,sebastians1999/federated-sparql-rag-agent,a064b7529e66a7f30504ce243d96961d52603900,experiments/experiment_data/LtM backup runs/run_2/ev_2025-05-07_00-25-38/54_comparison.ttl,parse_error,,"BadSyntax: at line 4 of <>:
Bad syntax (expected directive or statement) at ^ in:
""b'\n# Natural Language Question\n# =======================\n'^b'Proteins with binding sites for ligands similar to heme\n\n# T'..."""
938809221,sebastians1999/federated-sparql-rag-agent,a064b7529e66a7f30504ce243d96961d52603900,experiments/experiment_data/LtM backup runs/run_2/ev_2025-05-07_00-25-38/5_comparison.ttl,parse_error,,"BadSyntax: at line 4 of <>:
Bad syntax (expected directive or statement) at ^ in:
""b'\n# Natural Language Question\n# =======================\n'^b'For a given lipid (SWISSLIPID:000399814, Ceramide), return a'..."""
938809221,sebastians1999/federated-sparql-rag-agent,a064b7529e66a7f30504ce243d96961d52603900,experiments/experiment_data/LtM backup runs/run_2/ev_2025-05-07_00-25-38/60_comparison.ttl,parse_error,,"BadSyntax: at line 4 of <>:
Bad syntax (expected directive or statement) at ^ in:
""b'\n# Natural Language Question\n# =======================\n'^b'Find human proteins that catalyze reactions where substrates'..."""
938809221,sebastians1999/federated-sparql-rag-agent,a064b7529e66a7f30504ce243d96961d52603900,experiments/experiment_data/LtM backup runs/run_2/ev_2025-05-07_00-25-38/67_draft_human_metabolome_comparison.ttl,parse_error,,"BadSyntax: at line 4 of <>:
Bad syntax (expected directive or statement) at ^ in:
""b'\n# Natural Language Question\n# =======================\n'^b'Generate a draft human metabolome\n\n# Target Endpoint\n# ====='..."""
938809221,sebastians1999/federated-sparql-rag-agent,a064b7529e66a7f30504ce243d96961d52603900,experiments/experiment_data/LtM backup runs/run_2/ev_2025-05-07_00-25-38/6_comparison.ttl,parse_error,,"BadSyntax: at line 4 of <>:
Bad syntax (expected directive or statement) at ^ in:
""b'\n# Natural Language Question\n# =======================\n'^b'For a given lipid (SWISSLIPID:000399814, Ceramide), return a'..."""
938809221,sebastians1999/federated-sparql-rag-agent,a064b7529e66a7f30504ce243d96961d52603900,experiments/experiment_data/LtM backup runs/run_2/ev_2025-05-07_00-25-38/70_enzymes_interacting_with_molecules_similar_to_dopamine_comparison.ttl,parse_error,,"BadSyntax: at line 4 of <>:
Bad syntax (expected directive or statement) at ^ in:
""b'\n# Natural Language Question\n# =======================\n'^b'Look for enzymes catalyzing reactions with molecules similar'..."""
938809221,sebastians1999/federated-sparql-rag-agent,a064b7529e66a7f30504ce243d96961d52603900,experiments/experiment_data/LtM backup runs/run_2/ev_2025-05-07_00-25-38/94_Select_all_approved_reactions_with_CHEBI_or_one_of_its_descendant_optional_UniProtKB_reviewed_EC_comparison.ttl,parse_error,,"BadSyntax: at line 4 of <>:
Bad syntax (expected directive or statement) at ^ in:
""b'\n# Natural Language Question\n# =======================\n'^b'Select all approved reactions with CHEBI:17815 (a 1,2-diacyl'..."""
938809221,sebastians1999/federated-sparql-rag-agent,a064b7529e66a7f30504ce243d96961d52603900,experiments/experiment_data/LtM backup runs/run_3/ev_2025-05-07_02-45-49/109_Distribution_of_reactions_according_to_the_first_level_of_enzyme_classification_comparison.ttl,parse_error,,"BadSyntax: at line 4 of <>:
Bad syntax (expected directive or statement) at ^ in:
""b'\n# Natural Language Question\n# =======================\n'^b'Distribution of reactions according to the first level of en'..."""
938809221,sebastians1999/federated-sparql-rag-agent,a064b7529e66a7f30504ce243d96961d52603900,experiments/experiment_data/LtM backup runs/run_3/ev_2025-05-07_02-45-49/112_Total_number_of_reaction_ec_protein_links_comparison.ttl,parse_error,,"BadSyntax: at line 4 of <>:
Bad syntax (expected directive or statement) at ^ in:
""b'\n# Natural Language Question\n# =======================\n'^b'Total number of <reaction> <ec> <protein> links\n\n# Target En'..."""
938809221,sebastians1999/federated-sparql-rag-agent,a064b7529e66a7f30504ce243d96961d52603900,experiments/experiment_data/LtM backup runs/run_3/ev_2025-05-07_02-45-49/115_Retrieve_the_set_of_metabolites_involved_in_reactions_catalyzed_by_human_genes_HUMAN_reference_proteome_comparison.ttl,parse_error,,"BadSyntax: at line 4 of <>:
Bad syntax (expected directive or statement) at ^ in:
""b'\n# Natural Language Question\n# =======================\n'^b'Retrieve the set of metabolites involved in reactions cataly'..."""
938809221,sebastians1999/federated-sparql-rag-agent,a064b7529e66a7f30504ce243d96961d52603900,experiments/experiment_data/LtM backup runs/run_3/ev_2025-05-07_02-45-49/116_biosodafrontend_rabit_mouse_orthologs_comparison.ttl,parse_error,,"BadSyntax: at line 4 of <>:
Bad syntax (expected directive or statement) at ^ in:
""b'\n# Natural Language Question\n# =======================\n'^b""Rabbit's proteins encoded by genes that are orthologous to M""..."""
938809221,sebastians1999/federated-sparql-rag-agent,a064b7529e66a7f30504ce243d96961d52603900,experiments/experiment_data/LtM backup runs/run_3/ev_2025-05-07_02-45-49/117_Retrieve_parent_reactions_and_their_catalyzing_enzymes_for_a_metabolite_that_is_not_directly_involved_in_a_reaction_comparison.ttl,parse_error,,"BadSyntax: at line 4 of <>:
Bad syntax (expected directive or statement) at ^ in:
""b'\n# Natural Language Question\n# =======================\n'^b'Retrieve parent reactions (and their catalyzing enzymes) for'..."""
938809221,sebastians1999/federated-sparql-rag-agent,a064b7529e66a7f30504ce243d96961d52603900,experiments/experiment_data/LtM backup runs/run_3/ev_2025-05-07_02-45-49/117_biosodafrontend_glioblastoma_orthologs_rat_comparison.ttl,parse_error,,"BadSyntax: at line 4 of <>:
Bad syntax (expected directive or statement) at ^ in:
""b'\n# Natural Language Question\n# =======================\n'^b'Which are the proteins associated with glioblastoma and the '..."""
938809221,sebastians1999/federated-sparql-rag-agent,a064b7529e66a7f30504ce243d96961d52603900,experiments/experiment_data/LtM backup runs/run_3/ev_2025-05-07_02-45-49/118_biosodafrontend_rat_brain_human_cancer_comparison.ttl,parse_error,,"BadSyntax: at line 4 of <>:
Bad syntax (expected directive or statement) at ^ in:
""b'\n# Natural Language Question\n# =======================\n'^b'What are the Homo sapiens genes associated with cancer and t'..."""
938809221,sebastians1999/federated-sparql-rag-agent,a064b7529e66a7f30504ce243d96961d52603900,experiments/experiment_data/LtM backup runs/run_3/ev_2025-05-07_02-45-49/11_comparison.ttl,parse_error,,"BadSyntax: at line 4 of <>:
Bad syntax (expected directive or statement) at ^ in:
""b'\n# Natural Language Question\n# =======================\n'^b'Distribution of reactions according to the first class of th'..."""
938809221,sebastians1999/federated-sparql-rag-agent,a064b7529e66a7f30504ce243d96961d52603900,experiments/experiment_data/LtM backup runs/run_3/ev_2025-05-07_02-45-49/12_comparison.ttl,parse_error,,"BadSyntax: at line 4 of <>:
Bad syntax (expected directive or statement) at ^ in:
""b'\n# Natural Language Question\n# =======================\n'^b'Select all Rhea reactions linked to protein sequences (enzym'..."""
938809221,sebastians1999/federated-sparql-rag-agent,a064b7529e66a7f30504ce243d96961d52603900,experiments/experiment_data/LtM backup runs/run_3/ev_2025-05-07_02-45-49/16_comparison.ttl,parse_error,,"BadSyntax: at line 4 of <>:
Bad syntax (expected directive or statement) at ^ in:
""b'\n# Natural Language Question\n# =======================\n'^b'For a given lipid (SWISSLIPID:000399814, Ceramide), return a'..."""
938809221,sebastians1999/federated-sparql-rag-agent,a064b7529e66a7f30504ce243d96961d52603900,experiments/experiment_data/LtM backup runs/run_3/ev_2025-05-07_02-45-49/18_comparison.ttl,parse_error,,"BadSyntax: at line 4 of <>:
Bad syntax (expected directive or statement) at ^ in:
""b'\n# Natural Language Question\n# =======================\n'^b'Use <a href=""https://idsm.elixir-czech.cz/sparql"">IDSM Sache'..."""
938809221,sebastians1999/federated-sparql-rag-agent,a064b7529e66a7f30504ce243d96961d52603900,experiments/experiment_data/LtM backup runs/run_3/ev_2025-05-07_02-45-49/19_draft_human_metabolome_comparison.ttl,parse_error,,"BadSyntax: at line 4 of <>:
Bad syntax (expected directive or statement) at ^ in:
""b'\n# Natural Language Question\n# =======================\n'^b'Generate a draft human metabolome\n\n# Target Endpoint\n# ====='..."""
938809221,sebastians1999/federated-sparql-rag-agent,a064b7529e66a7f30504ce243d96961d52603900,experiments/experiment_data/LtM backup runs/run_3/ev_2025-05-07_02-45-49/20_search_chemical_names_in_japanese_comparison.ttl,parse_error,,"BadSyntax: at line 4 of <>:
Bad syntax (expected directive or statement) at ^ in:
""b'\n# Natural Language Question\n# =======================\n'^b'Search for Chemical names starting in Japanese, translated t'..."""
938809221,sebastians1999/federated-sparql-rag-agent,a064b7529e66a7f30504ce243d96961d52603900,experiments/experiment_data/LtM backup runs/run_3/ev_2025-05-07_02-45-49/29_comparison.ttl,parse_error,,"BadSyntax: at line 4 of <>:
Bad syntax (expected directive or statement) at ^ in:
""b'\n# Natural Language Question\n# =======================\n'^b'Use <a href=""http://allie.dbcls.jp/"">ALLIE</a> a service for'..."""
938809221,sebastians1999/federated-sparql-rag-agent,a064b7529e66a7f30504ce243d96961d52603900,experiments/experiment_data/LtM backup runs/run_3/ev_2025-05-07_02-45-49/34_comparison.ttl,parse_error,,"BadSyntax: at line 4 of <>:
Bad syntax (expected directive or statement) at ^ in:
""b'\n# Natural Language Question\n# =======================\n'^b'Lipids affected by human enzymes\n\n# Target Endpoint\n# ======'..."""
938809221,sebastians1999/federated-sparql-rag-agent,a064b7529e66a7f30504ce243d96961d52603900,experiments/experiment_data/LtM backup runs/run_3/ev_2025-05-07_02-45-49/36_comparison.ttl,parse_error,,"BadSyntax: at line 4 of <>:
Bad syntax (expected directive or statement) at ^ in:
""b'\n# Natural Language Question\n# =======================\n'^b'Find the orthologous proteins for UniProtKB entry P05067 usi'..."""
938809221,sebastians1999/federated-sparql-rag-agent,a064b7529e66a7f30504ce243d96961d52603900,experiments/experiment_data/LtM backup runs/run_3/ev_2025-05-07_02-45-49/38_comparison.ttl,parse_error,,"BadSyntax: at line 4 of <>:
Bad syntax (expected directive or statement) at ^ in:
""b'\n# Natural Language Question\n# =======================\n'^b'For the human entry P05067 (Amyloid-beta precursor protein) '..."""
938809221,sebastians1999/federated-sparql-rag-agent,a064b7529e66a7f30504ce243d96961d52603900,experiments/experiment_data/LtM backup runs/run_3/ev_2025-05-07_02-45-49/40_comparison.ttl,parse_error,,"BadSyntax: at line 4 of <>:
Bad syntax (expected directive or statement) at ^ in:
""b'\n# Natural Language Question\n# =======================\n'^b'Retrieve human enzymes that metabolize sphingolipids and are'..."""
938809221,sebastians1999/federated-sparql-rag-agent,a064b7529e66a7f30504ce243d96961d52603900,experiments/experiment_data/LtM backup runs/run_3/ev_2025-05-07_02-45-49/42_comparison.ttl,parse_error,,"BadSyntax: at line 4 of <>:
Bad syntax (expected directive or statement) at ^ in:
""b'\n# Natural Language Question\n# =======================\n'^b'Connect patents cited in UniProtKB with those in the patent '..."""
938809221,sebastians1999/federated-sparql-rag-agent,a064b7529e66a7f30504ce243d96961d52603900,experiments/experiment_data/LtM backup runs/run_3/ev_2025-05-07_02-45-49/43_comparison.ttl,parse_error,,"BadSyntax: at line 4 of <>:
Bad syntax (expected directive or statement) at ^ in:
""b'\n# Natural Language Question\n# =======================\n'^b'Connect patents cited in UniProtKB with those in the patent '..."""
938809221,sebastians1999/federated-sparql-rag-agent,a064b7529e66a7f30504ce243d96961d52603900,experiments/experiment_data/LtM backup runs/run_3/ev_2025-05-07_02-45-49/45_comparison.ttl,parse_error,,"BadSyntax: at line 4 of <>:
Bad syntax (expected directive or statement) at ^ in:
""b'\n# Natural Language Question\n# =======================\n'^b'Retrieve drugs that target human enzymes involved in sterol '..."""
938809221,sebastians1999/federated-sparql-rag-agent,a064b7529e66a7f30504ce243d96961d52603900,experiments/experiment_data/LtM backup runs/run_3/ev_2025-05-07_02-45-49/49_comparison.ttl,parse_error,,"BadSyntax: at line 4 of <>:
Bad syntax (expected directive or statement) at ^ in:
""b'\n# Natural Language Question\n# =======================\n'^b'Retrieve the UniProtKB proteins, their catalyzed Rhea reacti'..."""
938809221,sebastians1999/federated-sparql-rag-agent,a064b7529e66a7f30504ce243d96961d52603900,experiments/experiment_data/LtM backup runs/run_3/ev_2025-05-07_02-45-49/51_comparison.ttl,parse_error,,"BadSyntax: at line 4 of <>:
Bad syntax (expected directive or statement) at ^ in:
""b'\n# Natural Language Question\n# =======================\n'^b'Find all proteins linked to arachidonate (CHEBI:32395)\n\n# Ta'..."""
938809221,sebastians1999/federated-sparql-rag-agent,a064b7529e66a7f30504ce243d96961d52603900,experiments/experiment_data/LtM backup runs/run_3/ev_2025-05-07_02-45-49/52_comparison.ttl,parse_error,,"BadSyntax: at line 4 of <>:
Bad syntax (expected directive or statement) at ^ in:
""b'\n# Natural Language Question\n# =======================\n'^b'Retrieve drugs that target human enzymes involved in sterol '..."""
938809221,sebastians1999/federated-sparql-rag-agent,a064b7529e66a7f30504ce243d96961d52603900,experiments/experiment_data/LtM backup runs/run_3/ev_2025-05-07_02-45-49/53_comparison.ttl,parse_error,,"BadSyntax: at line 4 of <>:
Bad syntax (expected directive or statement) at ^ in:
""b'\n# Natural Language Question\n# =======================\n'^b'Find mouse homologs in OMABrowser of human enzymes that cata'..."""
938809221,sebastians1999/federated-sparql-rag-agent,a064b7529e66a7f30504ce243d96961d52603900,experiments/experiment_data/LtM backup runs/run_3/ev_2025-05-07_02-45-49/54_comparison.ttl,parse_error,,"BadSyntax: at line 4 of <>:
Bad syntax (expected directive or statement) at ^ in:
""b'\n# Natural Language Question\n# =======================\n'^b'Proteins with binding sites for ligands similar to heme\n\n# T'..."""
938809221,sebastians1999/federated-sparql-rag-agent,a064b7529e66a7f30504ce243d96961d52603900,experiments/experiment_data/LtM backup runs/run_3/ev_2025-05-07_02-45-49/5_comparison.ttl,parse_error,,"BadSyntax: at line 4 of <>:
Bad syntax (expected directive or statement) at ^ in:
""b'\n# Natural Language Question\n# =======================\n'^b'For a given lipid (SWISSLIPID:000399814, Ceramide), return a'..."""
938809221,sebastians1999/federated-sparql-rag-agent,a064b7529e66a7f30504ce243d96961d52603900,experiments/experiment_data/LtM backup runs/run_3/ev_2025-05-07_02-45-49/60_comparison.ttl,parse_error,,"BadSyntax: at line 4 of <>:
Bad syntax (expected directive or statement) at ^ in:
""b'\n# Natural Language Question\n# =======================\n'^b'Find human proteins that catalyze reactions where substrates'..."""
938809221,sebastians1999/federated-sparql-rag-agent,a064b7529e66a7f30504ce243d96961d52603900,experiments/experiment_data/LtM backup runs/run_3/ev_2025-05-07_02-45-49/67_draft_human_metabolome_comparison.ttl,parse_error,,"BadSyntax: at line 4 of <>:
Bad syntax (expected directive or statement) at ^ in:
""b'\n# Natural Language Question\n# =======================\n'^b'Generate a draft human metabolome\n\n# Target Endpoint\n# ====='..."""
938809221,sebastians1999/federated-sparql-rag-agent,a064b7529e66a7f30504ce243d96961d52603900,experiments/experiment_data/LtM backup runs/run_3/ev_2025-05-07_02-45-49/6_comparison.ttl,parse_error,,"BadSyntax: at line 4 of <>:
Bad syntax (expected directive or statement) at ^ in:
""b'\n# Natural Language Question\n# =======================\n'^b'For a given lipid (SWISSLIPID:000399814, Ceramide), return a'..."""
938809221,sebastians1999/federated-sparql-rag-agent,a064b7529e66a7f30504ce243d96961d52603900,experiments/experiment_data/LtM backup runs/run_3/ev_2025-05-07_02-45-49/70_enzymes_interacting_with_molecules_similar_to_dopamine_comparison.ttl,parse_error,,"BadSyntax: at line 4 of <>:
Bad syntax (expected directive or statement) at ^ in:
""b'\n# Natural Language Question\n# =======================\n'^b'Look for enzymes catalyzing reactions with molecules similar'..."""
938809221,sebastians1999/federated-sparql-rag-agent,a064b7529e66a7f30504ce243d96961d52603900,experiments/experiment_data/LtM backup runs/run_3/ev_2025-05-07_02-45-49/94_Select_all_approved_reactions_with_CHEBI_or_one_of_its_descendant_optional_UniProtKB_reviewed_EC_comparison.ttl,parse_error,,"BadSyntax: at line 4 of <>:
Bad syntax (expected directive or statement) at ^ in:
""b'\n# Natural Language Question\n# =======================\n'^b'Select all approved reactions with CHEBI:17815 (a 1,2-diacyl'..."""
938809221,sebastians1999/federated-sparql-rag-agent,a064b7529e66a7f30504ce243d96961d52603900,experiments/experiment_data/ev_2025-04-21_18-31-20/109_Distribution_of_reactions_according_to_the_first_level_of_enzyme_classification_comparison.ttl,parse_error,,"BadSyntax: at line 4 of <>:
Bad syntax (expected directive or statement) at ^ in:
""b'\n# Natural Language Question\n# =======================\n'^b'Distribution of reactions according to the first level of en'..."""
938809221,sebastians1999/federated-sparql-rag-agent,a064b7529e66a7f30504ce243d96961d52603900,experiments/experiment_data/ev_2025-04-21_18-31-20/112_Total_number_of_reaction_ec_protein_links_comparison.ttl,parse_error,,"BadSyntax: at line 4 of <>:
Bad syntax (expected directive or statement) at ^ in:
""b'\n# Natural Language Question\n# =======================\n'^b'Total number of <reaction> <ec> <protein> links\n\n# Target En'..."""
938809221,sebastians1999/federated-sparql-rag-agent,a064b7529e66a7f30504ce243d96961d52603900,experiments/experiment_data/ev_2025-04-21_18-31-20/115_Retrieve_the_set_of_metabolites_involved_in_reactions_catalyzed_by_human_genes_HUMAN_reference_proteome_comparison.ttl,parse_error,,"BadSyntax: at line 4 of <>:
Bad syntax (expected directive or statement) at ^ in:
""b'\n# Natural Language Question\n# =======================\n'^b'Retrieve the set of metabolites involved in reactions cataly'..."""
938809221,sebastians1999/federated-sparql-rag-agent,a064b7529e66a7f30504ce243d96961d52603900,experiments/experiment_data/ev_2025-04-21_18-31-20/116_biosodafrontend_rabit_mouse_orthologs_comparison.ttl,parse_error,,"BadSyntax: at line 4 of <>:
Bad syntax (expected directive or statement) at ^ in:
""b'\n# Natural Language Question\n# =======================\n'^b""Rabbit's proteins encoded by genes that are orthologous to M""..."""
938809221,sebastians1999/federated-sparql-rag-agent,a064b7529e66a7f30504ce243d96961d52603900,experiments/experiment_data/ev_2025-04-21_18-31-20/117_Retrieve_parent_reactions_and_their_catalyzing_enzymes_for_a_metabolite_that_is_not_directly_involved_in_a_reaction_comparison.ttl,parse_error,,"BadSyntax: at line 4 of <>:
Bad syntax (expected directive or statement) at ^ in:
""b'\n# Natural Language Question\n# =======================\n'^b'Retrieve parent reactions (and their catalyzing enzymes) for'..."""
938809221,sebastians1999/federated-sparql-rag-agent,a064b7529e66a7f30504ce243d96961d52603900,experiments/experiment_data/ev_2025-04-21_18-31-20/117_biosodafrontend_glioblastoma_orthologs_rat_comparison.ttl,parse_error,,"BadSyntax: at line 4 of <>:
Bad syntax (expected directive or statement) at ^ in:
""b'\n# Natural Language Question\n# =======================\n'^b'Which are the proteins associated with glioblastoma and the '..."""
938809221,sebastians1999/federated-sparql-rag-agent,a064b7529e66a7f30504ce243d96961d52603900,experiments/experiment_data/ev_2025-04-21_18-31-20/118_biosodafrontend_rat_brain_human_cancer_comparison.ttl,parse_error,,"BadSyntax: at line 4 of <>:
Bad syntax (expected directive or statement) at ^ in:
""b'\n# Natural Language Question\n# =======================\n'^b'What are the Homo sapiens genes associated with cancer and t'..."""
938809221,sebastians1999/federated-sparql-rag-agent,a064b7529e66a7f30504ce243d96961d52603900,experiments/experiment_data/ev_2025-04-21_18-31-20/11_comparison.ttl,parse_error,,"BadSyntax: at line 4 of <>:
Bad syntax (expected directive or statement) at ^ in:
""b'\n# Natural Language Question\n# =======================\n'^b'Distribution of reactions according to the first class of th'..."""
938809221,sebastians1999/federated-sparql-rag-agent,a064b7529e66a7f30504ce243d96961d52603900,experiments/experiment_data/ev_2025-04-21_18-31-20/12_comparison.ttl,parse_error,,"BadSyntax: at line 4 of <>:
Bad syntax (expected directive or statement) at ^ in:
""b'\n# Natural Language Question\n# =======================\n'^b'Select all Rhea reactions linked to protein sequences (enzym'..."""
938809221,sebastians1999/federated-sparql-rag-agent,a064b7529e66a7f30504ce243d96961d52603900,experiments/experiment_data/ev_2025-04-21_18-31-20/16_comparison.ttl,parse_error,,"BadSyntax: at line 4 of <>:
Bad syntax (expected directive or statement) at ^ in:
""b'\n# Natural Language Question\n# =======================\n'^b'For a given lipid (SWISSLIPID:000399814, Ceramide), return a'..."""
938809221,sebastians1999/federated-sparql-rag-agent,a064b7529e66a7f30504ce243d96961d52603900,experiments/experiment_data/ev_2025-04-21_18-31-20/18_comparison.ttl,parse_error,,"BadSyntax: at line 4 of <>:
Bad syntax (expected directive or statement) at ^ in:
""b'\n# Natural Language Question\n# =======================\n'^b'Use <a href=""https://idsm.elixir-czech.cz/sparql"">IDSM Sache'..."""
938809221,sebastians1999/federated-sparql-rag-agent,a064b7529e66a7f30504ce243d96961d52603900,experiments/experiment_data/ev_2025-04-21_18-31-20/19_draft_human_metabolome_comparison.ttl,parse_error,,"BadSyntax: at line 4 of <>:
Bad syntax (expected directive or statement) at ^ in:
""b'\n# Natural Language Question\n# =======================\n'^b'Generate a draft human metabolome\n\n# Target Endpoint\n# ====='..."""
938809221,sebastians1999/federated-sparql-rag-agent,a064b7529e66a7f30504ce243d96961d52603900,experiments/experiment_data/ev_2025-04-21_18-31-20/20_search_chemical_names_in_japanese_comparison.ttl,parse_error,,"BadSyntax: at line 4 of <>:
Bad syntax (expected directive or statement) at ^ in:
""b'\n# Natural Language Question\n# =======================\n'^b'Search for Chemical names starting in Japanese, translated t'..."""
938809221,sebastians1999/federated-sparql-rag-agent,a064b7529e66a7f30504ce243d96961d52603900,experiments/experiment_data/ev_2025-04-21_18-31-20/29_comparison.ttl,parse_error,,"BadSyntax: at line 4 of <>:
Bad syntax (expected directive or statement) at ^ in:
""b'\n# Natural Language Question\n# =======================\n'^b'Use <a href=""http://allie.dbcls.jp/"">ALLIE</a> a service for'..."""
938809221,sebastians1999/federated-sparql-rag-agent,a064b7529e66a7f30504ce243d96961d52603900,experiments/experiment_data/ev_2025-04-21_18-31-20/34_comparison.ttl,parse_error,,"BadSyntax: at line 4 of <>:
Bad syntax (expected directive or statement) at ^ in:
""b'\n# Natural Language Question\n# =======================\n'^b'Lipids affected by human enzymes\n\n# Target Endpoint\n# ======'..."""
938809221,sebastians1999/federated-sparql-rag-agent,a064b7529e66a7f30504ce243d96961d52603900,experiments/experiment_data/ev_2025-04-21_18-31-20/36_comparison.ttl,parse_error,,"BadSyntax: at line 4 of <>:
Bad syntax (expected directive or statement) at ^ in:
""b'\n# Natural Language Question\n# =======================\n'^b'Find the orthologous proteins for UniProtKB entry P05067 usi'..."""
938809221,sebastians1999/federated-sparql-rag-agent,a064b7529e66a7f30504ce243d96961d52603900,experiments/experiment_data/ev_2025-04-21_18-31-20/38_comparison.ttl,parse_error,,"BadSyntax: at line 4 of <>:
Bad syntax (expected directive or statement) at ^ in:
""b'\n# Natural Language Question\n# =======================\n'^b'For the human entry P05067 (Amyloid-beta precursor protein) '..."""
938809221,sebastians1999/federated-sparql-rag-agent,a064b7529e66a7f30504ce243d96961d52603900,experiments/experiment_data/ev_2025-04-21_18-31-20/40_comparison.ttl,parse_error,,"BadSyntax: at line 4 of <>:
Bad syntax (expected directive or statement) at ^ in:
""b'\n# Natural Language Question\n# =======================\n'^b'Retrieve human enzymes that metabolize sphingolipids and are'..."""
938809221,sebastians1999/federated-sparql-rag-agent,a064b7529e66a7f30504ce243d96961d52603900,experiments/experiment_data/ev_2025-04-21_18-31-20/42_comparison.ttl,parse_error,,"BadSyntax: at line 4 of <>:
Bad syntax (expected directive or statement) at ^ in:
""b'\n# Natural Language Question\n# =======================\n'^b'Connect patents cited in UniProtKB with those in the patent '..."""
938809221,sebastians1999/federated-sparql-rag-agent,a064b7529e66a7f30504ce243d96961d52603900,experiments/experiment_data/ev_2025-04-21_18-31-20/43_comparison.ttl,parse_error,,"BadSyntax: at line 4 of <>:
Bad syntax (expected directive or statement) at ^ in:
""b'\n# Natural Language Question\n# =======================\n'^b'Connect patents cited in UniProtKB with those in the patent '..."""
938809221,sebastians1999/federated-sparql-rag-agent,a064b7529e66a7f30504ce243d96961d52603900,experiments/experiment_data/ev_2025-04-21_18-31-20/45_comparison.ttl,parse_error,,"BadSyntax: at line 4 of <>:
Bad syntax (expected directive or statement) at ^ in:
""b'\n# Natural Language Question\n# =======================\n'^b'Retrieve drugs that target human enzymes involved in sterol '..."""
938809221,sebastians1999/federated-sparql-rag-agent,a064b7529e66a7f30504ce243d96961d52603900,experiments/experiment_data/ev_2025-04-21_18-31-20/49_comparison.ttl,parse_error,,"BadSyntax: at line 4 of <>:
Bad syntax (expected directive or statement) at ^ in:
""b'\n# Natural Language Question\n# =======================\n'^b'Retrieve the UniProtKB proteins, their catalyzed Rhea reacti'..."""
938809221,sebastians1999/federated-sparql-rag-agent,a064b7529e66a7f30504ce243d96961d52603900,experiments/experiment_data/ev_2025-04-21_18-31-20/51_comparison.ttl,parse_error,,"BadSyntax: at line 4 of <>:
Bad syntax (expected directive or statement) at ^ in:
""b'\n# Natural Language Question\n# =======================\n'^b'Find all proteins linked to arachidonate (CHEBI:32395)\n\n# Ta'..."""
938809221,sebastians1999/federated-sparql-rag-agent,a064b7529e66a7f30504ce243d96961d52603900,experiments/experiment_data/ev_2025-04-21_18-31-20/52_comparison.ttl,parse_error,,"BadSyntax: at line 4 of <>:
Bad syntax (expected directive or statement) at ^ in:
""b'\n# Natural Language Question\n# =======================\n'^b'Retrieve drugs that target human enzymes involved in sterol '..."""
938809221,sebastians1999/federated-sparql-rag-agent,a064b7529e66a7f30504ce243d96961d52603900,experiments/experiment_data/ev_2025-04-21_18-31-20/53_comparison.ttl,parse_error,,"BadSyntax: at line 4 of <>:
Bad syntax (expected directive or statement) at ^ in:
""b'\n# Natural Language Question\n# =======================\n'^b'Find mouse homologs in OMABrowser of human enzymes that cata'..."""
938809221,sebastians1999/federated-sparql-rag-agent,a064b7529e66a7f30504ce243d96961d52603900,experiments/experiment_data/ev_2025-04-21_18-31-20/54_comparison.ttl,parse_error,,"BadSyntax: at line 4 of <>:
Bad syntax (expected directive or statement) at ^ in:
""b'\n# Natural Language Question\n# =======================\n'^b'Proteins with binding sites for ligands similar to heme\n\n# T'..."""
938809221,sebastians1999/federated-sparql-rag-agent,a064b7529e66a7f30504ce243d96961d52603900,experiments/experiment_data/ev_2025-04-21_18-31-20/5_comparison.ttl,parse_error,,"BadSyntax: at line 4 of <>:
Bad syntax (expected directive or statement) at ^ in:
""b'\n# Natural Language Question\n# =======================\n'^b'For a given lipid (SWISSLIPID:000399814, Ceramide), return a'..."""
938809221,sebastians1999/federated-sparql-rag-agent,a064b7529e66a7f30504ce243d96961d52603900,experiments/experiment_data/ev_2025-04-21_18-31-20/60_comparison.ttl,parse_error,,"BadSyntax: at line 4 of <>:
Bad syntax (expected directive or statement) at ^ in:
""b'\n# Natural Language Question\n# =======================\n'^b'Find human proteins that catalyze reactions where substrates'..."""
938809221,sebastians1999/federated-sparql-rag-agent,a064b7529e66a7f30504ce243d96961d52603900,experiments/experiment_data/ev_2025-04-21_18-31-20/67_draft_human_metabolome_comparison.ttl,parse_error,,"BadSyntax: at line 4 of <>:
Bad syntax (expected directive or statement) at ^ in:
""b'\n# Natural Language Question\n# =======================\n'^b'Generate a draft human metabolome\n\n# Target Endpoint\n# ====='..."""
938809221,sebastians1999/federated-sparql-rag-agent,a064b7529e66a7f30504ce243d96961d52603900,experiments/experiment_data/ev_2025-04-21_18-31-20/6_comparison.ttl,parse_error,,"BadSyntax: at line 4 of <>:
Bad syntax (expected directive or statement) at ^ in:
""b'\n# Natural Language Question\n# =======================\n'^b'For a given lipid (SWISSLIPID:000399814, Ceramide), return a'..."""
938809221,sebastians1999/federated-sparql-rag-agent,a064b7529e66a7f30504ce243d96961d52603900,experiments/experiment_data/ev_2025-04-21_18-31-20/70_enzymes_interacting_with_molecules_similar_to_dopamine_comparison.ttl,parse_error,,"BadSyntax: at line 4 of <>:
Bad syntax (expected directive or statement) at ^ in:
""b'\n# Natural Language Question\n# =======================\n'^b'Look for enzymes catalyzing reactions with molecules similar'..."""
938809221,sebastians1999/federated-sparql-rag-agent,a064b7529e66a7f30504ce243d96961d52603900,experiments/experiment_data/ev_2025-04-21_18-31-20/94_Select_all_approved_reactions_with_CHEBI_or_one_of_its_descendant_optional_UniProtKB_reviewed_EC_comparison.ttl,parse_error,,"BadSyntax: at line 4 of <>:
Bad syntax (expected directive or statement) at ^ in:
""b'\n# Natural Language Question\n# =======================\n'^b'Select all approved reactions with CHEBI:17815 (a 1,2-diacyl'..."""
938809221,sebastians1999/federated-sparql-rag-agent,a064b7529e66a7f30504ce243d96961d52603900,experiments/experiment_data/ev_2025-04-22_00-01-22/109_Distribution_of_reactions_according_to_the_first_level_of_enzyme_classification_comparison.ttl,parse_error,,"BadSyntax: at line 4 of <>:
Bad syntax (expected directive or statement) at ^ in:
""b'\n# Natural Language Question\n# =======================\n'^b'Distribution of reactions according to the first level of en'..."""
938809221,sebastians1999/federated-sparql-rag-agent,a064b7529e66a7f30504ce243d96961d52603900,experiments/experiment_data/ev_2025-04-22_00-01-22/112_Total_number_of_reaction_ec_protein_links_comparison.ttl,parse_error,,"BadSyntax: at line 4 of <>:
Bad syntax (expected directive or statement) at ^ in:
""b'\n# Natural Language Question\n# =======================\n'^b'Total number of <reaction> <ec> <protein> links\n\n# Target En'..."""
938809221,sebastians1999/federated-sparql-rag-agent,a064b7529e66a7f30504ce243d96961d52603900,experiments/experiment_data/ev_2025-04-22_00-01-22/115_Retrieve_the_set_of_metabolites_involved_in_reactions_catalyzed_by_human_genes_HUMAN_reference_proteome_comparison.ttl,parse_error,,"BadSyntax: at line 4 of <>:
Bad syntax (expected directive or statement) at ^ in:
""b'\n# Natural Language Question\n# =======================\n'^b'Retrieve the set of metabolites involved in reactions cataly'..."""
938809221,sebastians1999/federated-sparql-rag-agent,a064b7529e66a7f30504ce243d96961d52603900,experiments/experiment_data/ev_2025-04-22_00-01-22/116_biosodafrontend_rabit_mouse_orthologs_comparison.ttl,parse_error,,"BadSyntax: at line 4 of <>:
Bad syntax (expected directive or statement) at ^ in:
""b'\n# Natural Language Question\n# =======================\n'^b""Rabbit's proteins encoded by genes that are orthologous to M""..."""
938809221,sebastians1999/federated-sparql-rag-agent,a064b7529e66a7f30504ce243d96961d52603900,experiments/experiment_data/ev_2025-04-22_00-01-22/117_Retrieve_parent_reactions_and_their_catalyzing_enzymes_for_a_metabolite_that_is_not_directly_involved_in_a_reaction_comparison.ttl,parse_error,,"BadSyntax: at line 4 of <>:
Bad syntax (expected directive or statement) at ^ in:
""b'\n# Natural Language Question\n# =======================\n'^b'Retrieve parent reactions (and their catalyzing enzymes) for'..."""
938809221,sebastians1999/federated-sparql-rag-agent,a064b7529e66a7f30504ce243d96961d52603900,experiments/experiment_data/ev_2025-04-22_00-01-22/117_biosodafrontend_glioblastoma_orthologs_rat_comparison.ttl,parse_error,,"BadSyntax: at line 4 of <>:
Bad syntax (expected directive or statement) at ^ in:
""b'\n# Natural Language Question\n# =======================\n'^b'Which are the proteins associated with glioblastoma and the '..."""
938809221,sebastians1999/federated-sparql-rag-agent,a064b7529e66a7f30504ce243d96961d52603900,experiments/experiment_data/ev_2025-04-22_00-01-22/118_biosodafrontend_rat_brain_human_cancer_comparison.ttl,parse_error,,"BadSyntax: at line 4 of <>:
Bad syntax (expected directive or statement) at ^ in:
""b'\n# Natural Language Question\n# =======================\n'^b'What are the Homo sapiens genes associated with cancer and t'..."""
938809221,sebastians1999/federated-sparql-rag-agent,a064b7529e66a7f30504ce243d96961d52603900,experiments/experiment_data/ev_2025-04-22_00-01-22/11_comparison.ttl,parse_error,,"BadSyntax: at line 4 of <>:
Bad syntax (expected directive or statement) at ^ in:
""b'\n# Natural Language Question\n# =======================\n'^b'Distribution of reactions according to the first class of th'..."""
938809221,sebastians1999/federated-sparql-rag-agent,a064b7529e66a7f30504ce243d96961d52603900,experiments/experiment_data/ev_2025-04-22_00-01-22/12_comparison.ttl,parse_error,,"BadSyntax: at line 4 of <>:
Bad syntax (expected directive or statement) at ^ in:
""b'\n# Natural Language Question\n# =======================\n'^b'Select all Rhea reactions linked to protein sequences (enzym'..."""
938809221,sebastians1999/federated-sparql-rag-agent,a064b7529e66a7f30504ce243d96961d52603900,experiments/experiment_data/ev_2025-04-22_00-01-22/16_comparison.ttl,parse_error,,"BadSyntax: at line 4 of <>:
Bad syntax (expected directive or statement) at ^ in:
""b'\n# Natural Language Question\n# =======================\n'^b'For a given lipid (SWISSLIPID:000399814, Ceramide), return a'..."""
938809221,sebastians1999/federated-sparql-rag-agent,a064b7529e66a7f30504ce243d96961d52603900,experiments/experiment_data/ev_2025-04-22_00-01-22/18_comparison.ttl,parse_error,,"BadSyntax: at line 4 of <>:
Bad syntax (expected directive or statement) at ^ in:
""b'\n# Natural Language Question\n# =======================\n'^b'Use <a href=""https://idsm.elixir-czech.cz/sparql"">IDSM Sache'..."""
938809221,sebastians1999/federated-sparql-rag-agent,a064b7529e66a7f30504ce243d96961d52603900,experiments/experiment_data/ev_2025-04-22_00-01-22/19_draft_human_metabolome_comparison.ttl,parse_error,,"BadSyntax: at line 4 of <>:
Bad syntax (expected directive or statement) at ^ in:
""b'\n# Natural Language Question\n# =======================\n'^b'Generate a draft human metabolome\n\n# Target Endpoint\n# ====='..."""
938809221,sebastians1999/federated-sparql-rag-agent,a064b7529e66a7f30504ce243d96961d52603900,experiments/experiment_data/ev_2025-04-22_00-01-22/20_search_chemical_names_in_japanese_comparison.ttl,parse_error,,"BadSyntax: at line 4 of <>:
Bad syntax (expected directive or statement) at ^ in:
""b'\n# Natural Language Question\n# =======================\n'^b'Search for Chemical names starting in Japanese, translated t'..."""
938809221,sebastians1999/federated-sparql-rag-agent,a064b7529e66a7f30504ce243d96961d52603900,experiments/experiment_data/ev_2025-04-22_00-01-22/29_comparison.ttl,parse_error,,"BadSyntax: at line 4 of <>:
Bad syntax (expected directive or statement) at ^ in:
""b'\n# Natural Language Question\n# =======================\n'^b'Use <a href=""http://allie.dbcls.jp/"">ALLIE</a> a service for'..."""
938809221,sebastians1999/federated-sparql-rag-agent,a064b7529e66a7f30504ce243d96961d52603900,experiments/experiment_data/ev_2025-04-22_00-01-22/34_comparison.ttl,parse_error,,"BadSyntax: at line 4 of <>:
Bad syntax (expected directive or statement) at ^ in:
""b'\n# Natural Language Question\n# =======================\n'^b'Lipids affected by human enzymes\n\n# Target Endpoint\n# ======'..."""
938809221,sebastians1999/federated-sparql-rag-agent,a064b7529e66a7f30504ce243d96961d52603900,experiments/experiment_data/ev_2025-04-22_00-01-22/36_comparison.ttl,parse_error,,"BadSyntax: at line 4 of <>:
Bad syntax (expected directive or statement) at ^ in:
""b'\n# Natural Language Question\n# =======================\n'^b'Find the orthologous proteins for UniProtKB entry P05067 usi'..."""
938809221,sebastians1999/federated-sparql-rag-agent,a064b7529e66a7f30504ce243d96961d52603900,experiments/experiment_data/ev_2025-04-22_00-01-22/38_comparison.ttl,parse_error,,"BadSyntax: at line 4 of <>:
Bad syntax (expected directive or statement) at ^ in:
""b'\n# Natural Language Question\n# =======================\n'^b'For the human entry P05067 (Amyloid-beta precursor protein) '..."""
938809221,sebastians1999/federated-sparql-rag-agent,a064b7529e66a7f30504ce243d96961d52603900,experiments/experiment_data/ev_2025-04-22_00-01-22/40_comparison.ttl,parse_error,,"BadSyntax: at line 4 of <>:
Bad syntax (expected directive or statement) at ^ in:
""b'\n# Natural Language Question\n# =======================\n'^b'Retrieve human enzymes that metabolize sphingolipids and are'..."""
938809221,sebastians1999/federated-sparql-rag-agent,a064b7529e66a7f30504ce243d96961d52603900,experiments/experiment_data/ev_2025-04-22_00-01-22/42_comparison.ttl,parse_error,,"BadSyntax: at line 4 of <>:
Bad syntax (expected directive or statement) at ^ in:
""b'\n# Natural Language Question\n# =======================\n'^b'Connect patents cited in UniProtKB with those in the patent '..."""
938809221,sebastians1999/federated-sparql-rag-agent,a064b7529e66a7f30504ce243d96961d52603900,experiments/experiment_data/ev_2025-04-22_00-01-22/43_comparison.ttl,parse_error,,"BadSyntax: at line 4 of <>:
Bad syntax (expected directive or statement) at ^ in:
""b'\n# Natural Language Question\n# =======================\n'^b'Connect patents cited in UniProtKB with those in the patent '..."""
938809221,sebastians1999/federated-sparql-rag-agent,a064b7529e66a7f30504ce243d96961d52603900,experiments/experiment_data/ev_2025-04-22_00-01-22/45_comparison.ttl,parse_error,,"BadSyntax: at line 4 of <>:
Bad syntax (expected directive or statement) at ^ in:
""b'\n# Natural Language Question\n# =======================\n'^b'Retrieve drugs that target human enzymes involved in sterol '..."""
938809221,sebastians1999/federated-sparql-rag-agent,a064b7529e66a7f30504ce243d96961d52603900,experiments/experiment_data/ev_2025-04-22_00-01-22/49_comparison.ttl,parse_error,,"BadSyntax: at line 4 of <>:
Bad syntax (expected directive or statement) at ^ in:
""b'\n# Natural Language Question\n# =======================\n'^b'Retrieve the UniProtKB proteins, their catalyzed Rhea reacti'..."""
938809221,sebastians1999/federated-sparql-rag-agent,a064b7529e66a7f30504ce243d96961d52603900,experiments/experiment_data/ev_2025-04-22_00-01-22/51_comparison.ttl,parse_error,,"BadSyntax: at line 4 of <>:
Bad syntax (expected directive or statement) at ^ in:
""b'\n# Natural Language Question\n# =======================\n'^b'Find all proteins linked to arachidonate (CHEBI:32395)\n\n# Ta'..."""
938809221,sebastians1999/federated-sparql-rag-agent,a064b7529e66a7f30504ce243d96961d52603900,experiments/experiment_data/ev_2025-04-22_00-01-22/52_comparison.ttl,parse_error,,"BadSyntax: at line 4 of <>:
Bad syntax (expected directive or statement) at ^ in:
""b'\n# Natural Language Question\n# =======================\n'^b'Retrieve drugs that target human enzymes involved in sterol '..."""
938809221,sebastians1999/federated-sparql-rag-agent,a064b7529e66a7f30504ce243d96961d52603900,experiments/experiment_data/ev_2025-04-22_00-01-22/53_comparison.ttl,parse_error,,"BadSyntax: at line 4 of <>:
Bad syntax (expected directive or statement) at ^ in:
""b'\n# Natural Language Question\n# =======================\n'^b'Find mouse homologs in OMABrowser of human enzymes that cata'..."""
938809221,sebastians1999/federated-sparql-rag-agent,a064b7529e66a7f30504ce243d96961d52603900,experiments/experiment_data/ev_2025-04-22_00-01-22/54_comparison.ttl,parse_error,,"BadSyntax: at line 4 of <>:
Bad syntax (expected directive or statement) at ^ in:
""b'\n# Natural Language Question\n# =======================\n'^b'Proteins with binding sites for ligands similar to heme\n\n# T'..."""
938809221,sebastians1999/federated-sparql-rag-agent,a064b7529e66a7f30504ce243d96961d52603900,experiments/experiment_data/ev_2025-04-22_00-01-22/5_comparison.ttl,parse_error,,"BadSyntax: at line 4 of <>:
Bad syntax (expected directive or statement) at ^ in:
""b'\n# Natural Language Question\n# =======================\n'^b'For a given lipid (SWISSLIPID:000399814, Ceramide), return a'..."""
938809221,sebastians1999/federated-sparql-rag-agent,a064b7529e66a7f30504ce243d96961d52603900,experiments/experiment_data/ev_2025-04-22_00-01-22/60_comparison.ttl,parse_error,,"BadSyntax: at line 4 of <>:
Bad syntax (expected directive or statement) at ^ in:
""b'\n# Natural Language Question\n# =======================\n'^b'Find human proteins that catalyze reactions where substrates'..."""
938809221,sebastians1999/federated-sparql-rag-agent,a064b7529e66a7f30504ce243d96961d52603900,experiments/experiment_data/ev_2025-04-22_00-01-22/67_draft_human_metabolome_comparison.ttl,parse_error,,"BadSyntax: at line 4 of <>:
Bad syntax (expected directive or statement) at ^ in:
""b'\n# Natural Language Question\n# =======================\n'^b'Generate a draft human metabolome\n\n# Target Endpoint\n# ====='..."""
938809221,sebastians1999/federated-sparql-rag-agent,a064b7529e66a7f30504ce243d96961d52603900,experiments/experiment_data/ev_2025-04-22_00-01-22/6_comparison.ttl,parse_error,,"BadSyntax: at line 4 of <>:
Bad syntax (expected directive or statement) at ^ in:
""b'\n# Natural Language Question\n# =======================\n'^b'For a given lipid (SWISSLIPID:000399814, Ceramide), return a'..."""
938809221,sebastians1999/federated-sparql-rag-agent,a064b7529e66a7f30504ce243d96961d52603900,experiments/experiment_data/ev_2025-04-22_00-01-22/70_enzymes_interacting_with_molecules_similar_to_dopamine_comparison.ttl,parse_error,,"BadSyntax: at line 4 of <>:
Bad syntax (expected directive or statement) at ^ in:
""b'\n# Natural Language Question\n# =======================\n'^b'Look for enzymes catalyzing reactions with molecules similar'..."""
938809221,sebastians1999/federated-sparql-rag-agent,a064b7529e66a7f30504ce243d96961d52603900,experiments/experiment_data/ev_2025-04-22_00-01-22/94_Select_all_approved_reactions_with_CHEBI_or_one_of_its_descendant_optional_UniProtKB_reviewed_EC_comparison.ttl,parse_error,,"BadSyntax: at line 4 of <>:
Bad syntax (expected directive or statement) at ^ in:
""b'\n# Natural Language Question\n# =======================\n'^b'Select all approved reactions with CHEBI:17815 (a 1,2-diacyl'..."""
938809221,sebastians1999/federated-sparql-rag-agent,a064b7529e66a7f30504ce243d96961d52603900,experiments/experiment_data/ev_2025-04-22_02-04-22/109_Distribution_of_reactions_according_to_the_first_level_of_enzyme_classification_comparison.ttl,parse_error,,"BadSyntax: at line 4 of <>:
Bad syntax (expected directive or statement) at ^ in:
""b'\n# Natural Language Question\n# =======================\n'^b'Distribution of reactions according to the first level of en'..."""
938809221,sebastians1999/federated-sparql-rag-agent,a064b7529e66a7f30504ce243d96961d52603900,experiments/experiment_data/ev_2025-04-22_02-04-22/112_Total_number_of_reaction_ec_protein_links_comparison.ttl,parse_error,,"BadSyntax: at line 4 of <>:
Bad syntax (expected directive or statement) at ^ in:
""b'\n# Natural Language Question\n# =======================\n'^b'Total number of <reaction> <ec> <protein> links\n\n# Target En'..."""
938809221,sebastians1999/federated-sparql-rag-agent,a064b7529e66a7f30504ce243d96961d52603900,experiments/experiment_data/ev_2025-04-22_02-04-22/115_Retrieve_the_set_of_metabolites_involved_in_reactions_catalyzed_by_human_genes_HUMAN_reference_proteome_comparison.ttl,parse_error,,"BadSyntax: at line 4 of <>:
Bad syntax (expected directive or statement) at ^ in:
""b'\n# Natural Language Question\n# =======================\n'^b'Retrieve the set of metabolites involved in reactions cataly'..."""
938809221,sebastians1999/federated-sparql-rag-agent,a064b7529e66a7f30504ce243d96961d52603900,experiments/experiment_data/ev_2025-04-22_02-04-22/116_biosodafrontend_rabit_mouse_orthologs_comparison.ttl,parse_error,,"BadSyntax: at line 4 of <>:
Bad syntax (expected directive or statement) at ^ in:
""b'\n# Natural Language Question\n# =======================\n'^b""Rabbit's proteins encoded by genes that are orthologous to M""..."""
938809221,sebastians1999/federated-sparql-rag-agent,a064b7529e66a7f30504ce243d96961d52603900,experiments/experiment_data/ev_2025-04-22_02-04-22/117_Retrieve_parent_reactions_and_their_catalyzing_enzymes_for_a_metabolite_that_is_not_directly_involved_in_a_reaction_comparison.ttl,parse_error,,"BadSyntax: at line 4 of <>:
Bad syntax (expected directive or statement) at ^ in:
""b'\n# Natural Language Question\n# =======================\n'^b'Retrieve parent reactions (and their catalyzing enzymes) for'..."""
938809221,sebastians1999/federated-sparql-rag-agent,a064b7529e66a7f30504ce243d96961d52603900,experiments/experiment_data/ev_2025-04-22_02-04-22/117_biosodafrontend_glioblastoma_orthologs_rat_comparison.ttl,parse_error,,"BadSyntax: at line 4 of <>:
Bad syntax (expected directive or statement) at ^ in:
""b'\n# Natural Language Question\n# =======================\n'^b'Which are the proteins associated with glioblastoma and the '..."""
938809221,sebastians1999/federated-sparql-rag-agent,a064b7529e66a7f30504ce243d96961d52603900,experiments/experiment_data/ev_2025-04-22_02-04-22/118_biosodafrontend_rat_brain_human_cancer_comparison.ttl,parse_error,,"BadSyntax: at line 4 of <>:
Bad syntax (expected directive or statement) at ^ in:
""b'\n# Natural Language Question\n# =======================\n'^b'What are the Homo sapiens genes associated with cancer and t'..."""
938809221,sebastians1999/federated-sparql-rag-agent,a064b7529e66a7f30504ce243d96961d52603900,experiments/experiment_data/ev_2025-04-22_02-04-22/11_comparison.ttl,parse_error,,"BadSyntax: at line 4 of <>:
Bad syntax (expected directive or statement) at ^ in:
""b'\n# Natural Language Question\n# =======================\n'^b'Distribution of reactions according to the first class of th'..."""
938809221,sebastians1999/federated-sparql-rag-agent,a064b7529e66a7f30504ce243d96961d52603900,experiments/experiment_data/ev_2025-04-22_02-04-22/12_comparison.ttl,parse_error,,"BadSyntax: at line 4 of <>:
Bad syntax (expected directive or statement) at ^ in:
""b'\n# Natural Language Question\n# =======================\n'^b'Select all Rhea reactions linked to protein sequences (enzym'..."""
938809221,sebastians1999/federated-sparql-rag-agent,a064b7529e66a7f30504ce243d96961d52603900,experiments/experiment_data/ev_2025-04-22_02-04-22/16_comparison.ttl,parse_error,,"BadSyntax: at line 4 of <>:
Bad syntax (expected directive or statement) at ^ in:
""b'\n# Natural Language Question\n# =======================\n'^b'For a given lipid (SWISSLIPID:000399814, Ceramide), return a'..."""
938809221,sebastians1999/federated-sparql-rag-agent,a064b7529e66a7f30504ce243d96961d52603900,experiments/experiment_data/ev_2025-04-22_02-04-22/18_comparison.ttl,parse_error,,"BadSyntax: at line 4 of <>:
Bad syntax (expected directive or statement) at ^ in:
""b'\n# Natural Language Question\n# =======================\n'^b'Use <a href=""https://idsm.elixir-czech.cz/sparql"">IDSM Sache'..."""
938809221,sebastians1999/federated-sparql-rag-agent,a064b7529e66a7f30504ce243d96961d52603900,experiments/experiment_data/ev_2025-04-22_02-04-22/19_draft_human_metabolome_comparison.ttl,parse_error,,"BadSyntax: at line 4 of <>:
Bad syntax (expected directive or statement) at ^ in:
""b'\n# Natural Language Question\n# =======================\n'^b'Generate a draft human metabolome\n\n# Target Endpoint\n# ====='..."""
938809221,sebastians1999/federated-sparql-rag-agent,a064b7529e66a7f30504ce243d96961d52603900,experiments/experiment_data/ev_2025-04-22_02-04-22/20_search_chemical_names_in_japanese_comparison.ttl,parse_error,,"BadSyntax: at line 4 of <>:
Bad syntax (expected directive or statement) at ^ in:
""b'\n# Natural Language Question\n# =======================\n'^b'Search for Chemical names starting in Japanese, translated t'..."""
938809221,sebastians1999/federated-sparql-rag-agent,a064b7529e66a7f30504ce243d96961d52603900,experiments/experiment_data/ev_2025-04-22_02-04-22/29_comparison.ttl,parse_error,,"BadSyntax: at line 4 of <>:
Bad syntax (expected directive or statement) at ^ in:
""b'\n# Natural Language Question\n# =======================\n'^b'Use <a href=""http://allie.dbcls.jp/"">ALLIE</a> a service for'..."""
938809221,sebastians1999/federated-sparql-rag-agent,a064b7529e66a7f30504ce243d96961d52603900,experiments/experiment_data/ev_2025-04-22_02-04-22/34_comparison.ttl,parse_error,,"BadSyntax: at line 4 of <>:
Bad syntax (expected directive or statement) at ^ in:
""b'\n# Natural Language Question\n# =======================\n'^b'Lipids affected by human enzymes\n\n# Target Endpoint\n# ======'..."""
938809221,sebastians1999/federated-sparql-rag-agent,a064b7529e66a7f30504ce243d96961d52603900,experiments/experiment_data/ev_2025-04-22_02-04-22/36_comparison.ttl,parse_error,,"BadSyntax: at line 4 of <>:
Bad syntax (expected directive or statement) at ^ in:
""b'\n# Natural Language Question\n# =======================\n'^b'Find the orthologous proteins for UniProtKB entry P05067 usi'..."""
938809221,sebastians1999/federated-sparql-rag-agent,a064b7529e66a7f30504ce243d96961d52603900,experiments/experiment_data/ev_2025-04-22_02-04-22/38_comparison.ttl,parse_error,,"BadSyntax: at line 4 of <>:
Bad syntax (expected directive or statement) at ^ in:
""b'\n# Natural Language Question\n# =======================\n'^b'For the human entry P05067 (Amyloid-beta precursor protein) '..."""
938809221,sebastians1999/federated-sparql-rag-agent,a064b7529e66a7f30504ce243d96961d52603900,experiments/experiment_data/ev_2025-04-22_02-04-22/40_comparison.ttl,parse_error,,"BadSyntax: at line 4 of <>:
Bad syntax (expected directive or statement) at ^ in:
""b'\n# Natural Language Question\n# =======================\n'^b'Retrieve human enzymes that metabolize sphingolipids and are'..."""
938809221,sebastians1999/federated-sparql-rag-agent,a064b7529e66a7f30504ce243d96961d52603900,experiments/experiment_data/ev_2025-04-22_02-04-22/42_comparison.ttl,parse_error,,"BadSyntax: at line 4 of <>:
Bad syntax (expected directive or statement) at ^ in:
""b'\n# Natural Language Question\n# =======================\n'^b'Connect patents cited in UniProtKB with those in the patent '..."""
938809221,sebastians1999/federated-sparql-rag-agent,a064b7529e66a7f30504ce243d96961d52603900,experiments/experiment_data/ev_2025-04-22_02-04-22/43_comparison.ttl,parse_error,,"BadSyntax: at line 4 of <>:
Bad syntax (expected directive or statement) at ^ in:
""b'\n# Natural Language Question\n# =======================\n'^b'Connect patents cited in UniProtKB with those in the patent '..."""
938809221,sebastians1999/federated-sparql-rag-agent,a064b7529e66a7f30504ce243d96961d52603900,experiments/experiment_data/ev_2025-04-22_02-04-22/45_comparison.ttl,parse_error,,"BadSyntax: at line 4 of <>:
Bad syntax (expected directive or statement) at ^ in:
""b'\n# Natural Language Question\n# =======================\n'^b'Retrieve drugs that target human enzymes involved in sterol '..."""
938809221,sebastians1999/federated-sparql-rag-agent,a064b7529e66a7f30504ce243d96961d52603900,experiments/experiment_data/ev_2025-04-22_02-04-22/49_comparison.ttl,parse_error,,"BadSyntax: at line 4 of <>:
Bad syntax (expected directive or statement) at ^ in:
""b'\n# Natural Language Question\n# =======================\n'^b'Retrieve the UniProtKB proteins, their catalyzed Rhea reacti'..."""
938809221,sebastians1999/federated-sparql-rag-agent,a064b7529e66a7f30504ce243d96961d52603900,experiments/experiment_data/ev_2025-04-22_02-04-22/51_comparison.ttl,parse_error,,"BadSyntax: at line 4 of <>:
Bad syntax (expected directive or statement) at ^ in:
""b'\n# Natural Language Question\n# =======================\n'^b'Find all proteins linked to arachidonate (CHEBI:32395)\n\n# Ta'..."""
938809221,sebastians1999/federated-sparql-rag-agent,a064b7529e66a7f30504ce243d96961d52603900,experiments/experiment_data/ev_2025-04-22_02-04-22/52_comparison.ttl,parse_error,,"BadSyntax: at line 4 of <>:
Bad syntax (expected directive or statement) at ^ in:
""b'\n# Natural Language Question\n# =======================\n'^b'Retrieve drugs that target human enzymes involved in sterol '..."""
938809221,sebastians1999/federated-sparql-rag-agent,a064b7529e66a7f30504ce243d96961d52603900,experiments/experiment_data/ev_2025-04-22_02-04-22/53_comparison.ttl,parse_error,,"BadSyntax: at line 4 of <>:
Bad syntax (expected directive or statement) at ^ in:
""b'\n# Natural Language Question\n# =======================\n'^b'Find mouse homologs in OMABrowser of human enzymes that cata'..."""
938809221,sebastians1999/federated-sparql-rag-agent,a064b7529e66a7f30504ce243d96961d52603900,experiments/experiment_data/ev_2025-04-22_02-04-22/54_comparison.ttl,parse_error,,"BadSyntax: at line 4 of <>:
Bad syntax (expected directive or statement) at ^ in:
""b'\n# Natural Language Question\n# =======================\n'^b'Proteins with binding sites for ligands similar to heme\n\n# T'..."""
938809221,sebastians1999/federated-sparql-rag-agent,a064b7529e66a7f30504ce243d96961d52603900,experiments/experiment_data/ev_2025-04-22_02-04-22/5_comparison.ttl,parse_error,,"BadSyntax: at line 4 of <>:
Bad syntax (expected directive or statement) at ^ in:
""b'\n# Natural Language Question\n# =======================\n'^b'For a given lipid (SWISSLIPID:000399814, Ceramide), return a'..."""
938809221,sebastians1999/federated-sparql-rag-agent,a064b7529e66a7f30504ce243d96961d52603900,experiments/experiment_data/ev_2025-04-22_02-04-22/60_comparison.ttl,parse_error,,"BadSyntax: at line 4 of <>:
Bad syntax (expected directive or statement) at ^ in:
""b'\n# Natural Language Question\n# =======================\n'^b'Find human proteins that catalyze reactions where substrates'..."""
938809221,sebastians1999/federated-sparql-rag-agent,a064b7529e66a7f30504ce243d96961d52603900,experiments/experiment_data/ev_2025-04-22_02-04-22/67_draft_human_metabolome_comparison.ttl,parse_error,,"BadSyntax: at line 4 of <>:
Bad syntax (expected directive or statement) at ^ in:
""b'\n# Natural Language Question\n# =======================\n'^b'Generate a draft human metabolome\n\n# Target Endpoint\n# ====='..."""
938809221,sebastians1999/federated-sparql-rag-agent,a064b7529e66a7f30504ce243d96961d52603900,experiments/experiment_data/ev_2025-04-22_02-04-22/6_comparison.ttl,parse_error,,"BadSyntax: at line 4 of <>:
Bad syntax (expected directive or statement) at ^ in:
""b'\n# Natural Language Question\n# =======================\n'^b'For a given lipid (SWISSLIPID:000399814, Ceramide), return a'..."""
938809221,sebastians1999/federated-sparql-rag-agent,a064b7529e66a7f30504ce243d96961d52603900,experiments/experiment_data/ev_2025-04-22_02-04-22/70_enzymes_interacting_with_molecules_similar_to_dopamine_comparison.ttl,parse_error,,"BadSyntax: at line 4 of <>:
Bad syntax (expected directive or statement) at ^ in:
""b'\n# Natural Language Question\n# =======================\n'^b'Look for enzymes catalyzing reactions with molecules similar'..."""
938809221,sebastians1999/federated-sparql-rag-agent,a064b7529e66a7f30504ce243d96961d52603900,experiments/experiment_data/ev_2025-04-22_02-04-22/94_Select_all_approved_reactions_with_CHEBI_or_one_of_its_descendant_optional_UniProtKB_reviewed_EC_comparison.ttl,parse_error,,"BadSyntax: at line 4 of <>:
Bad syntax (expected directive or statement) at ^ in:
""b'\n# Natural Language Question\n# =======================\n'^b'Select all approved reactions with CHEBI:17815 (a 1,2-diacyl'..."""
938809221,sebastians1999/federated-sparql-rag-agent,a064b7529e66a7f30504ce243d96961d52603900,experiments/experiment_data/ev_2025-04-22_16-27-37/109_Distribution_of_reactions_according_to_the_first_level_of_enzyme_classification_comparison.ttl,parse_error,,"BadSyntax: at line 4 of <>:
Bad syntax (expected directive or statement) at ^ in:
""b'\n# Natural Language Question\n# =======================\n'^b'Distribution of reactions according to the first level of en'..."""
938809221,sebastians1999/federated-sparql-rag-agent,a064b7529e66a7f30504ce243d96961d52603900,experiments/experiment_data/ev_2025-04-22_16-27-37/112_Total_number_of_reaction_ec_protein_links_comparison.ttl,parse_error,,"BadSyntax: at line 4 of <>:
Bad syntax (expected directive or statement) at ^ in:
""b'\n# Natural Language Question\n# =======================\n'^b'Total number of <reaction> <ec> <protein> links\n\n# Target En'..."""
938809221,sebastians1999/federated-sparql-rag-agent,a064b7529e66a7f30504ce243d96961d52603900,experiments/experiment_data/ev_2025-04-22_16-27-37/115_Retrieve_the_set_of_metabolites_involved_in_reactions_catalyzed_by_human_genes_HUMAN_reference_proteome_comparison.ttl,parse_error,,"BadSyntax: at line 4 of <>:
Bad syntax (expected directive or statement) at ^ in:
""b'\n# Natural Language Question\n# =======================\n'^b'Retrieve the set of metabolites involved in reactions cataly'..."""
938809221,sebastians1999/federated-sparql-rag-agent,a064b7529e66a7f30504ce243d96961d52603900,experiments/experiment_data/ev_2025-04-22_16-27-37/116_biosodafrontend_rabit_mouse_orthologs_comparison.ttl,parse_error,,"BadSyntax: at line 4 of <>:
Bad syntax (expected directive or statement) at ^ in:
""b'\n# Natural Language Question\n# =======================\n'^b""Rabbit's proteins encoded by genes that are orthologous to M""..."""
938809221,sebastians1999/federated-sparql-rag-agent,a064b7529e66a7f30504ce243d96961d52603900,experiments/experiment_data/ev_2025-04-22_16-27-37/117_Retrieve_parent_reactions_and_their_catalyzing_enzymes_for_a_metabolite_that_is_not_directly_involved_in_a_reaction_comparison.ttl,parse_error,,"BadSyntax: at line 4 of <>:
Bad syntax (expected directive or statement) at ^ in:
""b'\n# Natural Language Question\n# =======================\n'^b'Retrieve parent reactions (and their catalyzing enzymes) for'..."""
938809221,sebastians1999/federated-sparql-rag-agent,a064b7529e66a7f30504ce243d96961d52603900,experiments/experiment_data/ev_2025-04-22_16-27-37/117_biosodafrontend_glioblastoma_orthologs_rat_comparison.ttl,parse_error,,"BadSyntax: at line 4 of <>:
Bad syntax (expected directive or statement) at ^ in:
""b'\n# Natural Language Question\n# =======================\n'^b'Which are the proteins associated with glioblastoma and the '..."""
938809221,sebastians1999/federated-sparql-rag-agent,a064b7529e66a7f30504ce243d96961d52603900,experiments/experiment_data/ev_2025-04-22_16-27-37/118_biosodafrontend_rat_brain_human_cancer_comparison.ttl,parse_error,,"BadSyntax: at line 4 of <>:
Bad syntax (expected directive or statement) at ^ in:
""b'\n# Natural Language Question\n# =======================\n'^b'What are the Homo sapiens genes associated with cancer and t'..."""
938809221,sebastians1999/federated-sparql-rag-agent,a064b7529e66a7f30504ce243d96961d52603900,experiments/experiment_data/ev_2025-04-22_16-27-37/11_comparison.ttl,parse_error,,"BadSyntax: at line 4 of <>:
Bad syntax (expected directive or statement) at ^ in:
""b'\n# Natural Language Question\n# =======================\n'^b'Distribution of reactions according to the first class of th'..."""
938809221,sebastians1999/federated-sparql-rag-agent,a064b7529e66a7f30504ce243d96961d52603900,experiments/experiment_data/ev_2025-04-22_16-27-37/12_comparison.ttl,parse_error,,"BadSyntax: at line 4 of <>:
Bad syntax (expected directive or statement) at ^ in:
""b'\n# Natural Language Question\n# =======================\n'^b'Select all Rhea reactions linked to protein sequences (enzym'..."""
938809221,sebastians1999/federated-sparql-rag-agent,a064b7529e66a7f30504ce243d96961d52603900,experiments/experiment_data/ev_2025-04-22_16-27-37/16_comparison.ttl,parse_error,,"BadSyntax: at line 4 of <>:
Bad syntax (expected directive or statement) at ^ in:
""b'\n# Natural Language Question\n# =======================\n'^b'For a given lipid (SWISSLIPID:000399814, Ceramide), return a'..."""
938809221,sebastians1999/federated-sparql-rag-agent,a064b7529e66a7f30504ce243d96961d52603900,experiments/experiment_data/ev_2025-04-22_16-27-37/19_draft_human_metabolome_comparison.ttl,parse_error,,"BadSyntax: at line 4 of <>:
Bad syntax (expected directive or statement) at ^ in:
""b'\n# Natural Language Question\n# =======================\n'^b'Generate a draft human metabolome\n\n# Target Endpoint\n# ====='..."""
938809221,sebastians1999/federated-sparql-rag-agent,a064b7529e66a7f30504ce243d96961d52603900,experiments/experiment_data/ev_2025-04-22_16-27-37/20_search_chemical_names_in_japanese_comparison.ttl,parse_error,,"BadSyntax: at line 4 of <>:
Bad syntax (expected directive or statement) at ^ in:
""b'\n# Natural Language Question\n# =======================\n'^b'Search for Chemical names starting in Japanese, translated t'..."""
938809221,sebastians1999/federated-sparql-rag-agent,a064b7529e66a7f30504ce243d96961d52603900,experiments/experiment_data/ev_2025-04-22_16-27-37/29_comparison.ttl,parse_error,,"BadSyntax: at line 4 of <>:
Bad syntax (expected directive or statement) at ^ in:
""b'\n# Natural Language Question\n# =======================\n'^b'Use <a href=""http://allie.dbcls.jp/"">ALLIE</a> a service for'..."""
938809221,sebastians1999/federated-sparql-rag-agent,a064b7529e66a7f30504ce243d96961d52603900,experiments/experiment_data/ev_2025-04-22_16-27-37/34_comparison.ttl,parse_error,,"BadSyntax: at line 4 of <>:
Bad syntax (expected directive or statement) at ^ in:
""b'\n# Natural Language Question\n# =======================\n'^b'Lipids affected by human enzymes\n\n# Target Endpoint\n# ======'..."""
938809221,sebastians1999/federated-sparql-rag-agent,a064b7529e66a7f30504ce243d96961d52603900,experiments/experiment_data/ev_2025-04-22_16-27-37/36_comparison.ttl,parse_error,,"BadSyntax: at line 4 of <>:
Bad syntax (expected directive or statement) at ^ in:
""b'\n# Natural Language Question\n# =======================\n'^b'Find the orthologous proteins for UniProtKB entry P05067 usi'..."""
938809221,sebastians1999/federated-sparql-rag-agent,a064b7529e66a7f30504ce243d96961d52603900,experiments/experiment_data/ev_2025-04-22_16-27-37/38_comparison.ttl,parse_error,,"BadSyntax: at line 4 of <>:
Bad syntax (expected directive or statement) at ^ in:
""b'\n# Natural Language Question\n# =======================\n'^b'For the human entry P05067 (Amyloid-beta precursor protein) '..."""
938809221,sebastians1999/federated-sparql-rag-agent,a064b7529e66a7f30504ce243d96961d52603900,experiments/experiment_data/ev_2025-04-22_16-27-37/40_comparison.ttl,parse_error,,"BadSyntax: at line 4 of <>:
Bad syntax (expected directive or statement) at ^ in:
""b'\n# Natural Language Question\n# =======================\n'^b'Retrieve human enzymes that metabolize sphingolipids and are'..."""
938809221,sebastians1999/federated-sparql-rag-agent,a064b7529e66a7f30504ce243d96961d52603900,experiments/experiment_data/ev_2025-04-22_16-27-37/42_comparison.ttl,parse_error,,"BadSyntax: at line 4 of <>:
Bad syntax (expected directive or statement) at ^ in:
""b'\n# Natural Language Question\n# =======================\n'^b'Connect patents cited in UniProtKB with those in the patent '..."""
938809221,sebastians1999/federated-sparql-rag-agent,a064b7529e66a7f30504ce243d96961d52603900,experiments/experiment_data/ev_2025-04-22_16-27-37/43_comparison.ttl,parse_error,,"BadSyntax: at line 4 of <>:
Bad syntax (expected directive or statement) at ^ in:
""b'\n# Natural Language Question\n# =======================\n'^b'Connect patents cited in UniProtKB with those in the patent '..."""
938809221,sebastians1999/federated-sparql-rag-agent,a064b7529e66a7f30504ce243d96961d52603900,experiments/experiment_data/ev_2025-04-22_16-27-37/45_comparison.ttl,parse_error,,"BadSyntax: at line 4 of <>:
Bad syntax (expected directive or statement) at ^ in:
""b'\n# Natural Language Question\n# =======================\n'^b'Retrieve drugs that target human enzymes involved in sterol '..."""
938809221,sebastians1999/federated-sparql-rag-agent,a064b7529e66a7f30504ce243d96961d52603900,experiments/experiment_data/ev_2025-04-22_16-27-37/49_comparison.ttl,parse_error,,"BadSyntax: at line 4 of <>:
Bad syntax (expected directive or statement) at ^ in:
""b'\n# Natural Language Question\n# =======================\n'^b'Retrieve the UniProtKB proteins, their catalyzed Rhea reacti'..."""
938809221,sebastians1999/federated-sparql-rag-agent,a064b7529e66a7f30504ce243d96961d52603900,experiments/experiment_data/ev_2025-04-22_16-27-37/51_comparison.ttl,parse_error,,"BadSyntax: at line 4 of <>:
Bad syntax (expected directive or statement) at ^ in:
""b'\n# Natural Language Question\n# =======================\n'^b'Find all proteins linked to arachidonate (CHEBI:32395)\n\n# Ta'..."""
938809221,sebastians1999/federated-sparql-rag-agent,a064b7529e66a7f30504ce243d96961d52603900,experiments/experiment_data/ev_2025-04-22_16-27-37/52_comparison.ttl,parse_error,,"BadSyntax: at line 4 of <>:
Bad syntax (expected directive or statement) at ^ in:
""b'\n# Natural Language Question\n# =======================\n'^b'Retrieve drugs that target human enzymes involved in sterol '..."""
938809221,sebastians1999/federated-sparql-rag-agent,a064b7529e66a7f30504ce243d96961d52603900,experiments/experiment_data/ev_2025-04-22_16-27-37/53_comparison.ttl,parse_error,,"BadSyntax: at line 4 of <>:
Bad syntax (expected directive or statement) at ^ in:
""b'\n# Natural Language Question\n# =======================\n'^b'Find mouse homologs in OMABrowser of human enzymes that cata'..."""
938809221,sebastians1999/federated-sparql-rag-agent,a064b7529e66a7f30504ce243d96961d52603900,experiments/experiment_data/ev_2025-04-22_16-27-37/54_comparison.ttl,parse_error,,"BadSyntax: at line 4 of <>:
Bad syntax (expected directive or statement) at ^ in:
""b'\n# Natural Language Question\n# =======================\n'^b'Proteins with binding sites for ligands similar to heme\n\n# T'..."""
938809221,sebastians1999/federated-sparql-rag-agent,a064b7529e66a7f30504ce243d96961d52603900,experiments/experiment_data/ev_2025-04-22_16-27-37/5_comparison.ttl,parse_error,,"BadSyntax: at line 4 of <>:
Bad syntax (expected directive or statement) at ^ in:
""b'\n# Natural Language Question\n# =======================\n'^b'For a given lipid (SWISSLIPID:000399814, Ceramide), return a'..."""
938809221,sebastians1999/federated-sparql-rag-agent,a064b7529e66a7f30504ce243d96961d52603900,experiments/experiment_data/ev_2025-04-22_16-27-37/60_comparison.ttl,parse_error,,"BadSyntax: at line 4 of <>:
Bad syntax (expected directive or statement) at ^ in:
""b'\n# Natural Language Question\n# =======================\n'^b'Find human proteins that catalyze reactions where substrates'..."""
938809221,sebastians1999/federated-sparql-rag-agent,a064b7529e66a7f30504ce243d96961d52603900,experiments/experiment_data/ev_2025-04-22_16-27-37/67_draft_human_metabolome_comparison.ttl,parse_error,,"BadSyntax: at line 4 of <>:
Bad syntax (expected directive or statement) at ^ in:
""b'\n# Natural Language Question\n# =======================\n'^b'Generate a draft human metabolome\n\n# Target Endpoint\n# ====='..."""
938809221,sebastians1999/federated-sparql-rag-agent,a064b7529e66a7f30504ce243d96961d52603900,experiments/experiment_data/ev_2025-04-22_16-27-37/6_comparison.ttl,parse_error,,"BadSyntax: at line 4 of <>:
Bad syntax (expected directive or statement) at ^ in:
""b'\n# Natural Language Question\n# =======================\n'^b'For a given lipid (SWISSLIPID:000399814, Ceramide), return a'..."""
938809221,sebastians1999/federated-sparql-rag-agent,a064b7529e66a7f30504ce243d96961d52603900,experiments/experiment_data/ev_2025-04-22_16-27-37/70_enzymes_interacting_with_molecules_similar_to_dopamine_comparison.ttl,parse_error,,"BadSyntax: at line 4 of <>:
Bad syntax (expected directive or statement) at ^ in:
""b'\n# Natural Language Question\n# =======================\n'^b'Look for enzymes catalyzing reactions with molecules similar'..."""
938809221,sebastians1999/federated-sparql-rag-agent,a064b7529e66a7f30504ce243d96961d52603900,experiments/experiment_data/ev_2025-04-22_16-27-37/94_Select_all_approved_reactions_with_CHEBI_or_one_of_its_descendant_optional_UniProtKB_reviewed_EC_comparison.ttl,parse_error,,"BadSyntax: at line 4 of <>:
Bad syntax (expected directive or statement) at ^ in:
""b'\n# Natural Language Question\n# =======================\n'^b'Select all approved reactions with CHEBI:17815 (a 1,2-diacyl'..."""
938809221,sebastians1999/federated-sparql-rag-agent,a064b7529e66a7f30504ce243d96961d52603900,experiments/experiment_data/ev_2025-04-22_17-38-49/109_Distribution_of_reactions_according_to_the_first_level_of_enzyme_classification_comparison.ttl,parse_error,,"BadSyntax: at line 4 of <>:
Bad syntax (expected directive or statement) at ^ in:
""b'\n# Natural Language Question\n# =======================\n'^b'Distribution of reactions according to the first level of en'..."""
938809221,sebastians1999/federated-sparql-rag-agent,a064b7529e66a7f30504ce243d96961d52603900,experiments/experiment_data/ev_2025-04-22_17-38-49/112_Total_number_of_reaction_ec_protein_links_comparison.ttl,parse_error,,"BadSyntax: at line 4 of <>:
Bad syntax (expected directive or statement) at ^ in:
""b'\n# Natural Language Question\n# =======================\n'^b'Total number of <reaction> <ec> <protein> links\n\n# Target En'..."""
938809221,sebastians1999/federated-sparql-rag-agent,a064b7529e66a7f30504ce243d96961d52603900,experiments/experiment_data/ev_2025-04-22_17-38-49/115_Retrieve_the_set_of_metabolites_involved_in_reactions_catalyzed_by_human_genes_HUMAN_reference_proteome_comparison.ttl,parse_error,,"BadSyntax: at line 4 of <>:
Bad syntax (expected directive or statement) at ^ in:
""b'\n# Natural Language Question\n# =======================\n'^b'Retrieve the set of metabolites involved in reactions cataly'..."""
938809221,sebastians1999/federated-sparql-rag-agent,a064b7529e66a7f30504ce243d96961d52603900,experiments/experiment_data/ev_2025-04-22_17-38-49/116_biosodafrontend_rabit_mouse_orthologs_comparison.ttl,parse_error,,"BadSyntax: at line 4 of <>:
Bad syntax (expected directive or statement) at ^ in:
""b'\n# Natural Language Question\n# =======================\n'^b""Rabbit's proteins encoded by genes that are orthologous to M""..."""
938809221,sebastians1999/federated-sparql-rag-agent,a064b7529e66a7f30504ce243d96961d52603900,experiments/experiment_data/ev_2025-04-22_17-38-49/117_Retrieve_parent_reactions_and_their_catalyzing_enzymes_for_a_metabolite_that_is_not_directly_involved_in_a_reaction_comparison.ttl,parse_error,,"BadSyntax: at line 4 of <>:
Bad syntax (expected directive or statement) at ^ in:
""b'\n# Natural Language Question\n# =======================\n'^b'Retrieve parent reactions (and their catalyzing enzymes) for'..."""
938809221,sebastians1999/federated-sparql-rag-agent,a064b7529e66a7f30504ce243d96961d52603900,experiments/experiment_data/ev_2025-04-22_17-38-49/117_biosodafrontend_glioblastoma_orthologs_rat_comparison.ttl,parse_error,,"BadSyntax: at line 4 of <>:
Bad syntax (expected directive or statement) at ^ in:
""b'\n# Natural Language Question\n# =======================\n'^b'Which are the proteins associated with glioblastoma and the '..."""
938809221,sebastians1999/federated-sparql-rag-agent,a064b7529e66a7f30504ce243d96961d52603900,experiments/experiment_data/ev_2025-04-22_17-38-49/118_biosodafrontend_rat_brain_human_cancer_comparison.ttl,parse_error,,"BadSyntax: at line 4 of <>:
Bad syntax (expected directive or statement) at ^ in:
""b'\n# Natural Language Question\n# =======================\n'^b'What are the Homo sapiens genes associated with cancer and t'..."""
938809221,sebastians1999/federated-sparql-rag-agent,a064b7529e66a7f30504ce243d96961d52603900,experiments/experiment_data/ev_2025-04-22_17-38-49/11_comparison.ttl,parse_error,,"BadSyntax: at line 4 of <>:
Bad syntax (expected directive or statement) at ^ in:
""b'\n# Natural Language Question\n# =======================\n'^b'Distribution of reactions according to the first class of th'..."""
938809221,sebastians1999/federated-sparql-rag-agent,a064b7529e66a7f30504ce243d96961d52603900,experiments/experiment_data/ev_2025-04-22_17-38-49/12_comparison.ttl,parse_error,,"BadSyntax: at line 4 of <>:
Bad syntax (expected directive or statement) at ^ in:
""b'\n# Natural Language Question\n# =======================\n'^b'Select all Rhea reactions linked to protein sequences (enzym'..."""
938809221,sebastians1999/federated-sparql-rag-agent,a064b7529e66a7f30504ce243d96961d52603900,experiments/experiment_data/ev_2025-04-22_17-38-49/16_comparison.ttl,parse_error,,"BadSyntax: at line 4 of <>:
Bad syntax (expected directive or statement) at ^ in:
""b'\n# Natural Language Question\n# =======================\n'^b'For a given lipid (SWISSLIPID:000399814, Ceramide), return a'..."""
938809221,sebastians1999/federated-sparql-rag-agent,a064b7529e66a7f30504ce243d96961d52603900,experiments/experiment_data/ev_2025-04-22_17-38-49/18_comparison.ttl,parse_error,,"BadSyntax: at line 4 of <>:
Bad syntax (expected directive or statement) at ^ in:
""b'\n# Natural Language Question\n# =======================\n'^b'Use <a href=""https://idsm.elixir-czech.cz/sparql"">IDSM Sache'..."""
938809221,sebastians1999/federated-sparql-rag-agent,a064b7529e66a7f30504ce243d96961d52603900,experiments/experiment_data/ev_2025-04-22_17-38-49/19_draft_human_metabolome_comparison.ttl,parse_error,,"BadSyntax: at line 4 of <>:
Bad syntax (expected directive or statement) at ^ in:
""b'\n# Natural Language Question\n# =======================\n'^b'Generate a draft human metabolome\n\n# Target Endpoint\n# ====='..."""
938809221,sebastians1999/federated-sparql-rag-agent,a064b7529e66a7f30504ce243d96961d52603900,experiments/experiment_data/ev_2025-04-22_17-38-49/20_search_chemical_names_in_japanese_comparison.ttl,parse_error,,"BadSyntax: at line 4 of <>:
Bad syntax (expected directive or statement) at ^ in:
""b'\n# Natural Language Question\n# =======================\n'^b'Search for Chemical names starting in Japanese, translated t'..."""
938809221,sebastians1999/federated-sparql-rag-agent,a064b7529e66a7f30504ce243d96961d52603900,experiments/experiment_data/ev_2025-04-22_17-38-49/29_comparison.ttl,parse_error,,"BadSyntax: at line 4 of <>:
Bad syntax (expected directive or statement) at ^ in:
""b'\n# Natural Language Question\n# =======================\n'^b'Use <a href=""http://allie.dbcls.jp/"">ALLIE</a> a service for'..."""
938809221,sebastians1999/federated-sparql-rag-agent,a064b7529e66a7f30504ce243d96961d52603900,experiments/experiment_data/ev_2025-04-22_17-38-49/34_comparison.ttl,parse_error,,"BadSyntax: at line 4 of <>:
Bad syntax (expected directive or statement) at ^ in:
""b'\n# Natural Language Question\n# =======================\n'^b'Lipids affected by human enzymes\n\n# Target Endpoint\n# ======'..."""
938809221,sebastians1999/federated-sparql-rag-agent,a064b7529e66a7f30504ce243d96961d52603900,experiments/experiment_data/ev_2025-04-22_17-38-49/36_comparison.ttl,parse_error,,"BadSyntax: at line 4 of <>:
Bad syntax (expected directive or statement) at ^ in:
""b'\n# Natural Language Question\n# =======================\n'^b'Find the orthologous proteins for UniProtKB entry P05067 usi'..."""
938809221,sebastians1999/federated-sparql-rag-agent,a064b7529e66a7f30504ce243d96961d52603900,experiments/experiment_data/ev_2025-04-22_17-38-49/38_comparison.ttl,parse_error,,"BadSyntax: at line 4 of <>:
Bad syntax (expected directive or statement) at ^ in:
""b'\n# Natural Language Question\n# =======================\n'^b'For the human entry P05067 (Amyloid-beta precursor protein) '..."""
938809221,sebastians1999/federated-sparql-rag-agent,a064b7529e66a7f30504ce243d96961d52603900,experiments/experiment_data/ev_2025-04-22_17-38-49/40_comparison.ttl,parse_error,,"BadSyntax: at line 4 of <>:
Bad syntax (expected directive or statement) at ^ in:
""b'\n# Natural Language Question\n# =======================\n'^b'Retrieve human enzymes that metabolize sphingolipids and are'..."""
938809221,sebastians1999/federated-sparql-rag-agent,a064b7529e66a7f30504ce243d96961d52603900,experiments/experiment_data/ev_2025-04-22_17-38-49/42_comparison.ttl,parse_error,,"BadSyntax: at line 4 of <>:
Bad syntax (expected directive or statement) at ^ in:
""b'\n# Natural Language Question\n# =======================\n'^b'Connect patents cited in UniProtKB with those in the patent '..."""
938809221,sebastians1999/federated-sparql-rag-agent,a064b7529e66a7f30504ce243d96961d52603900,experiments/experiment_data/ev_2025-04-22_17-38-49/43_comparison.ttl,parse_error,,"BadSyntax: at line 4 of <>:
Bad syntax (expected directive or statement) at ^ in:
""b'\n# Natural Language Question\n# =======================\n'^b'Connect patents cited in UniProtKB with those in the patent '..."""
938809221,sebastians1999/federated-sparql-rag-agent,a064b7529e66a7f30504ce243d96961d52603900,experiments/experiment_data/ev_2025-04-22_17-38-49/45_comparison.ttl,parse_error,,"BadSyntax: at line 4 of <>:
Bad syntax (expected directive or statement) at ^ in:
""b'\n# Natural Language Question\n# =======================\n'^b'Retrieve drugs that target human enzymes involved in sterol '..."""
938809221,sebastians1999/federated-sparql-rag-agent,a064b7529e66a7f30504ce243d96961d52603900,experiments/experiment_data/ev_2025-04-22_17-38-49/49_comparison.ttl,parse_error,,"BadSyntax: at line 4 of <>:
Bad syntax (expected directive or statement) at ^ in:
""b'\n# Natural Language Question\n# =======================\n'^b'Retrieve the UniProtKB proteins, their catalyzed Rhea reacti'..."""
938809221,sebastians1999/federated-sparql-rag-agent,a064b7529e66a7f30504ce243d96961d52603900,experiments/experiment_data/ev_2025-04-22_17-38-49/51_comparison.ttl,parse_error,,"BadSyntax: at line 4 of <>:
Bad syntax (expected directive or statement) at ^ in:
""b'\n# Natural Language Question\n# =======================\n'^b'Find all proteins linked to arachidonate (CHEBI:32395)\n\n# Ta'..."""
938809221,sebastians1999/federated-sparql-rag-agent,a064b7529e66a7f30504ce243d96961d52603900,experiments/experiment_data/ev_2025-04-22_17-38-49/52_comparison.ttl,parse_error,,"BadSyntax: at line 4 of <>:
Bad syntax (expected directive or statement) at ^ in:
""b'\n# Natural Language Question\n# =======================\n'^b'Retrieve drugs that target human enzymes involved in sterol '..."""
938809221,sebastians1999/federated-sparql-rag-agent,a064b7529e66a7f30504ce243d96961d52603900,experiments/experiment_data/ev_2025-04-22_17-38-49/53_comparison.ttl,parse_error,,"BadSyntax: at line 4 of <>:
Bad syntax (expected directive or statement) at ^ in:
""b'\n# Natural Language Question\n# =======================\n'^b'Find mouse homologs in OMABrowser of human enzymes that cata'..."""
938809221,sebastians1999/federated-sparql-rag-agent,a064b7529e66a7f30504ce243d96961d52603900,experiments/experiment_data/ev_2025-04-22_17-38-49/54_comparison.ttl,parse_error,,"BadSyntax: at line 4 of <>:
Bad syntax (expected directive or statement) at ^ in:
""b'\n# Natural Language Question\n# =======================\n'^b'Proteins with binding sites for ligands similar to heme\n\n# T'..."""
938809221,sebastians1999/federated-sparql-rag-agent,a064b7529e66a7f30504ce243d96961d52603900,experiments/experiment_data/ev_2025-04-22_17-38-49/5_comparison.ttl,parse_error,,"BadSyntax: at line 4 of <>:
Bad syntax (expected directive or statement) at ^ in:
""b'\n# Natural Language Question\n# =======================\n'^b'For a given lipid (SWISSLIPID:000399814, Ceramide), return a'..."""
938809221,sebastians1999/federated-sparql-rag-agent,a064b7529e66a7f30504ce243d96961d52603900,experiments/experiment_data/ev_2025-04-22_17-38-49/60_comparison.ttl,parse_error,,"BadSyntax: at line 4 of <>:
Bad syntax (expected directive or statement) at ^ in:
""b'\n# Natural Language Question\n# =======================\n'^b'Find human proteins that catalyze reactions where substrates'..."""
938809221,sebastians1999/federated-sparql-rag-agent,a064b7529e66a7f30504ce243d96961d52603900,experiments/experiment_data/ev_2025-04-22_17-38-49/67_draft_human_metabolome_comparison.ttl,parse_error,,"BadSyntax: at line 4 of <>:
Bad syntax (expected directive or statement) at ^ in:
""b'\n# Natural Language Question\n# =======================\n'^b'Generate a draft human metabolome\n\n# Target Endpoint\n# ====='..."""
938809221,sebastians1999/federated-sparql-rag-agent,a064b7529e66a7f30504ce243d96961d52603900,experiments/experiment_data/ev_2025-04-22_17-38-49/6_comparison.ttl,parse_error,,"BadSyntax: at line 4 of <>:
Bad syntax (expected directive or statement) at ^ in:
""b'\n# Natural Language Question\n# =======================\n'^b'For a given lipid (SWISSLIPID:000399814, Ceramide), return a'..."""
938809221,sebastians1999/federated-sparql-rag-agent,a064b7529e66a7f30504ce243d96961d52603900,experiments/experiment_data/ev_2025-04-22_17-38-49/70_enzymes_interacting_with_molecules_similar_to_dopamine_comparison.ttl,parse_error,,"BadSyntax: at line 4 of <>:
Bad syntax (expected directive or statement) at ^ in:
""b'\n# Natural Language Question\n# =======================\n'^b'Look for enzymes catalyzing reactions with molecules similar'..."""
938809221,sebastians1999/federated-sparql-rag-agent,a064b7529e66a7f30504ce243d96961d52603900,experiments/experiment_data/ev_2025-04-22_17-38-49/94_Select_all_approved_reactions_with_CHEBI_or_one_of_its_descendant_optional_UniProtKB_reviewed_EC_comparison.ttl,parse_error,,"BadSyntax: at line 4 of <>:
Bad syntax (expected directive or statement) at ^ in:
""b'\n# Natural Language Question\n# =======================\n'^b'Select all approved reactions with CHEBI:17815 (a 1,2-diacyl'..."""
938809221,sebastians1999/federated-sparql-rag-agent,a064b7529e66a7f30504ce243d96961d52603900,experiments/experiment_data/ev_2025-04-22_21-44-48/109_Distribution_of_reactions_according_to_the_first_level_of_enzyme_classification_comparison.ttl,parse_error,,"BadSyntax: at line 4 of <>:
Bad syntax (expected directive or statement) at ^ in:
""b'\n# Natural Language Question\n# =======================\n'^b'Distribution of reactions according to the first level of en'..."""
938809221,sebastians1999/federated-sparql-rag-agent,a064b7529e66a7f30504ce243d96961d52603900,experiments/experiment_data/ev_2025-04-22_21-44-48/112_Total_number_of_reaction_ec_protein_links_comparison.ttl,parse_error,,"BadSyntax: at line 4 of <>:
Bad syntax (expected directive or statement) at ^ in:
""b'\n# Natural Language Question\n# =======================\n'^b'Total number of <reaction> <ec> <protein> links\n\n# Target En'..."""
938809221,sebastians1999/federated-sparql-rag-agent,a064b7529e66a7f30504ce243d96961d52603900,experiments/experiment_data/ev_2025-04-22_21-44-48/115_Retrieve_the_set_of_metabolites_involved_in_reactions_catalyzed_by_human_genes_HUMAN_reference_proteome_comparison.ttl,parse_error,,"BadSyntax: at line 4 of <>:
Bad syntax (expected directive or statement) at ^ in:
""b'\n# Natural Language Question\n# =======================\n'^b'Retrieve the set of metabolites involved in reactions cataly'..."""
938809221,sebastians1999/federated-sparql-rag-agent,a064b7529e66a7f30504ce243d96961d52603900,experiments/experiment_data/ev_2025-04-22_21-44-48/116_biosodafrontend_rabit_mouse_orthologs_comparison.ttl,parse_error,,"BadSyntax: at line 4 of <>:
Bad syntax (expected directive or statement) at ^ in:
""b'\n# Natural Language Question\n# =======================\n'^b""Rabbit's proteins encoded by genes that are orthologous to M""..."""
938809221,sebastians1999/federated-sparql-rag-agent,a064b7529e66a7f30504ce243d96961d52603900,experiments/experiment_data/ev_2025-04-22_21-44-48/117_Retrieve_parent_reactions_and_their_catalyzing_enzymes_for_a_metabolite_that_is_not_directly_involved_in_a_reaction_comparison.ttl,parse_error,,"BadSyntax: at line 4 of <>:
Bad syntax (expected directive or statement) at ^ in:
""b'\n# Natural Language Question\n# =======================\n'^b'Retrieve parent reactions (and their catalyzing enzymes) for'..."""
938809221,sebastians1999/federated-sparql-rag-agent,a064b7529e66a7f30504ce243d96961d52603900,experiments/experiment_data/ev_2025-04-22_21-44-48/117_biosodafrontend_glioblastoma_orthologs_rat_comparison.ttl,parse_error,,"BadSyntax: at line 4 of <>:
Bad syntax (expected directive or statement) at ^ in:
""b'\n# Natural Language Question\n# =======================\n'^b'Which are the proteins associated with glioblastoma and the '..."""
938809221,sebastians1999/federated-sparql-rag-agent,a064b7529e66a7f30504ce243d96961d52603900,experiments/experiment_data/ev_2025-04-22_21-44-48/118_biosodafrontend_rat_brain_human_cancer_comparison.ttl,parse_error,,"BadSyntax: at line 4 of <>:
Bad syntax (expected directive or statement) at ^ in:
""b'\n# Natural Language Question\n# =======================\n'^b'What are the Homo sapiens genes associated with cancer and t'..."""
938809221,sebastians1999/federated-sparql-rag-agent,a064b7529e66a7f30504ce243d96961d52603900,experiments/experiment_data/ev_2025-04-22_21-44-48/11_comparison.ttl,parse_error,,"BadSyntax: at line 4 of <>:
Bad syntax (expected directive or statement) at ^ in:
""b'\n# Natural Language Question\n# =======================\n'^b'Distribution of reactions according to the first class of th'..."""
938809221,sebastians1999/federated-sparql-rag-agent,a064b7529e66a7f30504ce243d96961d52603900,experiments/experiment_data/ev_2025-04-22_21-44-48/12_comparison.ttl,parse_error,,"BadSyntax: at line 4 of <>:
Bad syntax (expected directive or statement) at ^ in:
""b'\n# Natural Language Question\n# =======================\n'^b'Select all Rhea reactions linked to protein sequences (enzym'..."""
938809221,sebastians1999/federated-sparql-rag-agent,a064b7529e66a7f30504ce243d96961d52603900,experiments/experiment_data/ev_2025-04-22_21-44-48/16_comparison.ttl,parse_error,,"BadSyntax: at line 4 of <>:
Bad syntax (expected directive or statement) at ^ in:
""b'\n# Natural Language Question\n# =======================\n'^b'For a given lipid (SWISSLIPID:000399814, Ceramide), return a'..."""
938809221,sebastians1999/federated-sparql-rag-agent,a064b7529e66a7f30504ce243d96961d52603900,experiments/experiment_data/ev_2025-04-22_21-44-48/18_comparison.ttl,parse_error,,"BadSyntax: at line 4 of <>:
Bad syntax (expected directive or statement) at ^ in:
""b'\n# Natural Language Question\n# =======================\n'^b'Use <a href=""https://idsm.elixir-czech.cz/sparql"">IDSM Sache'..."""
938809221,sebastians1999/federated-sparql-rag-agent,a064b7529e66a7f30504ce243d96961d52603900,experiments/experiment_data/ev_2025-04-22_21-44-48/19_draft_human_metabolome_comparison.ttl,parse_error,,"BadSyntax: at line 4 of <>:
Bad syntax (expected directive or statement) at ^ in:
""b'\n# Natural Language Question\n# =======================\n'^b'Generate a draft human metabolome\n\n# Target Endpoint\n# ====='..."""
938809221,sebastians1999/federated-sparql-rag-agent,a064b7529e66a7f30504ce243d96961d52603900,experiments/experiment_data/ev_2025-04-22_21-44-48/20_search_chemical_names_in_japanese_comparison.ttl,parse_error,,"BadSyntax: at line 4 of <>:
Bad syntax (expected directive or statement) at ^ in:
""b'\n# Natural Language Question\n# =======================\n'^b'Search for Chemical names starting in Japanese, translated t'..."""
938809221,sebastians1999/federated-sparql-rag-agent,a064b7529e66a7f30504ce243d96961d52603900,experiments/experiment_data/ev_2025-04-22_21-44-48/29_comparison.ttl,parse_error,,"BadSyntax: at line 4 of <>:
Bad syntax (expected directive or statement) at ^ in:
""b'\n# Natural Language Question\n# =======================\n'^b'Use <a href=""http://allie.dbcls.jp/"">ALLIE</a> a service for'..."""
938809221,sebastians1999/federated-sparql-rag-agent,a064b7529e66a7f30504ce243d96961d52603900,experiments/experiment_data/ev_2025-04-22_21-44-48/34_comparison.ttl,parse_error,,"BadSyntax: at line 4 of <>:
Bad syntax (expected directive or statement) at ^ in:
""b'\n# Natural Language Question\n# =======================\n'^b'Lipids affected by human enzymes\n\n# Target Endpoint\n# ======'..."""
938809221,sebastians1999/federated-sparql-rag-agent,a064b7529e66a7f30504ce243d96961d52603900,experiments/experiment_data/ev_2025-04-22_21-44-48/36_comparison.ttl,parse_error,,"BadSyntax: at line 4 of <>:
Bad syntax (expected directive or statement) at ^ in:
""b'\n# Natural Language Question\n# =======================\n'^b'Find the orthologous proteins for UniProtKB entry P05067 usi'..."""
938809221,sebastians1999/federated-sparql-rag-agent,a064b7529e66a7f30504ce243d96961d52603900,experiments/experiment_data/ev_2025-04-22_21-44-48/38_comparison.ttl,parse_error,,"BadSyntax: at line 4 of <>:
Bad syntax (expected directive or statement) at ^ in:
""b'\n# Natural Language Question\n# =======================\n'^b'For the human entry P05067 (Amyloid-beta precursor protein) '..."""
938809221,sebastians1999/federated-sparql-rag-agent,a064b7529e66a7f30504ce243d96961d52603900,experiments/experiment_data/ev_2025-04-22_21-44-48/40_comparison.ttl,parse_error,,"BadSyntax: at line 4 of <>:
Bad syntax (expected directive or statement) at ^ in:
""b'\n# Natural Language Question\n# =======================\n'^b'Retrieve human enzymes that metabolize sphingolipids and are'..."""
938809221,sebastians1999/federated-sparql-rag-agent,a064b7529e66a7f30504ce243d96961d52603900,experiments/experiment_data/ev_2025-04-22_21-44-48/42_comparison.ttl,parse_error,,"BadSyntax: at line 4 of <>:
Bad syntax (expected directive or statement) at ^ in:
""b'\n# Natural Language Question\n# =======================\n'^b'Connect patents cited in UniProtKB with those in the patent '..."""
938809221,sebastians1999/federated-sparql-rag-agent,a064b7529e66a7f30504ce243d96961d52603900,experiments/experiment_data/ev_2025-04-22_21-44-48/43_comparison.ttl,parse_error,,"BadSyntax: at line 4 of <>:
Bad syntax (expected directive or statement) at ^ in:
""b'\n# Natural Language Question\n# =======================\n'^b'Connect patents cited in UniProtKB with those in the patent '..."""
938809221,sebastians1999/federated-sparql-rag-agent,a064b7529e66a7f30504ce243d96961d52603900,experiments/experiment_data/ev_2025-04-22_21-44-48/45_comparison.ttl,parse_error,,"BadSyntax: at line 4 of <>:
Bad syntax (expected directive or statement) at ^ in:
""b'\n# Natural Language Question\n# =======================\n'^b'Retrieve drugs that target human enzymes involved in sterol '..."""
938809221,sebastians1999/federated-sparql-rag-agent,a064b7529e66a7f30504ce243d96961d52603900,experiments/experiment_data/ev_2025-04-22_21-44-48/49_comparison.ttl,parse_error,,"BadSyntax: at line 4 of <>:
Bad syntax (expected directive or statement) at ^ in:
""b'\n# Natural Language Question\n# =======================\n'^b'Retrieve the UniProtKB proteins, their catalyzed Rhea reacti'..."""
938809221,sebastians1999/federated-sparql-rag-agent,a064b7529e66a7f30504ce243d96961d52603900,experiments/experiment_data/ev_2025-04-22_21-44-48/51_comparison.ttl,parse_error,,"BadSyntax: at line 4 of <>:
Bad syntax (expected directive or statement) at ^ in:
""b'\n# Natural Language Question\n# =======================\n'^b'Find all proteins linked to arachidonate (CHEBI:32395)\n\n# Ta'..."""
938809221,sebastians1999/federated-sparql-rag-agent,a064b7529e66a7f30504ce243d96961d52603900,experiments/experiment_data/ev_2025-04-22_21-44-48/52_comparison.ttl,parse_error,,"BadSyntax: at line 4 of <>:
Bad syntax (expected directive or statement) at ^ in:
""b'\n# Natural Language Question\n# =======================\n'^b'Retrieve drugs that target human enzymes involved in sterol '..."""
938809221,sebastians1999/federated-sparql-rag-agent,a064b7529e66a7f30504ce243d96961d52603900,experiments/experiment_data/ev_2025-04-22_21-44-48/53_comparison.ttl,parse_error,,"BadSyntax: at line 4 of <>:
Bad syntax (expected directive or statement) at ^ in:
""b'\n# Natural Language Question\n# =======================\n'^b'Find mouse homologs in OMABrowser of human enzymes that cata'..."""
938809221,sebastians1999/federated-sparql-rag-agent,a064b7529e66a7f30504ce243d96961d52603900,experiments/experiment_data/ev_2025-04-22_21-44-48/54_comparison.ttl,parse_error,,"BadSyntax: at line 4 of <>:
Bad syntax (expected directive or statement) at ^ in:
""b'\n# Natural Language Question\n# =======================\n'^b'Proteins with binding sites for ligands similar to heme\n\n# T'..."""
938809221,sebastians1999/federated-sparql-rag-agent,a064b7529e66a7f30504ce243d96961d52603900,experiments/experiment_data/ev_2025-04-22_21-44-48/5_comparison.ttl,parse_error,,"BadSyntax: at line 4 of <>:
Bad syntax (expected directive or statement) at ^ in:
""b'\n# Natural Language Question\n# =======================\n'^b'For a given lipid (SWISSLIPID:000399814, Ceramide), return a'..."""
938809221,sebastians1999/federated-sparql-rag-agent,a064b7529e66a7f30504ce243d96961d52603900,experiments/experiment_data/ev_2025-04-22_21-44-48/60_comparison.ttl,parse_error,,"BadSyntax: at line 4 of <>:
Bad syntax (expected directive or statement) at ^ in:
""b'\n# Natural Language Question\n# =======================\n'^b'Find human proteins that catalyze reactions where substrates'..."""
938809221,sebastians1999/federated-sparql-rag-agent,a064b7529e66a7f30504ce243d96961d52603900,experiments/experiment_data/ev_2025-04-22_21-44-48/67_draft_human_metabolome_comparison.ttl,parse_error,,"BadSyntax: at line 4 of <>:
Bad syntax (expected directive or statement) at ^ in:
""b'\n# Natural Language Question\n# =======================\n'^b'Generate a draft human metabolome\n\n# Target Endpoint\n# ====='..."""
938809221,sebastians1999/federated-sparql-rag-agent,a064b7529e66a7f30504ce243d96961d52603900,experiments/experiment_data/ev_2025-04-22_21-44-48/6_comparison.ttl,parse_error,,"BadSyntax: at line 4 of <>:
Bad syntax (expected directive or statement) at ^ in:
""b'\n# Natural Language Question\n# =======================\n'^b'For a given lipid (SWISSLIPID:000399814, Ceramide), return a'..."""
938809221,sebastians1999/federated-sparql-rag-agent,a064b7529e66a7f30504ce243d96961d52603900,experiments/experiment_data/ev_2025-04-22_21-44-48/70_enzymes_interacting_with_molecules_similar_to_dopamine_comparison.ttl,parse_error,,"BadSyntax: at line 4 of <>:
Bad syntax (expected directive or statement) at ^ in:
""b'\n# Natural Language Question\n# =======================\n'^b'Look for enzymes catalyzing reactions with molecules similar'..."""
938809221,sebastians1999/federated-sparql-rag-agent,a064b7529e66a7f30504ce243d96961d52603900,experiments/experiment_data/ev_2025-04-22_21-44-48/94_Select_all_approved_reactions_with_CHEBI_or_one_of_its_descendant_optional_UniProtKB_reviewed_EC_comparison.ttl,parse_error,,"BadSyntax: at line 4 of <>:
Bad syntax (expected directive or statement) at ^ in:
""b'\n# Natural Language Question\n# =======================\n'^b'Select all approved reactions with CHEBI:17815 (a 1,2-diacyl'..."""
938809221,sebastians1999/federated-sparql-rag-agent,a064b7529e66a7f30504ce243d96961d52603900,experiments/experiment_data/ev_2025-04-23_10-26-29/109_Distribution_of_reactions_according_to_the_first_level_of_enzyme_classification_comparison.ttl,parse_error,,"BadSyntax: at line 4 of <>:
Bad syntax (expected directive or statement) at ^ in:
""b'\n# Natural Language Question\n# =======================\n'^b'Distribution of reactions according to the first level of en'..."""
938809221,sebastians1999/federated-sparql-rag-agent,a064b7529e66a7f30504ce243d96961d52603900,experiments/experiment_data/ev_2025-04-23_10-26-29/112_Total_number_of_reaction_ec_protein_links_comparison.ttl,parse_error,,"BadSyntax: at line 4 of <>:
Bad syntax (expected directive or statement) at ^ in:
""b'\n# Natural Language Question\n# =======================\n'^b'Total number of <reaction> <ec> <protein> links\n\n# Target En'..."""
938809221,sebastians1999/federated-sparql-rag-agent,a064b7529e66a7f30504ce243d96961d52603900,experiments/experiment_data/ev_2025-04-23_10-26-29/115_Retrieve_the_set_of_metabolites_involved_in_reactions_catalyzed_by_human_genes_HUMAN_reference_proteome_comparison.ttl,parse_error,,"BadSyntax: at line 4 of <>:
Bad syntax (expected directive or statement) at ^ in:
""b'\n# Natural Language Question\n# =======================\n'^b'Retrieve the set of metabolites involved in reactions cataly'..."""
938809221,sebastians1999/federated-sparql-rag-agent,a064b7529e66a7f30504ce243d96961d52603900,experiments/experiment_data/ev_2025-04-23_10-26-29/116_biosodafrontend_rabit_mouse_orthologs_comparison.ttl,parse_error,,"BadSyntax: at line 4 of <>:
Bad syntax (expected directive or statement) at ^ in:
""b'\n# Natural Language Question\n# =======================\n'^b""Rabbit's proteins encoded by genes that are orthologous to M""..."""
938809221,sebastians1999/federated-sparql-rag-agent,a064b7529e66a7f30504ce243d96961d52603900,experiments/experiment_data/ev_2025-04-23_10-26-29/117_Retrieve_parent_reactions_and_their_catalyzing_enzymes_for_a_metabolite_that_is_not_directly_involved_in_a_reaction_comparison.ttl,parse_error,,"BadSyntax: at line 4 of <>:
Bad syntax (expected directive or statement) at ^ in:
""b'\n# Natural Language Question\n# =======================\n'^b'Retrieve parent reactions (and their catalyzing enzymes) for'..."""
938809221,sebastians1999/federated-sparql-rag-agent,a064b7529e66a7f30504ce243d96961d52603900,experiments/experiment_data/ev_2025-04-23_10-26-29/117_biosodafrontend_glioblastoma_orthologs_rat_comparison.ttl,parse_error,,"BadSyntax: at line 4 of <>:
Bad syntax (expected directive or statement) at ^ in:
""b'\n# Natural Language Question\n# =======================\n'^b'Which are the proteins associated with glioblastoma and the '..."""
938809221,sebastians1999/federated-sparql-rag-agent,a064b7529e66a7f30504ce243d96961d52603900,experiments/experiment_data/ev_2025-04-23_10-26-29/118_biosodafrontend_rat_brain_human_cancer_comparison.ttl,parse_error,,"BadSyntax: at line 4 of <>:
Bad syntax (expected directive or statement) at ^ in:
""b'\n# Natural Language Question\n# =======================\n'^b'What are the Homo sapiens genes associated with cancer and t'..."""
938809221,sebastians1999/federated-sparql-rag-agent,a064b7529e66a7f30504ce243d96961d52603900,experiments/experiment_data/ev_2025-04-23_10-26-29/11_comparison.ttl,parse_error,,"BadSyntax: at line 4 of <>:
Bad syntax (expected directive or statement) at ^ in:
""b'\n# Natural Language Question\n# =======================\n'^b'Distribution of reactions according to the first class of th'..."""
938809221,sebastians1999/federated-sparql-rag-agent,a064b7529e66a7f30504ce243d96961d52603900,experiments/experiment_data/ev_2025-04-23_10-26-29/12_comparison.ttl,parse_error,,"BadSyntax: at line 4 of <>:
Bad syntax (expected directive or statement) at ^ in:
""b'\n# Natural Language Question\n# =======================\n'^b'Select all Rhea reactions linked to protein sequences (enzym'..."""
938809221,sebastians1999/federated-sparql-rag-agent,a064b7529e66a7f30504ce243d96961d52603900,experiments/experiment_data/ev_2025-04-23_10-26-29/16_comparison.ttl,parse_error,,"BadSyntax: at line 4 of <>:
Bad syntax (expected directive or statement) at ^ in:
""b'\n# Natural Language Question\n# =======================\n'^b'For a given lipid (SWISSLIPID:000399814, Ceramide), return a'..."""
938809221,sebastians1999/federated-sparql-rag-agent,a064b7529e66a7f30504ce243d96961d52603900,experiments/experiment_data/ev_2025-04-23_10-26-29/19_draft_human_metabolome_comparison.ttl,parse_error,,"BadSyntax: at line 4 of <>:
Bad syntax (expected directive or statement) at ^ in:
""b'\n# Natural Language Question\n# =======================\n'^b'Generate a draft human metabolome\n\n# Target Endpoint\n# ====='..."""
938809221,sebastians1999/federated-sparql-rag-agent,a064b7529e66a7f30504ce243d96961d52603900,experiments/experiment_data/ev_2025-04-23_10-26-29/20_search_chemical_names_in_japanese_comparison.ttl,parse_error,,"BadSyntax: at line 4 of <>:
Bad syntax (expected directive or statement) at ^ in:
""b'\n# Natural Language Question\n# =======================\n'^b'Search for Chemical names starting in Japanese, translated t'..."""
938809221,sebastians1999/federated-sparql-rag-agent,a064b7529e66a7f30504ce243d96961d52603900,experiments/experiment_data/ev_2025-04-23_10-26-29/29_comparison.ttl,parse_error,,"BadSyntax: at line 4 of <>:
Bad syntax (expected directive or statement) at ^ in:
""b'\n# Natural Language Question\n# =======================\n'^b'Use <a href=""http://allie.dbcls.jp/"">ALLIE</a> a service for'..."""
938809221,sebastians1999/federated-sparql-rag-agent,a064b7529e66a7f30504ce243d96961d52603900,experiments/experiment_data/ev_2025-04-23_10-26-29/34_comparison.ttl,parse_error,,"BadSyntax: at line 4 of <>:
Bad syntax (expected directive or statement) at ^ in:
""b'\n# Natural Language Question\n# =======================\n'^b'Lipids affected by human enzymes\n\n# Target Endpoint\n# ======'..."""
938809221,sebastians1999/federated-sparql-rag-agent,a064b7529e66a7f30504ce243d96961d52603900,experiments/experiment_data/ev_2025-04-23_10-26-29/36_comparison.ttl,parse_error,,"BadSyntax: at line 4 of <>:
Bad syntax (expected directive or statement) at ^ in:
""b'\n# Natural Language Question\n# =======================\n'^b'Find the orthologous proteins for UniProtKB entry P05067 usi'..."""
938809221,sebastians1999/federated-sparql-rag-agent,a064b7529e66a7f30504ce243d96961d52603900,experiments/experiment_data/ev_2025-04-23_10-26-29/38_comparison.ttl,parse_error,,"BadSyntax: at line 4 of <>:
Bad syntax (expected directive or statement) at ^ in:
""b'\n# Natural Language Question\n# =======================\n'^b'For the human entry P05067 (Amyloid-beta precursor protein) '..."""
938809221,sebastians1999/federated-sparql-rag-agent,a064b7529e66a7f30504ce243d96961d52603900,experiments/experiment_data/ev_2025-04-23_10-26-29/40_comparison.ttl,parse_error,,"BadSyntax: at line 4 of <>:
Bad syntax (expected directive or statement) at ^ in:
""b'\n# Natural Language Question\n# =======================\n'^b'Retrieve human enzymes that metabolize sphingolipids and are'..."""
938809221,sebastians1999/federated-sparql-rag-agent,a064b7529e66a7f30504ce243d96961d52603900,experiments/experiment_data/ev_2025-04-23_10-26-29/42_comparison.ttl,parse_error,,"BadSyntax: at line 4 of <>:
Bad syntax (expected directive or statement) at ^ in:
""b'\n# Natural Language Question\n# =======================\n'^b'Connect patents cited in UniProtKB with those in the patent '..."""
938809221,sebastians1999/federated-sparql-rag-agent,a064b7529e66a7f30504ce243d96961d52603900,experiments/experiment_data/ev_2025-04-23_10-26-29/43_comparison.ttl,parse_error,,"BadSyntax: at line 4 of <>:
Bad syntax (expected directive or statement) at ^ in:
""b'\n# Natural Language Question\n# =======================\n'^b'Connect patents cited in UniProtKB with those in the patent '..."""
938809221,sebastians1999/federated-sparql-rag-agent,a064b7529e66a7f30504ce243d96961d52603900,experiments/experiment_data/ev_2025-04-23_10-26-29/45_comparison.ttl,parse_error,,"BadSyntax: at line 4 of <>:
Bad syntax (expected directive or statement) at ^ in:
""b'\n# Natural Language Question\n# =======================\n'^b'Retrieve drugs that target human enzymes involved in sterol '..."""
938809221,sebastians1999/federated-sparql-rag-agent,a064b7529e66a7f30504ce243d96961d52603900,experiments/experiment_data/ev_2025-04-23_10-26-29/49_comparison.ttl,parse_error,,"BadSyntax: at line 4 of <>:
Bad syntax (expected directive or statement) at ^ in:
""b'\n# Natural Language Question\n# =======================\n'^b'Retrieve the UniProtKB proteins, their catalyzed Rhea reacti'..."""
938809221,sebastians1999/federated-sparql-rag-agent,a064b7529e66a7f30504ce243d96961d52603900,experiments/experiment_data/ev_2025-04-23_10-26-29/51_comparison.ttl,parse_error,,"BadSyntax: at line 4 of <>:
Bad syntax (expected directive or statement) at ^ in:
""b'\n# Natural Language Question\n# =======================\n'^b'Find all proteins linked to arachidonate (CHEBI:32395)\n\n# Ta'..."""
938809221,sebastians1999/federated-sparql-rag-agent,a064b7529e66a7f30504ce243d96961d52603900,experiments/experiment_data/ev_2025-04-23_10-26-29/52_comparison.ttl,parse_error,,"BadSyntax: at line 4 of <>:
Bad syntax (expected directive or statement) at ^ in:
""b'\n# Natural Language Question\n# =======================\n'^b'Retrieve drugs that target human enzymes involved in sterol '..."""
938809221,sebastians1999/federated-sparql-rag-agent,a064b7529e66a7f30504ce243d96961d52603900,experiments/experiment_data/ev_2025-04-23_10-26-29/53_comparison.ttl,parse_error,,"BadSyntax: at line 4 of <>:
Bad syntax (expected directive or statement) at ^ in:
""b'\n# Natural Language Question\n# =======================\n'^b'Find mouse homologs in OMABrowser of human enzymes that cata'..."""
938809221,sebastians1999/federated-sparql-rag-agent,a064b7529e66a7f30504ce243d96961d52603900,experiments/experiment_data/ev_2025-04-23_10-26-29/54_comparison.ttl,parse_error,,"BadSyntax: at line 4 of <>:
Bad syntax (expected directive or statement) at ^ in:
""b'\n# Natural Language Question\n# =======================\n'^b'Proteins with binding sites for ligands similar to heme\n\n# T'..."""
938809221,sebastians1999/federated-sparql-rag-agent,a064b7529e66a7f30504ce243d96961d52603900,experiments/experiment_data/ev_2025-04-23_10-26-29/5_comparison.ttl,parse_error,,"BadSyntax: at line 4 of <>:
Bad syntax (expected directive or statement) at ^ in:
""b'\n# Natural Language Question\n# =======================\n'^b'For a given lipid (SWISSLIPID:000399814, Ceramide), return a'..."""
938809221,sebastians1999/federated-sparql-rag-agent,a064b7529e66a7f30504ce243d96961d52603900,experiments/experiment_data/ev_2025-04-23_10-26-29/60_comparison.ttl,parse_error,,"BadSyntax: at line 4 of <>:
Bad syntax (expected directive or statement) at ^ in:
""b'\n# Natural Language Question\n# =======================\n'^b'Find human proteins that catalyze reactions where substrates'..."""
938809221,sebastians1999/federated-sparql-rag-agent,a064b7529e66a7f30504ce243d96961d52603900,experiments/experiment_data/ev_2025-04-23_10-26-29/67_draft_human_metabolome_comparison.ttl,parse_error,,"BadSyntax: at line 4 of <>:
Bad syntax (expected directive or statement) at ^ in:
""b'\n# Natural Language Question\n# =======================\n'^b'Generate a draft human metabolome\n\n# Target Endpoint\n# ====='..."""
938809221,sebastians1999/federated-sparql-rag-agent,a064b7529e66a7f30504ce243d96961d52603900,experiments/experiment_data/ev_2025-04-23_10-26-29/6_comparison.ttl,parse_error,,"BadSyntax: at line 4 of <>:
Bad syntax (expected directive or statement) at ^ in:
""b'\n# Natural Language Question\n# =======================\n'^b'For a given lipid (SWISSLIPID:000399814, Ceramide), return a'..."""
938809221,sebastians1999/federated-sparql-rag-agent,a064b7529e66a7f30504ce243d96961d52603900,experiments/experiment_data/ev_2025-04-23_10-26-29/70_enzymes_interacting_with_molecules_similar_to_dopamine_comparison.ttl,parse_error,,"BadSyntax: at line 4 of <>:
Bad syntax (expected directive or statement) at ^ in:
""b'\n# Natural Language Question\n# =======================\n'^b'Look for enzymes catalyzing reactions with molecules similar'..."""
938809221,sebastians1999/federated-sparql-rag-agent,a064b7529e66a7f30504ce243d96961d52603900,experiments/experiment_data/ev_2025-04-23_10-26-29/94_Select_all_approved_reactions_with_CHEBI_or_one_of_its_descendant_optional_UniProtKB_reviewed_EC_comparison.ttl,parse_error,,"BadSyntax: at line 4 of <>:
Bad syntax (expected directive or statement) at ^ in:
""b'\n# Natural Language Question\n# =======================\n'^b'Select all approved reactions with CHEBI:17815 (a 1,2-diacyl'..."""
938809221,sebastians1999/federated-sparql-rag-agent,a064b7529e66a7f30504ce243d96961d52603900,experiments/experiment_data/ev_2025-04-23_11-26-44/109_Distribution_of_reactions_according_to_the_first_level_of_enzyme_classification_comparison.ttl,parse_error,,"BadSyntax: at line 4 of <>:
Bad syntax (expected directive or statement) at ^ in:
""b'\n# Natural Language Question\n# =======================\n'^b'Distribution of reactions according to the first level of en'..."""
938809221,sebastians1999/federated-sparql-rag-agent,a064b7529e66a7f30504ce243d96961d52603900,experiments/experiment_data/ev_2025-04-23_11-26-44/112_Total_number_of_reaction_ec_protein_links_comparison.ttl,parse_error,,"BadSyntax: at line 4 of <>:
Bad syntax (expected directive or statement) at ^ in:
""b'\n# Natural Language Question\n# =======================\n'^b'Total number of <reaction> <ec> <protein> links\n\n# Target En'..."""
938809221,sebastians1999/federated-sparql-rag-agent,a064b7529e66a7f30504ce243d96961d52603900,experiments/experiment_data/ev_2025-04-23_11-26-44/115_Retrieve_the_set_of_metabolites_involved_in_reactions_catalyzed_by_human_genes_HUMAN_reference_proteome_comparison.ttl,parse_error,,"BadSyntax: at line 4 of <>:
Bad syntax (expected directive or statement) at ^ in:
""b'\n# Natural Language Question\n# =======================\n'^b'Retrieve the set of metabolites involved in reactions cataly'..."""
938809221,sebastians1999/federated-sparql-rag-agent,a064b7529e66a7f30504ce243d96961d52603900,experiments/experiment_data/ev_2025-04-23_11-26-44/116_biosodafrontend_rabit_mouse_orthologs_comparison.ttl,parse_error,,"BadSyntax: at line 4 of <>:
Bad syntax (expected directive or statement) at ^ in:
""b'\n# Natural Language Question\n# =======================\n'^b""Rabbit's proteins encoded by genes that are orthologous to M""..."""
938809221,sebastians1999/federated-sparql-rag-agent,a064b7529e66a7f30504ce243d96961d52603900,experiments/experiment_data/ev_2025-04-23_11-26-44/117_Retrieve_parent_reactions_and_their_catalyzing_enzymes_for_a_metabolite_that_is_not_directly_involved_in_a_reaction_comparison.ttl,parse_error,,"BadSyntax: at line 4 of <>:
Bad syntax (expected directive or statement) at ^ in:
""b'\n# Natural Language Question\n# =======================\n'^b'Retrieve parent reactions (and their catalyzing enzymes) for'..."""
938809221,sebastians1999/federated-sparql-rag-agent,a064b7529e66a7f30504ce243d96961d52603900,experiments/experiment_data/ev_2025-04-23_11-26-44/117_biosodafrontend_glioblastoma_orthologs_rat_comparison.ttl,parse_error,,"BadSyntax: at line 4 of <>:
Bad syntax (expected directive or statement) at ^ in:
""b'\n# Natural Language Question\n# =======================\n'^b'Which are the proteins associated with glioblastoma and the '..."""
938809221,sebastians1999/federated-sparql-rag-agent,a064b7529e66a7f30504ce243d96961d52603900,experiments/experiment_data/ev_2025-04-23_11-26-44/118_biosodafrontend_rat_brain_human_cancer_comparison.ttl,parse_error,,"BadSyntax: at line 4 of <>:
Bad syntax (expected directive or statement) at ^ in:
""b'\n# Natural Language Question\n# =======================\n'^b'What are the Homo sapiens genes associated with cancer and t'..."""
938809221,sebastians1999/federated-sparql-rag-agent,a064b7529e66a7f30504ce243d96961d52603900,experiments/experiment_data/ev_2025-04-23_11-26-44/11_comparison.ttl,parse_error,,"BadSyntax: at line 4 of <>:
Bad syntax (expected directive or statement) at ^ in:
""b'\n# Natural Language Question\n# =======================\n'^b'Distribution of reactions according to the first class of th'..."""
938809221,sebastians1999/federated-sparql-rag-agent,a064b7529e66a7f30504ce243d96961d52603900,experiments/experiment_data/ev_2025-04-23_11-26-44/12_comparison.ttl,parse_error,,"BadSyntax: at line 4 of <>:
Bad syntax (expected directive or statement) at ^ in:
""b'\n# Natural Language Question\n# =======================\n'^b'Select all Rhea reactions linked to protein sequences (enzym'..."""
938809221,sebastians1999/federated-sparql-rag-agent,a064b7529e66a7f30504ce243d96961d52603900,experiments/experiment_data/ev_2025-04-23_11-26-44/16_comparison.ttl,parse_error,,"BadSyntax: at line 4 of <>:
Bad syntax (expected directive or statement) at ^ in:
""b'\n# Natural Language Question\n# =======================\n'^b'For a given lipid (SWISSLIPID:000399814, Ceramide), return a'..."""
938809221,sebastians1999/federated-sparql-rag-agent,a064b7529e66a7f30504ce243d96961d52603900,experiments/experiment_data/ev_2025-04-23_11-26-44/18_comparison.ttl,parse_error,,"BadSyntax: at line 4 of <>:
Bad syntax (expected directive or statement) at ^ in:
""b'\n# Natural Language Question\n# =======================\n'^b'Use <a href=""https://idsm.elixir-czech.cz/sparql"">IDSM Sache'..."""
938809221,sebastians1999/federated-sparql-rag-agent,a064b7529e66a7f30504ce243d96961d52603900,experiments/experiment_data/ev_2025-04-23_11-26-44/19_draft_human_metabolome_comparison.ttl,parse_error,,"BadSyntax: at line 4 of <>:
Bad syntax (expected directive or statement) at ^ in:
""b'\n# Natural Language Question\n# =======================\n'^b'Generate a draft human metabolome\n\n# Target Endpoint\n# ====='..."""
938809221,sebastians1999/federated-sparql-rag-agent,a064b7529e66a7f30504ce243d96961d52603900,experiments/experiment_data/ev_2025-04-23_11-26-44/20_search_chemical_names_in_japanese_comparison.ttl,parse_error,,"BadSyntax: at line 4 of <>:
Bad syntax (expected directive or statement) at ^ in:
""b'\n# Natural Language Question\n# =======================\n'^b'Search for Chemical names starting in Japanese, translated t'..."""
938809221,sebastians1999/federated-sparql-rag-agent,a064b7529e66a7f30504ce243d96961d52603900,experiments/experiment_data/ev_2025-04-23_11-26-44/29_comparison.ttl,parse_error,,"BadSyntax: at line 4 of <>:
Bad syntax (expected directive or statement) at ^ in:
""b'\n# Natural Language Question\n# =======================\n'^b'Use <a href=""http://allie.dbcls.jp/"">ALLIE</a> a service for'..."""
938809221,sebastians1999/federated-sparql-rag-agent,a064b7529e66a7f30504ce243d96961d52603900,experiments/experiment_data/ev_2025-04-23_11-26-44/34_comparison.ttl,parse_error,,"BadSyntax: at line 4 of <>:
Bad syntax (expected directive or statement) at ^ in:
""b'\n# Natural Language Question\n# =======================\n'^b'Lipids affected by human enzymes\n\n# Target Endpoint\n# ======'..."""
938809221,sebastians1999/federated-sparql-rag-agent,a064b7529e66a7f30504ce243d96961d52603900,experiments/experiment_data/ev_2025-04-23_11-26-44/36_comparison.ttl,parse_error,,"BadSyntax: at line 4 of <>:
Bad syntax (expected directive or statement) at ^ in:
""b'\n# Natural Language Question\n# =======================\n'^b'Find the orthologous proteins for UniProtKB entry P05067 usi'..."""
938809221,sebastians1999/federated-sparql-rag-agent,a064b7529e66a7f30504ce243d96961d52603900,experiments/experiment_data/ev_2025-04-23_11-26-44/38_comparison.ttl,parse_error,,"BadSyntax: at line 4 of <>:
Bad syntax (expected directive or statement) at ^ in:
""b'\n# Natural Language Question\n# =======================\n'^b'For the human entry P05067 (Amyloid-beta precursor protein) '..."""
938809221,sebastians1999/federated-sparql-rag-agent,a064b7529e66a7f30504ce243d96961d52603900,experiments/experiment_data/ev_2025-04-23_11-26-44/40_comparison.ttl,parse_error,,"BadSyntax: at line 4 of <>:
Bad syntax (expected directive or statement) at ^ in:
""b'\n# Natural Language Question\n# =======================\n'^b'Retrieve human enzymes that metabolize sphingolipids and are'..."""
938809221,sebastians1999/federated-sparql-rag-agent,a064b7529e66a7f30504ce243d96961d52603900,experiments/experiment_data/ev_2025-04-23_11-26-44/42_comparison.ttl,parse_error,,"BadSyntax: at line 4 of <>:
Bad syntax (expected directive or statement) at ^ in:
""b'\n# Natural Language Question\n# =======================\n'^b'Connect patents cited in UniProtKB with those in the patent '..."""
938809221,sebastians1999/federated-sparql-rag-agent,a064b7529e66a7f30504ce243d96961d52603900,experiments/experiment_data/ev_2025-04-23_11-26-44/43_comparison.ttl,parse_error,,"BadSyntax: at line 4 of <>:
Bad syntax (expected directive or statement) at ^ in:
""b'\n# Natural Language Question\n# =======================\n'^b'Connect patents cited in UniProtKB with those in the patent '..."""
938809221,sebastians1999/federated-sparql-rag-agent,a064b7529e66a7f30504ce243d96961d52603900,experiments/experiment_data/ev_2025-04-23_11-26-44/45_comparison.ttl,parse_error,,"BadSyntax: at line 4 of <>:
Bad syntax (expected directive or statement) at ^ in:
""b'\n# Natural Language Question\n# =======================\n'^b'Retrieve drugs that target human enzymes involved in sterol '..."""
938809221,sebastians1999/federated-sparql-rag-agent,a064b7529e66a7f30504ce243d96961d52603900,experiments/experiment_data/ev_2025-04-23_11-26-44/49_comparison.ttl,parse_error,,"BadSyntax: at line 4 of <>:
Bad syntax (expected directive or statement) at ^ in:
""b'\n# Natural Language Question\n# =======================\n'^b'Retrieve the UniProtKB proteins, their catalyzed Rhea reacti'..."""
938809221,sebastians1999/federated-sparql-rag-agent,a064b7529e66a7f30504ce243d96961d52603900,experiments/experiment_data/ev_2025-04-23_11-26-44/51_comparison.ttl,parse_error,,"BadSyntax: at line 4 of <>:
Bad syntax (expected directive or statement) at ^ in:
""b'\n# Natural Language Question\n# =======================\n'^b'Find all proteins linked to arachidonate (CHEBI:32395)\n\n# Ta'..."""
938809221,sebastians1999/federated-sparql-rag-agent,a064b7529e66a7f30504ce243d96961d52603900,experiments/experiment_data/ev_2025-04-23_11-26-44/52_comparison.ttl,parse_error,,"BadSyntax: at line 4 of <>:
Bad syntax (expected directive or statement) at ^ in:
""b'\n# Natural Language Question\n# =======================\n'^b'Retrieve drugs that target human enzymes involved in sterol '..."""
938809221,sebastians1999/federated-sparql-rag-agent,a064b7529e66a7f30504ce243d96961d52603900,experiments/experiment_data/ev_2025-04-23_11-26-44/53_comparison.ttl,parse_error,,"BadSyntax: at line 4 of <>:
Bad syntax (expected directive or statement) at ^ in:
""b'\n# Natural Language Question\n# =======================\n'^b'Find mouse homologs in OMABrowser of human enzymes that cata'..."""
938809221,sebastians1999/federated-sparql-rag-agent,a064b7529e66a7f30504ce243d96961d52603900,experiments/experiment_data/ev_2025-04-23_11-26-44/54_comparison.ttl,parse_error,,"BadSyntax: at line 4 of <>:
Bad syntax (expected directive or statement) at ^ in:
""b'\n# Natural Language Question\n# =======================\n'^b'Proteins with binding sites for ligands similar to heme\n\n# T'..."""
938809221,sebastians1999/federated-sparql-rag-agent,a064b7529e66a7f30504ce243d96961d52603900,experiments/experiment_data/ev_2025-04-23_11-26-44/5_comparison.ttl,parse_error,,"BadSyntax: at line 4 of <>:
Bad syntax (expected directive or statement) at ^ in:
""b'\n# Natural Language Question\n# =======================\n'^b'For a given lipid (SWISSLIPID:000399814, Ceramide), return a'..."""
938809221,sebastians1999/federated-sparql-rag-agent,a064b7529e66a7f30504ce243d96961d52603900,experiments/experiment_data/ev_2025-04-23_11-26-44/60_comparison.ttl,parse_error,,"BadSyntax: at line 4 of <>:
Bad syntax (expected directive or statement) at ^ in:
""b'\n# Natural Language Question\n# =======================\n'^b'Find human proteins that catalyze reactions where substrates'..."""
938809221,sebastians1999/federated-sparql-rag-agent,a064b7529e66a7f30504ce243d96961d52603900,experiments/experiment_data/ev_2025-04-23_11-26-44/67_draft_human_metabolome_comparison.ttl,parse_error,,"BadSyntax: at line 4 of <>:
Bad syntax (expected directive or statement) at ^ in:
""b'\n# Natural Language Question\n# =======================\n'^b'Generate a draft human metabolome\n\n# Target Endpoint\n# ====='..."""
938809221,sebastians1999/federated-sparql-rag-agent,a064b7529e66a7f30504ce243d96961d52603900,experiments/experiment_data/ev_2025-04-23_11-26-44/6_comparison.ttl,parse_error,,"BadSyntax: at line 4 of <>:
Bad syntax (expected directive or statement) at ^ in:
""b'\n# Natural Language Question\n# =======================\n'^b'For a given lipid (SWISSLIPID:000399814, Ceramide), return a'..."""
938809221,sebastians1999/federated-sparql-rag-agent,a064b7529e66a7f30504ce243d96961d52603900,experiments/experiment_data/ev_2025-04-23_11-26-44/70_enzymes_interacting_with_molecules_similar_to_dopamine_comparison.ttl,parse_error,,"BadSyntax: at line 4 of <>:
Bad syntax (expected directive or statement) at ^ in:
""b'\n# Natural Language Question\n# =======================\n'^b'Look for enzymes catalyzing reactions with molecules similar'..."""
938809221,sebastians1999/federated-sparql-rag-agent,a064b7529e66a7f30504ce243d96961d52603900,experiments/experiment_data/ev_2025-04-23_11-26-44/94_Select_all_approved_reactions_with_CHEBI_or_one_of_its_descendant_optional_UniProtKB_reviewed_EC_comparison.ttl,parse_error,,"BadSyntax: at line 4 of <>:
Bad syntax (expected directive or statement) at ^ in:
""b'\n# Natural Language Question\n# =======================\n'^b'Select all approved reactions with CHEBI:17815 (a 1,2-diacyl'..."""
938809221,sebastians1999/federated-sparql-rag-agent,a064b7529e66a7f30504ce243d96961d52603900,experiments/experiment_data/ev_2025-04-25_16-58-55/109_Distribution_of_reactions_according_to_the_first_level_of_enzyme_classification_comparison.ttl,parse_error,,"BadSyntax: at line 4 of <>:
Bad syntax (expected directive or statement) at ^ in:
""b'\n# Natural Language Question\n# =======================\n'^b'Distribution of reactions according to the first level of en'..."""
938809221,sebastians1999/federated-sparql-rag-agent,a064b7529e66a7f30504ce243d96961d52603900,experiments/experiment_data/ev_2025-04-25_16-58-55/112_Total_number_of_reaction_ec_protein_links_comparison.ttl,parse_error,,"BadSyntax: at line 4 of <>:
Bad syntax (expected directive or statement) at ^ in:
""b'\n# Natural Language Question\n# =======================\n'^b'Total number of <reaction> <ec> <protein> links\n\n# Target En'..."""
938809221,sebastians1999/federated-sparql-rag-agent,a064b7529e66a7f30504ce243d96961d52603900,experiments/experiment_data/ev_2025-04-25_16-58-55/115_Retrieve_the_set_of_metabolites_involved_in_reactions_catalyzed_by_human_genes_HUMAN_reference_proteome_comparison.ttl,parse_error,,"BadSyntax: at line 4 of <>:
Bad syntax (expected directive or statement) at ^ in:
""b'\n# Natural Language Question\n# =======================\n'^b'Retrieve the set of metabolites involved in reactions cataly'..."""
938809221,sebastians1999/federated-sparql-rag-agent,a064b7529e66a7f30504ce243d96961d52603900,experiments/experiment_data/ev_2025-04-25_16-58-55/116_biosodafrontend_rabit_mouse_orthologs_comparison.ttl,parse_error,,"BadSyntax: at line 4 of <>:
Bad syntax (expected directive or statement) at ^ in:
""b'\n# Natural Language Question\n# =======================\n'^b""Rabbit's proteins encoded by genes that are orthologous to M""..."""
938809221,sebastians1999/federated-sparql-rag-agent,a064b7529e66a7f30504ce243d96961d52603900,experiments/experiment_data/ev_2025-04-25_16-58-55/117_Retrieve_parent_reactions_and_their_catalyzing_enzymes_for_a_metabolite_that_is_not_directly_involved_in_a_reaction_comparison.ttl,parse_error,,"BadSyntax: at line 4 of <>:
Bad syntax (expected directive or statement) at ^ in:
""b'\n# Natural Language Question\n# =======================\n'^b'Retrieve parent reactions (and their catalyzing enzymes) for'..."""
938809221,sebastians1999/federated-sparql-rag-agent,a064b7529e66a7f30504ce243d96961d52603900,experiments/experiment_data/ev_2025-04-25_16-58-55/117_biosodafrontend_glioblastoma_orthologs_rat_comparison.ttl,parse_error,,"BadSyntax: at line 4 of <>:
Bad syntax (expected directive or statement) at ^ in:
""b'\n# Natural Language Question\n# =======================\n'^b'Which are the proteins associated with glioblastoma and the '..."""
938809221,sebastians1999/federated-sparql-rag-agent,a064b7529e66a7f30504ce243d96961d52603900,experiments/experiment_data/ev_2025-04-25_16-58-55/118_biosodafrontend_rat_brain_human_cancer_comparison.ttl,parse_error,,"BadSyntax: at line 4 of <>:
Bad syntax (expected directive or statement) at ^ in:
""b'\n# Natural Language Question\n# =======================\n'^b'What are the Homo sapiens genes associated with cancer and t'..."""
938809221,sebastians1999/federated-sparql-rag-agent,a064b7529e66a7f30504ce243d96961d52603900,experiments/experiment_data/ev_2025-04-25_16-58-55/11_comparison.ttl,parse_error,,"BadSyntax: at line 4 of <>:
Bad syntax (expected directive or statement) at ^ in:
""b'\n# Natural Language Question\n# =======================\n'^b'Distribution of reactions according to the first class of th'..."""
938809221,sebastians1999/federated-sparql-rag-agent,a064b7529e66a7f30504ce243d96961d52603900,experiments/experiment_data/ev_2025-04-25_16-58-55/12_comparison.ttl,parse_error,,"BadSyntax: at line 4 of <>:
Bad syntax (expected directive or statement) at ^ in:
""b'\n# Natural Language Question\n# =======================\n'^b'Select all Rhea reactions linked to protein sequences (enzym'..."""
938809221,sebastians1999/federated-sparql-rag-agent,a064b7529e66a7f30504ce243d96961d52603900,experiments/experiment_data/ev_2025-04-25_16-58-55/16_comparison.ttl,parse_error,,"BadSyntax: at line 4 of <>:
Bad syntax (expected directive or statement) at ^ in:
""b'\n# Natural Language Question\n# =======================\n'^b'For a given lipid (SWISSLIPID:000399814, Ceramide), return a'..."""
938809221,sebastians1999/federated-sparql-rag-agent,a064b7529e66a7f30504ce243d96961d52603900,experiments/experiment_data/ev_2025-04-25_16-58-55/18_comparison.ttl,parse_error,,"BadSyntax: at line 4 of <>:
Bad syntax (expected directive or statement) at ^ in:
""b'\n# Natural Language Question\n# =======================\n'^b'Use <a href=""https://idsm.elixir-czech.cz/sparql"">IDSM Sache'..."""
938809221,sebastians1999/federated-sparql-rag-agent,a064b7529e66a7f30504ce243d96961d52603900,experiments/experiment_data/ev_2025-04-25_16-58-55/19_draft_human_metabolome_comparison.ttl,parse_error,,"BadSyntax: at line 4 of <>:
Bad syntax (expected directive or statement) at ^ in:
""b'\n# Natural Language Question\n# =======================\n'^b'Generate a draft human metabolome\n\n# Target Endpoint\n# ====='..."""
938809221,sebastians1999/federated-sparql-rag-agent,a064b7529e66a7f30504ce243d96961d52603900,experiments/experiment_data/ev_2025-04-25_16-58-55/20_search_chemical_names_in_japanese_comparison.ttl,parse_error,,"BadSyntax: at line 4 of <>:
Bad syntax (expected directive or statement) at ^ in:
""b'\n# Natural Language Question\n# =======================\n'^b'Search for Chemical names starting in Japanese, translated t'..."""
938809221,sebastians1999/federated-sparql-rag-agent,a064b7529e66a7f30504ce243d96961d52603900,experiments/experiment_data/ev_2025-04-25_16-58-55/29_comparison.ttl,parse_error,,"BadSyntax: at line 4 of <>:
Bad syntax (expected directive or statement) at ^ in:
""b'\n# Natural Language Question\n# =======================\n'^b'Use <a href=""http://allie.dbcls.jp/"">ALLIE</a> a service for'..."""
938809221,sebastians1999/federated-sparql-rag-agent,a064b7529e66a7f30504ce243d96961d52603900,experiments/experiment_data/ev_2025-04-25_16-58-55/34_comparison.ttl,parse_error,,"BadSyntax: at line 4 of <>:
Bad syntax (expected directive or statement) at ^ in:
""b'\n# Natural Language Question\n# =======================\n'^b'Lipids affected by human enzymes\n\n# Target Endpoint\n# ======'..."""
938809221,sebastians1999/federated-sparql-rag-agent,a064b7529e66a7f30504ce243d96961d52603900,experiments/experiment_data/ev_2025-04-25_16-58-55/36_comparison.ttl,parse_error,,"BadSyntax: at line 4 of <>:
Bad syntax (expected directive or statement) at ^ in:
""b'\n# Natural Language Question\n# =======================\n'^b'Find the orthologous proteins for UniProtKB entry P05067 usi'..."""
938809221,sebastians1999/federated-sparql-rag-agent,a064b7529e66a7f30504ce243d96961d52603900,experiments/experiment_data/ev_2025-04-25_16-58-55/38_comparison.ttl,parse_error,,"BadSyntax: at line 4 of <>:
Bad syntax (expected directive or statement) at ^ in:
""b'\n# Natural Language Question\n# =======================\n'^b'For the human entry P05067 (Amyloid-beta precursor protein) '..."""
1102965953,DJ1TJOO/shacl-form-editor,1886a44d498419927567989d9898701b9e1f3762,apps/web/src/components/namespace/packaged/icaltzd.rdf,parse_error,,ParserError: None:711:2: two elements cannot use the same ID: 'http://www.w3.org/2002/12/cal/icaltzd#standard'
187541165,drupal-tome/big-tome,bc353669b13f5c52d1f8e0dfa2b437a0aa76f7ac,,candidate_file_cap,,heuristic_paths=10254
949847839,SDM-TIB/VANILLA,c7d9046dd8e4244be3dad981ed12a8174c9fe12f,KG_Normalization/Constraints/DB100K/result_DB100K/validationReport.ttl,parse_error,,"BadSyntax: at line 3 of <>:
Bad syntax (Prefix "":"" not bound) at ^ in:
""b'@prefix sh: <http://www.w3.org/ns/shacl#> . \n\n'^b':report a sh:ValidationReport ;\n  sh:conforms false ;\n  sh:r'..."""
949847839,SDM-TIB/VANILLA,c7d9046dd8e4244be3dad981ed12a8174c9fe12f,KG_Normalization/Constraints/FrenchRoyalty/result_FrenchRoyalty/validationReport.ttl,parse_error,,"BadSyntax: at line 3 of <>:
Bad syntax (Prefix "":"" not bound) at ^ in:
""b'@prefix sh: <http://www.w3.org/ns/shacl#> . \n\n'^b':report a sh:ValidationReport ;\n  sh:conforms false ;\n  sh:r'..."""
949847839,SDM-TIB/VANILLA,c7d9046dd8e4244be3dad981ed12a8174c9fe12f,KG_Normalization/Constraints/SGKG/result_SGKG/validationReport.ttl,parse_error,,"BadSyntax: at line 3 of <>:
Bad syntax (Prefix "":"" not bound) at ^ in:
""b'@prefix sh: <http://www.w3.org/ns/shacl#> . \n\n'^b':report a sh:ValidationReport ;\n  sh:conforms false ;\n  sh:r'..."""
949847839,SDM-TIB/VANILLA,c7d9046dd8e4244be3dad981ed12a8174c9fe12f,KG_Normalization/Constraints/SynthLC-1000/result_SynthLC-1000/validationReport.ttl,parse_error,,"BadSyntax: at line 3 of <>:
Bad syntax (Prefix "":"" not bound) at ^ in:
""b'@prefix sh: <http://www.w3.org/ns/shacl#> . \n\n'^b':report a sh:ValidationReport ;\n  sh:conforms false ;\n  sh:r'..."""
949847839,SDM-TIB/VANILLA,c7d9046dd8e4244be3dad981ed12a8174c9fe12f,KG_Normalization/Constraints/SynthLC-10000/result_SynthLC-10000/validationReport.ttl,parse_error,,"BadSyntax: at line 3 of <>:
Bad syntax (Prefix "":"" not bound) at ^ in:
""b'@prefix sh: <http://www.w3.org/ns/shacl#> . \n\n'^b':report a sh:ValidationReport ;\n  sh:conforms false ;\n  sh:r'..."""
949847839,SDM-TIB/VANILLA,c7d9046dd8e4244be3dad981ed12a8174c9fe12f,KG_Normalization/Constraints/YAGO3-10/result_YAGO3-10/validationReport.ttl,parse_error,,"BadSyntax: at line 3 of <>:
Bad syntax (Prefix "":"" not bound) at ^ in:
""b'@prefix sh: <http://www.w3.org/ns/shacl#> . \n\n'^b':report a sh:ValidationReport ;\n  sh:conforms false ;\n  sh:r'..."""
949847839,SDM-TIB/VANILLA,c7d9046dd8e4244be3dad981ed12a8174c9fe12f,KG_Normalization/Predictions/SynthLC-10000_EnrichedKG/SynthLC-10000_Enriched_KG.nt,skipped_too_large,,
1283403140,CarbonSigProductHub/comet-carbonsig,5e5b8ba99434ef305c1367b0353e0d48ada5f22c,catalog-v001.xml,parse_error,,ParserError: None:142:31: Repeat node-elements inside property elements: urn:oasis:names:tc:entity:xmlns:xml:catalogprefer
1283403140,CarbonSigProductHub/comet-carbonsig,5e5b8ba99434ef305c1367b0353e0d48ada5f22c,ext/irec-e/examples/irec-e-certificate.comet.json,parse_error,,URLError: <urlopen error [Errno -2] Name or service not known>
1283403140,CarbonSigProductHub/comet-carbonsig,5e5b8ba99434ef305c1367b0353e0d48ada5f22c,tools/examples/aluminium-pcf.comet.json,parse_error,,URLError: <urlopen error [Errno -2] Name or service not known>
1283403140,CarbonSigProductHub/comet-carbonsig,5e5b8ba99434ef305c1367b0353e0d48ada5f22c,tools/examples/dac-credit.comet.json,parse_error,,URLError: <urlopen error [Errno -2] Name or service not known>
1283403140,CarbonSigProductHub/comet-carbonsig,5e5b8ba99434ef305c1367b0353e0d48ada5f22c,tools/examples/steel-pcf.comet.json,parse_error,,URLError: <urlopen error [Errno -2] Name or service not known>
1408912228,inuits/elody-generator,0d56792ff0c7048e3e75e51ad7780bfbeb79caf5,spec/examples/34-property-roles.shapes.ttl,parse_error,,"BadSyntax: at line 8 of <>:
Bad syntax (expected '.' or '}' or ']' at end of statement) at ^ in:
""...b':path skos:prefLabel ;\n    shui:propertyRole shui:LabelRole '^b'{| sh:order 0 |}\n.\n\nex:Name a sh:PropertyShape ;\n    sh:path'..."""
468741,jcvanderwal/apache.ofbiz,a333c8bc9e98005699d66a8f62d28c2bbf375b9e,,candidate_file_cap,,heuristic_paths=2566
356760668,RedCrusaderJr/rdf4j,7cb2554e2004648eee0d17011c3eba8e6a8dd3e0,,candidate_file_cap,,heuristic_paths=3934
356760668,RedCrusaderJr/rdf4j,7cb2554e2004648eee0d17011c3eba8e6a8dd3e0,core/repository/api/src/main/resources/org/eclipse/rdf4j/repository/config/memory-customrule.ttl,parse_error,,"BadSyntax: at line 34 of <>:
Bad syntax (objectList expected) at ^ in:
""...b'ration Cache sync threshold|10000%}"";\n            ms:persist'^b' {%Persist|true|false%} ;\n            ms:syncDelay {%Sync de'..."""
356760668,RedCrusaderJr/rdf4j,7cb2554e2004648eee0d17011c3eba8e6a8dd3e0,core/repository/api/src/main/resources/org/eclipse/rdf4j/repository/config/memory-lucene.ttl,parse_error,,"BadSyntax: at line 24 of <>:
Bad syntax (objectList expected) at ^ in:
""...b'c threshold|10000%}"";\n                            ms:persist'^b' {%Persist|true|false%} ;\n                            ms:syn'..."""
356760668,RedCrusaderJr/rdf4j,7cb2554e2004648eee0d17011c3eba8e6a8dd3e0,core/repository/api/src/main/resources/org/eclipse/rdf4j/repository/config/memory-rdfs-dt.ttl,parse_error,,"BadSyntax: at line 25 of <>:
Bad syntax (objectList expected) at ^ in:
""...b'ery Iteration Cache size|10000%}"";\n               ms:persist'^b' {%Persist|true|false%} ;\n               ms:syncDelay {%Sync'..."""
356760668,RedCrusaderJr/rdf4j,7cb2554e2004648eee0d17011c3eba8e6a8dd3e0,core/repository/api/src/main/resources/org/eclipse/rdf4j/repository/config/memory-rdfs-legacy.ttl,parse_error,,"BadSyntax: at line 23 of <>:
Bad syntax (objectList expected) at ^ in:
""...b'%Query Iteration Cache size|10000%}"";\n            ms:persist'^b' {%Persist|true|false%} ;\n            ms:syncDelay {%Sync de'..."""
356760668,RedCrusaderJr/rdf4j,7cb2554e2004648eee0d17011c3eba8e6a8dd3e0,core/repository/api/src/main/resources/org/eclipse/rdf4j/repository/config/memory-rdfs-lucene.ttl,parse_error,,"BadSyntax: at line 27 of <>:
Bad syntax (objectList expected) at ^ in:
""...b' Iteration Cache size|10000%}"";\n                  ms:persist'^b' {%Persist|true|false%} ;\n                  ms:syncDelay {%S'..."""
356760668,RedCrusaderJr/rdf4j,7cb2554e2004648eee0d17011c3eba8e6a8dd3e0,core/repository/api/src/main/resources/org/eclipse/rdf4j/repository/config/memory-rdfs.ttl,parse_error,,"BadSyntax: at line 23 of <>:
Bad syntax (objectList expected) at ^ in:
""...b'%Query Iteration Cache size|10000%}"";\n            ms:persist'^b' {%Persist|true|false%} ;\n            ms:syncDelay {%Sync de'..."""
356760668,RedCrusaderJr/rdf4j,7cb2554e2004648eee0d17011c3eba8e6a8dd3e0,core/repository/api/src/main/resources/org/eclipse/rdf4j/repository/config/memory-shacl.ttl,parse_error,,"BadSyntax: at line 22 of <>:
Bad syntax (objectList expected) at ^ in:
""...b'%Query Iteration Cache size|10000%}"";\n            ms:persist'^b' {%Persist|true|false%} ;\n            ms:syncDelay {%Sync de'..."""
356760668,RedCrusaderJr/rdf4j,7cb2554e2004648eee0d17011c3eba8e6a8dd3e0,core/repository/api/src/main/resources/org/eclipse/rdf4j/repository/config/memory-spin-rdfs-lucene.ttl,parse_error,,"BadSyntax: at line 31 of <>:
Bad syntax (objectList expected) at ^ in:
""...b'teration Cache sync threshold|10000%}"";\n\t\t\t\t\t\t    ms:persist'^b' {%Persist|true|false%} ;\n\t\t\t\t\t\t    ms:syncDelay {%Sync dela'..."""
356760668,RedCrusaderJr/rdf4j,7cb2554e2004648eee0d17011c3eba8e6a8dd3e0,core/repository/api/src/main/resources/org/eclipse/rdf4j/repository/config/memory-spin-rdfs.ttl,parse_error,,"BadSyntax: at line 27 of <>:
Bad syntax (objectList expected) at ^ in:
""...b'ery Iteration Cache sync threshold|10000%}"";\n\t\t\t\t\tms:persist'^b' {%Persist|true|false%} ;\n\t\t\t\t\tms:syncDelay {%Sync delay|0%}'..."""
356760668,RedCrusaderJr/rdf4j,7cb2554e2004648eee0d17011c3eba8e6a8dd3e0,core/repository/api/src/main/resources/org/eclipse/rdf4j/repository/config/memory-spin.ttl,parse_error,,"BadSyntax: at line 26 of <>:
Bad syntax (objectList expected) at ^ in:
""...b'ration Cache sync threshold|10000%}"";\n            ms:persist'^b' {%Persist|true|false%} ;\n            ms:syncDelay {%Sync de'..."""
356760668,RedCrusaderJr/rdf4j,7cb2554e2004648eee0d17011c3eba8e6a8dd3e0,core/repository/api/src/main/resources/org/eclipse/rdf4j/repository/config/memory.ttl,parse_error,,"BadSyntax: at line 19 of <>:
Bad syntax (objectList expected) at ^ in:
""...b'Iteration Cache sync threshold|10000%}"";\n         ms:persist'^b' {%Persist|true|false%} ;\n         ms:syncDelay {%Sync delay'..."""
356760668,RedCrusaderJr/rdf4j,7cb2554e2004648eee0d17011c3eba8e6a8dd3e0,core/rio/binary/src/test/resources/testcases/binary/binary-RDF-langString-no-language-test.rdf,parse_error,,SAXParseException: <unknown>:1:4: not well-formed (invalid token)
356760668,RedCrusaderJr/rdf4j,7cb2554e2004648eee0d17011c3eba8e6a8dd3e0,core/rio/rdfxml/src/test/resources/org/eclipse/rdf4j/rio/rdfxml/not-an-rdfxml-file.rdf,parse_error,,SAXParseException: <unknown>:1:1: not well-formed (invalid token)
356760668,RedCrusaderJr/rdf4j,7cb2554e2004648eee0d17011c3eba8e6a8dd3e0,core/rio/rdfxml/src/test/resources/testcases/rdfxml/openrdf/bad-entity-expansion-limit.rdf,parse_error,,SAXParseException: <unknown>:21:13: limit on input amplification factor (from DTD and entities) breached
356760668,RedCrusaderJr/rdf4j,7cb2554e2004648eee0d17011c3eba8e6a8dd3e0,core/rio/turtle/src/test/resources/test-newlines.ttl,parse_error,,"BadSyntax: at line 9 of <>:
Bad syntax (Prefix "":"" not bound) at ^ in:
""...b"" ex:Foo .\nex:b a ex:Foo .\nex:b ex:value '''^M'''.\nex:c \n    ""^b':foo ex:Foo .\nex:a ex:value 1.0 .\nex:a ex:value 3.0 .\n'"""
356760668,RedCrusaderJr/rdf4j,7cb2554e2004648eee0d17011c3eba8e6a8dd3e0,core/sail/elasticsearch-store/src/test/resources/benchmarkFiles/datagovbe-valid.ttl,skipped_too_large,,
356760668,RedCrusaderJr/rdf4j,7cb2554e2004648eee0d17011c3eba8e6a8dd3e0,core/sail/memory/src/test/resources/benchmarkFiles/datagovbe-valid.ttl,skipped_too_large,,
356760668,RedCrusaderJr/rdf4j,7cb2554e2004648eee0d17011c3eba8e6a8dd3e0,core/sail/nativerdf/src/test/resources/benchmarkFiles/datagovbe-valid.ttl,skipped_too_large,,
356760668,RedCrusaderJr/rdf4j,7cb2554e2004648eee0d17011c3eba8e6a8dd3e0,core/sail/sail-spin/src/test/resources/schema/owl.ttl,parse_error,,"BadSyntax: at line 4 of <>:
Bad syntax (Prefix ""rdfs:"" not bound) at ^ in:
""b'\n@prefix owl: <http://www.w3.org/2002/07/owl#> .\n\nowl:Class '^b'rdfs:subClassOf rdfs:Class .\nowl:Thing a rdfs:Class .\nowl:Re'..."""
356760668,RedCrusaderJr/rdf4j,7cb2554e2004648eee0d17011c3eba8e6a8dd3e0,core/sail/sail-spin/src/test/resources/testcases/testAskConstraint.ttl,parse_error,,"BadSyntax: at line 5 of <>:
Bad syntax (Prefix ""rdfs:"" not bound) at ^ in:
""...b'tp://spinrdf.org/spin#>.\n@prefix ex: <ex:>.\n\nex:testClass a '^b'rdfs:Class ;\n\t\tspin:constraint [\n\t\t\t\ta sp:Ask ;\n\t\t\t\tsp:text '..."""
356760668,RedCrusaderJr/rdf4j,7cb2554e2004648eee0d17011c3eba8e6a8dd3e0,core/sail/sail-spin/src/test/resources/testcases/testAskFunctionConstraint.ttl,parse_error,,"BadSyntax: at line 5 of <>:
Bad syntax (Prefix ""rdfs:"" not bound) at ^ in:
""...b'tp://spinrdf.org/spin#>.\n@prefix ex: <ex:>.\n\nex:testClass a '^b'rdfs:Class ;\n\t\tspin:constraint [\n\t\t\t\ta sp:Ask ;\n\t\t\t\tsp:text '..."""
356760668,RedCrusaderJr/rdf4j,7cb2554e2004648eee0d17011c3eba8e6a8dd3e0,core/sail/sail-spin/src/test/resources/testcases/testConstructProperty.ttl,parse_error,,"BadSyntax: at line 5 of <>:
Bad syntax (Prefix ""rdfs:"" not bound) at ^ in:
""...b'tp://spinrdf.org/spin#>.\n@prefix ex: <ex:>.\n\nex:TestClass a '^b'rdfs:Class ;\n\t\tspin:rule [\n\t\t\t\ta sp:Construct ;\n\t\t\t\tsp:text '..."""
356760668,RedCrusaderJr/rdf4j,7cb2554e2004648eee0d17011c3eba8e6a8dd3e0,core/sail/sail-spin/src/test/resources/testcases/testConstructRule.ttl,parse_error,,"BadSyntax: at line 5 of <>:
Bad syntax (Prefix ""rdfs:"" not bound) at ^ in:
""...b'tp://spinrdf.org/spin#>.\n@prefix ex: <ex:>.\n\nex:TestClass a '^b'rdfs:Class ;\n\t\tspin:rule [\n\t\t\t\ta sp:Construct ;\n\t\t\t\tsp:text '..."""
356760668,RedCrusaderJr/rdf4j,7cb2554e2004648eee0d17011c3eba8e6a8dd3e0,core/sail/sail-spin/src/test/resources/testcases/testConstructor-full.ttl,parse_error,,"BadSyntax: at line 5 of <>:
Bad syntax (Prefix ""rdfs:"" not bound) at ^ in:
""...b'://spinrdf.org/spin#>.\n@prefix ex: <ex:>.\n\nex:ParentClass a '^b'rdfs:Class ;\n\t\tspin:constructor [\n\t\t\t\ta sp:Construct ;\n\t\t\t\ts'..."""
356760668,RedCrusaderJr/rdf4j,7cb2554e2004648eee0d17011c3eba8e6a8dd3e0,core/sail/sail-spin/src/test/resources/testcases/testConstructor.ttl,parse_error,,"BadSyntax: at line 5 of <>:
Bad syntax (Prefix ""rdfs:"" not bound) at ^ in:
""...b'://spinrdf.org/spin#>.\n@prefix ex: <ex:>.\n\nex:ParentClass a '^b'rdfs:Class ;\n\t\tspin:constructor [\n\t\t\t\ta sp:Construct ;\n\t\t\t\ts'..."""
356760668,RedCrusaderJr/rdf4j,7cb2554e2004648eee0d17011c3eba8e6a8dd3e0,core/sail/sail-spin/src/test/resources/testcases/testDeepConstructRule.ttl,parse_error,,"BadSyntax: at line 5 of <>:
Bad syntax (Prefix ""rdfs:"" not bound) at ^ in:
""...b'/spin#>.\n@prefix ex: <http://example.org/>.\n\nex:TestClass a '^b'rdfs:Class ;\n\t\tspin:rule [\n\t\t\t\ta sp:Construct ;\n\t\t\t\tsp:text '..."""
356760668,RedCrusaderJr/rdf4j,7cb2554e2004648eee0d17011c3eba8e6a8dd3e0,core/sail/sail-spin/src/test/resources/testcases/testEvalFunctionConstraint.ttl,parse_error,,"BadSyntax: at line 5 of <>:
Bad syntax (Prefix ""rdfs:"" not bound) at ^ in:
""...b'tp://spinrdf.org/spin#>.\n@prefix ex: <ex:>.\n\nex:testClass a '^b'rdfs:Class ;\n\t\tspin:constraint [\n\t\t\t\ta sp:Ask ;\n\t\t\t\tsp:text '..."""
356760668,RedCrusaderJr/rdf4j,7cb2554e2004648eee0d17011c3eba8e6a8dd3e0,core/sail/sail-spin/src/test/resources/testcases/testMagicProperty.ttl,parse_error,,"BadSyntax: at line 18 of <>:
Bad syntax (Prefix ""rdfs:"" not bound) at ^ in:
""...b'rg1 ex:prop ?x . bind(?x+1 as ?y)}"""""" \n\t] .\n\nex:TestClass a '^b'rdfs:Class ;\n\t\tspin:rule [\n\t\t\t\ta sp:Construct ;\n\t\t\t\tsp:text '..."""
356760668,RedCrusaderJr/rdf4j,7cb2554e2004648eee0d17011c3eba8e6a8dd3e0,core/sail/sail-spin/src/test/resources/testcases/testMagicPropertyConstraint.ttl,parse_error,,"BadSyntax: at line 18 of <>:
Bad syntax (Prefix ""rdfs:"" not bound) at ^ in:
""...b'rg1 ex:prop ?x . bind(?x+1 as ?y)}"""""" \n\t] .\n\nex:TestClass a '^b'rdfs:Class ;\n\t\tspin:constraint [\n\t\t\t\ta sp:Ask ;\n\t\t\t\tsp:text '..."""
356760668,RedCrusaderJr/rdf4j,7cb2554e2004648eee0d17011c3eba8e6a8dd3e0,core/sail/sail-spin/src/test/resources/testcases/testMagicPropertyFunction.ttl,parse_error,,"BadSyntax: at line 18 of <>:
Bad syntax (Prefix ""rdfs:"" not bound) at ^ in:
""...b'\t\t\t\t\tWHERE {?y ex:related ?arg1 .}"""""" \n\t] .\n\nex:TestClass a '^b'rdfs:Class ;\n\t\tspin:rule [\n\t\t\t\ta sp:Construct ;\n\t\t\t\tsp:text '..."""
356760668,RedCrusaderJr/rdf4j,7cb2554e2004648eee0d17011c3eba8e6a8dd3e0,core/sail/sail-spin/src/test/resources/testcases/testMagicPropertyRule.ttl,parse_error,,"BadSyntax: at line 18 of <>:
Bad syntax (Prefix ""rdfs:"" not bound) at ^ in:
""...b'rg1 ex:prop ?x . bind(?x+1 as ?y)}"""""" \n\t] .\n\nex:TestClass a '^b'rdfs:Class ;\n\t\tspin:rule [\n\t\t\t\ta sp:Construct ;\n\t\t\t\tsp:text '..."""
356760668,RedCrusaderJr/rdf4j,7cb2554e2004648eee0d17011c3eba8e6a8dd3e0,core/sail/sail-spin/src/test/resources/testcases/testSelectProperty.ttl,parse_error,,"BadSyntax: at line 5 of <>:
Bad syntax (Prefix ""rdfs:"" not bound) at ^ in:
""...b'tp://spinrdf.org/spin#>.\n@prefix ex: <ex:>.\n\nex:TestClass a '^b'rdfs:Class ;\n\t\tspin:rule [\n\t\t\t\ta sp:Construct ;\n\t\t\t\tsp:text '..."""
356760668,RedCrusaderJr/rdf4j,7cb2554e2004648eee0d17011c3eba8e6a8dd3e0,core/sail/sail-spin/src/test/resources/testcases/testSpinxRule.ttl,parse_error,,"BadSyntax: at line 13 of <>:
Bad syntax (Prefix ""xsd:"" not bound) at ^ in:
""...b';\n\tspinx:javaScriptCode """"""arg1*arg1;"""""" ;\n\tspin:returnType '^b'xsd:decimal .\n\nex:testClass a rdfs:Class ;\n\t\tspin:rule [\n\t\t\t'..."""
356760668,RedCrusaderJr/rdf4j,7cb2554e2004648eee0d17011c3eba8e6a8dd3e0,core/sail/sail-spin/src/test/resources/testcases/testTemplateConstraint-full.ttl,parse_error,,"BadSyntax: at line 7 of <>:
Bad syntax (Prefix ""rdfs:"" not bound) at ^ in:
""...b' <http://spinrdf.org/arg#>.\n@prefix ex: <ex:>.\n\nex:Person a '^b'rdfs:Class ;\n\t\tspin:constraint [\n\t\t\t\ta spin:Templates, spin:'..."""
356760668,RedCrusaderJr/rdf4j,7cb2554e2004648eee0d17011c3eba8e6a8dd3e0,core/sail/sail-spin/src/test/resources/testcases/testTemplateConstraint.ttl,parse_error,,"BadSyntax: at line 7 of <>:
Bad syntax (Prefix ""rdfs:"" not bound) at ^ in:
""...b' <http://spinrdf.org/arg#>.\n@prefix ex: <ex:>.\n\nex:Person a '^b'rdfs:Class ;\n\t\tspin:constraint [\n\t\t\t\ta spl:ObjectCountProper'..."""
356760668,RedCrusaderJr/rdf4j,7cb2554e2004648eee0d17011c3eba8e6a8dd3e0,core/sail/sail-spin/src/test/resources/testcases/testTransactions-rule.ttl,parse_error,,"BadSyntax: at line 5 of <>:
Bad syntax (Prefix ""rdfs:"" not bound) at ^ in:
""...b'<http://spinrdf.org/spin#>.\n@prefix ex: <ex:>.\n\nex:Person a '^b'rdfs:Class .\n\nex:John a ex:Person ;\n        ex:parentOf ex:L'..."""
356760668,RedCrusaderJr/rdf4j,7cb2554e2004648eee0d17011c3eba8e6a8dd3e0,core/sail/sail-spin/src/test/resources/testcases/testUpdateTemplateRule-full.ttl,parse_error,,"BadSyntax: at line 7 of <>:
Bad syntax (Prefix ""rdfs:"" not bound) at ^ in:
""...b'prefix ex: <ex:>.\n\nex:TestTemplate a spin:UpdateTemplate ;\n\t'^b'rdfs:subClassOf spin:UpdateTemplates ;\n\tspin:body [\n\t\ta sp:M'..."""
356760668,RedCrusaderJr/rdf4j,7cb2554e2004648eee0d17011c3eba8e6a8dd3e0,core/sail/sail-spin/src/test/resources/testcases/testUpdateTemplateRule.ttl,parse_error,,"BadSyntax: at line 7 of <>:
Bad syntax (Prefix ""rdfs:"" not bound) at ^ in:
""...b'prefix ex: <ex:>.\n\nex:TestTemplate a spin:UpdateTemplate ;\n\t'^b'rdfs:subClassOf spin:UpdateTemplates ;\n\tspin:body [\n\t\ta sp:M'..."""
356760668,RedCrusaderJr/rdf4j,7cb2554e2004648eee0d17011c3eba8e6a8dd3e0,core/sail/shacl/src/test/resources/complexBenchmark/datagovbe-valid.ttl,skipped_too_large,,
356760668,RedCrusaderJr/rdf4j,7cb2554e2004648eee0d17011c3eba8e6a8dd3e0,core/sail/shacl/src/test/resources/complexBenchmark/generated.ttl,skipped_too_large,,
650625777,Jeri-jose/neosemantics,44e0bf3af6ce5fcf2a9faf513227429e27ec568a,docs/_unused/rdf/customDataTypes.ttl,parse_error,,"BadSyntax: at line 4 of <>:
Bad syntax (Prefix ""rdf:"" not bound) at ^ in:
""b'@prefix ex: <http://example.com/> .\n\nex:Mercedes \n\t'^b'rdf:type ex:Car ;\n\tex:price ""10000""^^ex:EUR ;\n\tex:power ""300'..."""
650625777,Jeri-jose/neosemantics,44e0bf3af6ce5fcf2a9faf513227429e27ec568a,docs/_unused/rdf/vw.owl,parse_error,,SAXParseException: <unknown>:1:0: not well-formed (invalid token)
650625777,Jeri-jose/neosemantics,44e0bf3af6ce5fcf2a9faf513227429e27ec568a,src/test/resources/customDataTypes.ttl,parse_error,,"BadSyntax: at line 5 of <>:
Bad syntax (Prefix ""rdf:"" not bound) at ^ in:
""...b'x xsd: <http://www.w3.org/2001/XMLSchema#> .\n\nex:Mercedes \n\t'^b'rdf:type ex:Car ;\n\tex:price ""10000""^^ex:EUR ;\n\tex:price ""110'..."""
650625777,Jeri-jose/neosemantics,44e0bf3af6ce5fcf2a9faf513227429e27ec568a,src/test/resources/deleteRDF/bNodes.ttl,parse_error,,"BadSyntax: at line 21 of <>:
Bad syntax (Prefix ""rdf:"" not bound) at ^ in:
""...b'1A1A1"" ;\n   ex:addressLocality ""London"" .\n \n_:students\n   a '^b'rdf:Bag ;\n   ex:hasMember _:s1 ;\n   ex:hasMember _:s2 .\n \n_:'..."""
650625777,Jeri-jose/neosemantics,44e0bf3af6ce5fcf2a9faf513227429e27ec568a,src/test/resources/deleteRDF/bNodesPostDeletion.ttl,parse_error,,"BadSyntax: at line 20 of <>:
Bad syntax (Prefix ""rdf:"" not bound) at ^ in:
""...b'A1A1A1"" ;\n   ex:addressLocality ""London"" .\n\n_:students\n   a '^b'rdf:Bag ;\n   ex:hasMember _:s1 ;\n   ex:hasMember _:s2 .\n\n_:a'..."""
650625777,Jeri-jose/neosemantics,44e0bf3af6ce5fcf2a9faf513227429e27ec568a,src/test/resources/shacl/musictest/data.ttl,parse_error,,"BadSyntax: at line 21 of <>:
Bad syntax (Prefix ""xsd:"" not bound) at ^ in:
""...b'um ;\n    :name ""Please Please Me"" ;\n    :date ""1963-03-22""^^'^b'xsd:date , ""1963-02-23""^^xsd:date ;\n    :artist :The_Beatles'..."""
650625777,Jeri-jose/neosemantics,44e0bf3af6ce5fcf2a9faf513227429e27ec568a,src/test/resources/shacl/musictest/music.shacl,parse_error,,"BadSyntax: at line 8 of <>:
Bad syntax (Prefix ""xsd:"" not bound) at ^ in:
""...b'\n     sh:path :name ;\n     sh:minCount 1 ;\n     sh:datatype '^b'xsd:string\n   ] .\n\n:ArtistShape a sh:Shape ;\n   sh:targetCla'..."""
650625777,Jeri-jose/neosemantics,44e0bf3af6ce5fcf2a9faf513227429e27ec568a,src/test/resources/shacl/person0-shacl.ttl,parse_error,,"BadSyntax: at line 9 of <>:
Bad syntax (bad escape) at ^ in:
""...b'rson ;\n\tsh:property [\n\t\tsh:path neo4j:name ;\n\t\tsh:pattern ""^'^b'\\w[\\s\\w\\.]*$"" ;\n\t\tsh:maxCount 1 ;\n        sh:datatype xsd:st'..."""
650625777,Jeri-jose/neosemantics,44e0bf3af6ce5fcf2a9faf513227429e27ec568a,src/test/resources/shacl/person1-shacl.ttl,parse_error,,"BadSyntax: at line 11 of <>:
Bad syntax (Prefix ""xsd:"" not bound) at ^ in:
""...b'trains the values of ex:ssn\n\t\tsh:maxCount 1 ;\n\t\tsh:datatype '^b'xsd:string ;\n\t\tsh:pattern ""^\\\\d{3}-\\\\d{2}-\\\\d{4}$"" ;\n\t] ;\n\ts'..."""
650625777,Jeri-jose/neosemantics,44e0bf3af6ce5fcf2a9faf513227429e27ec568a,src/test/resources/shacl/person2-shacl.ttl,parse_error,,"BadSyntax: at line 11 of <>:
Bad syntax (Prefix ""xsd:"" not bound) at ^ in:
""...b'\tsh:maxCount 1 ;                # cardinality\n\t\tsh:datatype '^b'xsd:string ;       # data type\n\t\tsh:pattern ""^\\w[\\s\\w\\.]*$"" '..."""
650625777,Jeri-jose/neosemantics,44e0bf3af6ce5fcf2a9faf513227429e27ec568a,src/test/resources/shacl/person2lpg-shacl.ttl,parse_error,,"BadSyntax: at line 11 of <>:
Bad syntax (Prefix ""xsd:"" not bound) at ^ in:
""...b'\tsh:maxCount 1 ;                # cardinality\n\t\tsh:datatype '^b'xsd:string ;       # data type\n\t\tsh:pattern ""^\\w[\\s\\w\\.]*$"" '..."""
650625777,Jeri-jose/neosemantics,44e0bf3af6ce5fcf2a9faf513227429e27ec568a,src/test/resources/shacl/typerestriction-count-shacl.ttl,parse_error,,"BadSyntax: at line 9 of <>:
Bad syntax (Prefix ""rdf:"" not bound) at ^ in:
""...b'plies to all Person nodes in Neo4j\n\tsh:property [\n\t\tsh:path '^b'rdf:type ;             # constrains the types of the person '..."""
650625777,Jeri-jose/neosemantics,44e0bf3af6ce5fcf2a9faf513227429e27ec568a,src/test/resources/shacl/typerestriction-enumerated-shacl.ttl,parse_error,,"BadSyntax: at line 9 of <>:
Bad syntax (Prefix ""rdf:"" not bound) at ^ in:
""...b'plies to all Person nodes in Neo4j\n\tsh:property [\n\t\tsh:path '^b'rdf:type ;             # constrains the types of the person '..."""
650625777,Jeri-jose/neosemantics,44e0bf3af6ce5fcf2a9faf513227429e27ec568a,src/test/resources/shacl/typerestriction-shacl.ttl,parse_error,,"BadSyntax: at line 9 of <>:
Bad syntax (Prefix ""rdf:"" not bound) at ^ in:
""...b'plies to all Person nodes in Neo4j\n\tsh:property [\n\t\tsh:path '^b'rdf:type ;             # constrains the types of the person '..."""
650625777,Jeri-jose/neosemantics,44e0bf3af6ce5fcf2a9faf513227429e27ec568a,src/test/resources/shacl/w3ctestsuite/core/other/closed-shape-query-001-keep-shapes.ttl,parse_error,,"BadSyntax: at line 9 of <>:
Bad syntax (Prefix ""rdf:"" not bound) at ^ in:
""...b'schema#City`) "" ;\n\tsh:closed true ;\n\tsh:ignoredProperties ( '^b'rdf:type neo4j:born neo4j:lives_in neo4j:name ) .\n'"""
650625777,Jeri-jose/neosemantics,44e0bf3af6ce5fcf2a9faf513227429e27ec568a,src/test/resources/shacl/w3ctestsuite/core/other/closed-shape-query-001-shapes.ttl,parse_error,,"BadSyntax: at line 9 of <>:
Bad syntax (Prefix ""rdf:"" not bound) at ^ in:
""...b's_in]-(:City) "" ;\n\tsh:closed true ;\n\tsh:ignoredProperties ( '^b'rdf:type neo4j:born neo4j:lives_in neo4j:name ) .\n'"""
650625777,Jeri-jose/neosemantics,44e0bf3af6ce5fcf2a9faf513227429e27ec568a,src/test/resources/shacl/w3ctestsuite/core/other/closed-shape-query-001-shorten-shapes.ttl,parse_error,,"BadSyntax: at line 9 of <>:
Bad syntax (Prefix ""rdf:"" not bound) at ^ in:
""...b'-(:ns0__City) "" ;\n\tsh:closed true ;\n\tsh:ignoredProperties ( '^b'rdf:type neo4j:born neo4j:lives_in neo4j:name ) .\n'"""
650625777,Jeri-jose/neosemantics,44e0bf3af6ce5fcf2a9faf513227429e27ec568a,src/test/resources/vw.owl,parse_error,,SAXParseException: <unknown>:1:0: not well-formed (invalid token)
36371940,Wimmics/corese,3b1236781828291397fc740bb2d20209c434dfb1,,candidate_file_cap,,heuristic_paths=6250
36371940,Wimmics/corese,3b1236781828291397fc740bb2d20209c434dfb1,corese-command/src/test/resources/fr/inria/corese/command/programs/shacl/inputShacl/beatles-validator.rdf,parse_error,,ParserError: None:14:4: rdf:nodeID value is not a valid NCName: _:b2
36371940,Wimmics/corese,3b1236781828291397fc740bb2d20209c434dfb1,corese-command/src/test/resources/fr/inria/corese/command/programs/shacl/references/beatles-ok.rdf,parse_error,,ParserError: None:7:2: rdf:nodeID value is not a valid NCName: _:b8
36371940,Wimmics/corese,3b1236781828291397fc740bb2d20209c434dfb1,corese-command/src/test/resources/fr/inria/corese/command/programs/sparql/references/ask/beatles-ask-rdfxml-false.rdf,parse_error,,ParserError: None:7:0: rdf:nodeID value is not a valid NCName: _:br0
36371940,Wimmics/corese,3b1236781828291397fc740bb2d20209c434dfb1,corese-command/src/test/resources/fr/inria/corese/command/programs/sparql/references/ask/beatles-ask-rdfxml-true.rdf,parse_error,,ParserError: None:7:0: rdf:nodeID value is not a valid NCName: _:br0
36371940,Wimmics/corese,3b1236781828291397fc740bb2d20209c434dfb1,corese-command/src/test/resources/fr/inria/corese/command/programs/sparql/references/select/beatles-select-bidingtrig.trig,parse_error,,"BadSyntax: at line 15 of <>:
Bad syntax (Prefix ""xsd:"" not bound) at ^ in:
""...b'binding [\nrs:variable \'albumDate\' ; \nrs:value ""1963-03-22""^^'^b""xsd:date\n] ; \nrs:binding [\nrs:variable 'artist' ; \nrs:value ""..."""
36371940,Wimmics/corese,3b1236781828291397fc740bb2d20209c434dfb1,corese-command/src/test/resources/fr/inria/corese/command/programs/sparql/references/select/beatles-select-bidingturtle.ttl,parse_error,,"BadSyntax: at line 15 of <>:
Bad syntax (Prefix ""xsd:"" not bound) at ^ in:
""...b'binding [\nrs:variable \'albumDate\' ; \nrs:value ""1963-03-22""^^'^b""xsd:date\n] ; \nrs:binding [\nrs:variable 'artist' ; \nrs:value ""..."""
36371940,Wimmics/corese,3b1236781828291397fc740bb2d20209c434dfb1,corese-command/src/test/resources/fr/inria/corese/command/programs/sparql/references/select/beatles-select-rdfxml.rdf,parse_error,,ParserError: None:7:0: rdf:nodeID value is not a valid NCName: _:br3
36371940,Wimmics/corese,3b1236781828291397fc740bb2d20209c434dfb1,corese-core/src/main/resources/data/corese/federation.ttl,parse_error,,"BadSyntax: at line 1 of <>:
Bad syntax (Prefix ""st:"" not bound) at ^ in:
""b'<http://fed.corese.inria.fr/d2kab/sparql> a '^b'st:Federation ;\n    rdfs:label ""d2kab"" ;\n    st:definition ('..."""
36371940,Wimmics/corese,3b1236781828291397fc740bb2d20209c434dfb1,corese-core/src/main/resources/data/kgram.ttl,parse_error,,"BadSyntax: at line 1 of <>:
Bad syntax (Prefix ""kg:"" not bound) at ^ in:
""b'[] a '^b""kg:System ;\n  kg:version '3.1.5' ;\n  kg:date '2014-10-01'^^x""..."""
36371940,Wimmics/corese,3b1236781828291397fc740bb2d20209c434dfb1,corese-core/src/main/resources/data/shape4shape.ttl,parse_error,,"BadSyntax: at line 11 of <>:
Bad syntax (Prefix ""rdfs:"" not bound) at ^ in:
""...b'p://ns.inria.fr/shacl-shape/> .\n\n\nds:shape a sh:NodeShape ;\n'^b'rdfs:comment ""Main shape"" ;\nsh:targetClass sh:NodeShape ;\nsh'..."""
36371940,Wimmics/corese,3b1236781828291397fc740bb2d20209c434dfb1,corese-core/src/main/resources/demographie/dep1.ttl,parse_error,,"BadSyntax: at line 58 of <>:
Bad syntax (EOF found after object) at ^ in:
""b'@prefix rdfs:    <http://www.w3.org/2000/01/rdf-schema#> .\n@prefix geo:     <http://id.insee.fr/geo/> .\n@prefix owl:     <http://www.w3.org/2002/07/owl#> .\n@prefix igeo:    <http://rdf.insee.fr/def/geo#> .\n@prefix rdf:     <http://www.w3.org/1999/02/22-rdf-syntax-ns#> .\n\n<http://id.insee.fr/geo/region/24>\n      a       igeo:Region ;\n      igeo:codeINSEE ""24"" ;\n      igeo:codeRegion ""24"" ;\n      igeo:nom ""Centr"
36371940,Wimmics/corese,3b1236781828291397fc740bb2d20209c434dfb1,corese-core/src/test/resources/data/w3c-n-quads/nq-syntax-bad-literal-01.nq,parse_error,,"ParserError: Invalid line (Failed to eat [ \t]*\.[ \t]*(#.*)? at ""o"" .):
'<http://example/s> <http://example/p> <http://example/o> ""o"" .'"
36371940,Wimmics/corese,3b1236781828291397fc740bb2d20209c434dfb1,corese-core/src/test/resources/data/w3c-n-quads/nq-syntax-bad-literal-02.nq,parse_error,,"ParserError: Invalid line (Failed to eat [ \t]*\.[ \t]*(#.*)? at ""o""@en .):
'<http://example/s> <http://example/p> <http://example/o> ""o""@en .'"
36371940,Wimmics/corese,3b1236781828291397fc740bb2d20209c434dfb1,corese-core/src/test/resources/data/w3c-n-quads/nq-syntax-bad-literal-03.nq,parse_error,,"ParserError: Invalid line (Failed to eat [ \t]*\.[ \t]*(#.*)? at ""o""^^<http://www.w3.org/2001/XMLSchema#string> .):
'<http://example/s> <http://example/p> <http://example/o> ""o""^^<http://www.w3.org/2001/XMLSchema#string> .'"
36371940,Wimmics/corese,3b1236781828291397fc740bb2d20209c434dfb1,corese-core/src/test/resources/data/w3c-n-quads/nq-syntax-bad-quint-01.nq,parse_error,,"ParserError: Invalid line (Failed to eat [ \t]*\.[ \t]*(#.*)? at  <http://example/n> .):
'<http://example/s> <http://example/p> <http://example/o> <http://example/g> <http://example/n> .'"
36371940,Wimmics/corese,3b1236781828291397fc740bb2d20209c434dfb1,corese-core/src/test/resources/data/w3c-n-quads/nq-syntax-bad-uri-01.nq,parse_error,,"ParserError: Invalid line (Failed to eat <([^:]+:[^\s""<>]*)> at <g>.):
'<http://example/s> <http://example/p> <http://example/o> <g>.'"
36371940,Wimmics/corese,3b1236781828291397fc740bb2d20209c434dfb1,corese-core/src/test/resources/data/w3c-n-quads/nt-syntax-bad-base-01.nq,parse_error,,"ParserError: Invalid line (Subject must be uriref or nodeID):
'@base <http://example/> .'"
36371940,Wimmics/corese,3b1236781828291397fc740bb2d20209c434dfb1,corese-core/src/test/resources/data/w3c-n-quads/nt-syntax-bad-lang-01.nq,parse_error,,"ParserError: Invalid line (Failed to eat [ \t]*\.[ \t]*(#.*)? at @1 .):
'<http://example/s> <http://example/p> ""string""@1 .'"
36371940,Wimmics/corese,3b1236781828291397fc740bb2d20209c434dfb1,corese-core/src/test/resources/data/w3c-n-quads/nt-syntax-bad-num-01.nq,parse_error,,"ParserError: Invalid line (Unrecognised object type):
'<http://example/s> <http://example/p> 1 .'"
36371940,Wimmics/corese,3b1236781828291397fc740bb2d20209c434dfb1,corese-core/src/test/resources/data/w3c-n-quads/nt-syntax-bad-num-02.nq,parse_error,,"ParserError: Invalid line (Unrecognised object type):
'<http://example/s> <http://example/p> 1.0 .'"
36371940,Wimmics/corese,3b1236781828291397fc740bb2d20209c434dfb1,corese-core/src/test/resources/data/w3c-n-quads/nt-syntax-bad-num-03.nq,parse_error,,"ParserError: Invalid line (Unrecognised object type):
'<http://example/s> <http://example/p> 1.0e0 .'"
36371940,Wimmics/corese,3b1236781828291397fc740bb2d20209c434dfb1,corese-core/src/test/resources/data/w3c-n-quads/nt-syntax-bad-prefix-01.nq,parse_error,,"ParserError: Invalid line (Subject must be uriref or nodeID):
'@prefix : <http://example/> .'"
36371940,Wimmics/corese,3b1236781828291397fc740bb2d20209c434dfb1,corese-core/src/test/resources/data/w3c-n-quads/nt-syntax-bad-string-01.nq,parse_error,,"ParserError: Invalid line (Failed to eat ""([^""\\]*(?:\\.[^""\\]*)*)""(?:@([a-zA-Z]+(?:-[a-zA-Z0-9]+)*)|\^\^<([^:]+:[^\s""<>]*)>)? at ""abc' .):
'<http://example/s> <http://example/p> ""abc\' .'"
36371940,Wimmics/corese,3b1236781828291397fc740bb2d20209c434dfb1,corese-core/src/test/resources/data/w3c-n-quads/nt-syntax-bad-string-02.nq,parse_error,,"ParserError: Invalid line (Unrecognised object type):
'<http://example/s> <http://example/p> 1.0 .'"
36371940,Wimmics/corese,3b1236781828291397fc740bb2d20209c434dfb1,corese-core/src/test/resources/data/w3c-n-quads/nt-syntax-bad-string-03.nq,parse_error,,"ParserError: Invalid line (Unrecognised object type):
'<http://example/s> <http://example/p> 1.0e1 .'"
36371940,Wimmics/corese,3b1236781828291397fc740bb2d20209c434dfb1,corese-core/src/test/resources/data/w3c-n-quads/nt-syntax-bad-string-04.nq,parse_error,,"ParserError: Invalid line (Unrecognised object type):
""<http://example/s> <http://example/p> '''abc''' ."""
36371940,Wimmics/corese,3b1236781828291397fc740bb2d20209c434dfb1,corese-core/src/test/resources/data/w3c-n-quads/nt-syntax-bad-string-05.nq,parse_error,,"ParserError: Invalid line (Failed to eat [ \t]*\.[ \t]*(#.*)? at ""abc"""""" .):
'<http://example/s> <http://example/p> """"""abc"""""" .'"
36371940,Wimmics/corese,3b1236781828291397fc740bb2d20209c434dfb1,corese-core/src/test/resources/data/w3c-n-quads/nt-syntax-bad-string-06.nq,parse_error,,"ParserError: Invalid line (Failed to eat ""([^""\\]*(?:\\.[^""\\]*)*)""(?:@([a-zA-Z]+(?:-[a-zA-Z0-9]+)*)|\^\^<([^:]+:[^\s""<>]*)>)? at ""abc .):
'<http://example/s> <http://example/p> ""abc .'"
36371940,Wimmics/corese,3b1236781828291397fc740bb2d20209c434dfb1,corese-core/src/test/resources/data/w3c-n-quads/nt-syntax-bad-string-07.nq,parse_error,,"ParserError: Invalid line (Unrecognised object type):
'<http://example/s> <http://example/p> abc"" .'"
36371940,Wimmics/corese,3b1236781828291397fc740bb2d20209c434dfb1,corese-core/src/test/resources/data/w3c-n-quads/nt-syntax-bad-struct-01.nq,parse_error,,"ParserError: Invalid line (Failed to eat [ \t]*\.[ \t]*(#.*)? at , <http://example/o2> .):
'<http://example/s> <http://example/p> <http://example/o>, <http://example/o2> .'"
36371940,Wimmics/corese,3b1236781828291397fc740bb2d20209c434dfb1,corese-core/src/test/resources/data/w3c-n-quads/nt-syntax-bad-struct-02.nq,parse_error,,"ParserError: Invalid line (Failed to eat [ \t]*\.[ \t]*(#.*)? at ; <http://example/p2>, <http://example/o2> .):
'<http://example/s> <http://example/p> <http://example/o>; <http://example/p2>, <http://example/o2> .'"
36371940,Wimmics/corese,3b1236781828291397fc740bb2d20209c434dfb1,corese-core/src/test/resources/data/w3c-n-quads/nt-syntax-bad-uri-01.nq,parse_error,,"ParserError: Invalid line (Failed to eat <([^:]+:[^\s""<>]*)> at <http://example/ space> <http://example/p> <http://example/o> .):
'<http://example/ space> <http://example/p> <http://example/o> .'"
36371940,Wimmics/corese,3b1236781828291397fc740bb2d20209c434dfb1,corese-core/src/test/resources/data/w3c-n-quads/nt-syntax-bad-uri-06.nq,parse_error,,"ParserError: Invalid line (Unrecognised object type):
'<s> <http://example/p> <http://example/o> .'"
36371940,Wimmics/corese,3b1236781828291397fc740bb2d20209c434dfb1,corese-core/src/test/resources/data/w3c-n-quads/nt-syntax-bad-uri-07.nq,parse_error,,"ParserError: Invalid line (Unrecognised object type):
'<http://example/s> <p> <http://example/o> .'"
36371940,Wimmics/corese,3b1236781828291397fc740bb2d20209c434dfb1,corese-core/src/test/resources/data/w3c-n-quads/nt-syntax-bad-uri-08.nq,parse_error,,"ParserError: Invalid line (Failed to eat <([^:]+:[^\s""<>]*)> at <o> .):
'<http://example/s> <http://example/p> <o> .'"
36371940,Wimmics/corese,3b1236781828291397fc740bb2d20209c434dfb1,corese-core/src/test/resources/data/w3c-n-quads/nt-syntax-bad-uri-09.nq,parse_error,,"ParserError: Invalid line (Failed to eat [ \t]*\.[ \t]*(#.*)? at ^^<dt> .):
'<http://example/s> <http://example/p> ""foo""^^<dt> .'"
36371940,Wimmics/corese,3b1236781828291397fc740bb2d20209c434dfb1,corese-gui/src/main/resources/data/method.ttl,parse_error,,"BadSyntax: at line 3 of <>:
Bad syntax (expected '.' or '}' or ']' at end of statement) at ^ in:
""b'@prefix m: <http://ns.inria.fr/sparql-extension/method#>\n\n'^b'us:Circle    rdfs:subClassOf us:Figure \nus:Rectangle rdfs:su'..."""
36371940,Wimmics/corese,3b1236781828291397fc740bb2d20209c434dfb1,corese-server/build-docker/corese/corese-default-profile.ttl,parse_error,,"BadSyntax: at line 2 of <>:
Bad syntax (Prefix ""st:"" not bound) at ^ in:
""b'# Content available in the default dataset at /sparql\n'^b'st:user a st:Server;\n    st:content st:loadcontent .\n\n# List'..."""
36371940,Wimmics/corese,3b1236781828291397fc740bb2d20209c434dfb1,corese-server/src/main/resources/ng-persons-1.ttl,parse_error,,"BadSyntax: at line 10 of <>:
Bad syntax (expected directive or statement) at ^ in:
""...b'sher ""Bob"" . \n<http://graph/alice> dc:publisher ""Alice"" .\n\n\n'^b'GRAPH <http://graph/bob> { \n       <http://bob> foaf:name ""B'..."""
36371940,Wimmics/corese,3b1236781828291397fc740bb2d20209c434dfb1,corese-server/src/main/resources/ng-persons-2.ttl,parse_error,,"BadSyntax: at line 5 of <>:
Bad syntax (expected directive or statement) at ^ in:
""...b'ments/1.1/> .\n@prefix foaf: <http://xmlns.com/foaf/0.1/> .\n\n'^b'GRAPH <http://graph/bob> { \n       <http://bob> foaf:nick ""B'..."""
36371940,Wimmics/corese,3b1236781828291397fc740bb2d20209c434dfb1,corese-server/src/main/resources/webapp/data/cdn/aa_siecle.ttl,parse_error,,"BadSyntax: at line 2 of <>:
Bad syntax (expected '.' or '}' or ']' at end of statement) at ^ in:
""b'@prefix cn: <http://cdn.fr/schema/>\n'^b'@prefix w:  <http://fr.wikipedia.org/wiki/>\n@prefix r:  <htt'..."""
36371940,Wimmics/corese,3b1236781828291397fc740bb2d20209c434dfb1,corese-server/src/main/resources/webapp/data/cdn/an1000.ttl,parse_error,,"BadSyntax: at line 2 of <>:
Bad syntax (expected '.' or '}' or ']' at end of statement) at ^ in:
""b'@prefix cn: <http://cdn.fr/schema/>\n'^b'@prefix w:  <http://fr.wikipedia.org/wiki/>\n@prefix r:  <htt'..."""
36371940,Wimmics/corese,3b1236781828291397fc740bb2d20209c434dfb1,corese-server/src/main/resources/webapp/data/cdn/an1100.ttl,parse_error,,"BadSyntax: at line 2 of <>:
Bad syntax (expected '.' or '}' or ']' at end of statement) at ^ in:
""b'@prefix cn: <http://cdn.fr/schema/>\n'^b'@prefix w:  <http://fr.wikipedia.org/wiki/>\n@prefix r:  <htt'..."""
36371940,Wimmics/corese,3b1236781828291397fc740bb2d20209c434dfb1,corese-server/src/main/resources/webapp/data/cdn/an1200.ttl,parse_error,,"BadSyntax: at line 2 of <>:
Bad syntax (expected '.' or '}' or ']' at end of statement) at ^ in:
""b'@prefix cn: <http://cdn.fr/schema/>\n'^b'@prefix w:  <http://fr.wikipedia.org/wiki/>\n@prefix r:  <htt'..."""
36371940,Wimmics/corese,3b1236781828291397fc740bb2d20209c434dfb1,corese-server/src/main/resources/webapp/data/cdn/an1300.ttl,parse_error,,"BadSyntax: at line 2 of <>:
Bad syntax (expected '.' or '}' or ']' at end of statement) at ^ in:
""b'@prefix cn: <http://cdn.fr/schema/>\n'^b'@prefix w:  <http://fr.wikipedia.org/wiki/>\n@prefix r:  <htt'..."""
36371940,Wimmics/corese,3b1236781828291397fc740bb2d20209c434dfb1,corese-server/src/main/resources/webapp/data/cdn/an1400.ttl,parse_error,,"BadSyntax: at line 2 of <>:
Bad syntax (expected '.' or '}' or ']' at end of statement) at ^ in:
""b'@prefix cn: <http://cdn.fr/schema/>\n'^b'@prefix w:  <http://fr.wikipedia.org/wiki/>\n@prefix r:  <htt'..."""
36371940,Wimmics/corese,3b1236781828291397fc740bb2d20209c434dfb1,corese-server/src/main/resources/webapp/data/cdn/an1500.ttl,parse_error,,"BadSyntax: at line 2 of <>:
Bad syntax (expected '.' or '}' or ']' at end of statement) at ^ in:
""b'@prefix cn: <http://cdn.fr/schema/>\n'^b'@prefix w:  <http://fr.wikipedia.org/wiki/>\n@prefix r:  <htt'..."""
36371940,Wimmics/corese,3b1236781828291397fc740bb2d20209c434dfb1,corese-server/src/main/resources/webapp/data/cdn/an1600.ttl,parse_error,,"BadSyntax: at line 2 of <>:
Bad syntax (expected '.' or '}' or ']' at end of statement) at ^ in:
""b'@prefix cn: <http://cdn.fr/schema/>\n'^b'@prefix w:  <http://fr.wikipedia.org/wiki/>\n@prefix r:  <htt'..."""
36371940,Wimmics/corese,3b1236781828291397fc740bb2d20209c434dfb1,corese-server/src/main/resources/webapp/data/cdn/an1700.ttl,parse_error,,"BadSyntax: at line 2 of <>:
Bad syntax (expected '.' or '}' or ']' at end of statement) at ^ in:
""b'@prefix cn: <http://cdn.fr/schema/>\n'^b'@prefix w:  <http://fr.wikipedia.org/wiki/>\n@prefix r:  <htt'..."""
36371940,Wimmics/corese,3b1236781828291397fc740bb2d20209c434dfb1,corese-server/src/main/resources/webapp/data/cdn/an1800.ttl,parse_error,,"BadSyntax: at line 2 of <>:
Bad syntax (expected '.' or '}' or ']' at end of statement) at ^ in:
""b'@prefix cn: <http://cdn.fr/schema/>\n'^b'@prefix w:  <http://fr.wikipedia.org/wiki/>\n@prefix r:  <htt'..."""
36371940,Wimmics/corese,3b1236781828291397fc740bb2d20209c434dfb1,corese-server/src/main/resources/webapp/data/cdn/an1900.ttl,parse_error,,"BadSyntax: at line 2 of <>:
Bad syntax (expected '.' or '}' or ']' at end of statement) at ^ in:
""b'@prefix cn: <http://cdn.fr/schema/>\n'^b'@prefix w:  <http://fr.wikipedia.org/wiki/>\n@prefix r:  <htt'..."""
36371940,Wimmics/corese,3b1236781828291397fc740bb2d20209c434dfb1,corese-server/src/main/resources/webapp/data/cdn/context.ttl,parse_error,,"BadSyntax: at line 2 of <>:
Bad syntax (expected '.' or '}' or ']' at end of statement) at ^ in:
""b'@prefix cn: <http://cdn.fr/schema/>\n'^b'@prefix w:  <http://fr.wikipedia.org/wiki/>\n@prefix r:  <htt'..."""
36371940,Wimmics/corese,3b1236781828291397fc740bb2d20209c434dfb1,corese-server/src/main/resources/webapp/data/cdn/dbpedia1.ttl,parse_error,,"BadSyntax: at line 2 of <>:
Bad syntax (expected '.' or '}' or ']' at end of statement) at ^ in:
""b'@prefix w: <http://fr.wikipedia.org/wiki/>\n'^b'@prefix r: <http://fr.dbpedia.org/resource/>\n@prefix p: <htt'..."""
36371940,Wimmics/corese,3b1236781828291397fc740bb2d20209c434dfb1,corese-server/src/main/resources/webapp/data/cdn/dbpedia2.ttl,parse_error,,"BadSyntax: at line 2 of <>:
Bad syntax (expected '.' or '}' or ']' at end of statement) at ^ in:
""b'@prefix w: <http://fr.wikipedia.org/wiki/>\n'^b'@prefix r: <http://fr.dbpedia.org/resource/>\n@prefix p: <htt'..."""
36371940,Wimmics/corese,3b1236781828291397fc740bb2d20209c434dfb1,corese-server/src/main/resources/webapp/data/cdn/eds.ttl,parse_error,,"BadSyntax: at line 2 of <>:
Bad syntax (expected '.' or '}' or ']' at end of statement) at ^ in:
""b'@prefix cn:   <http://cdn.fr/schema/>\n'^b'@prefix foaf: <http://xmlns.com/foaf/0.1/>\n@prefix p:  <http'..."""
36371940,Wimmics/corese,3b1236781828291397fc740bb2d20209c434dfb1,corese-server/src/main/resources/webapp/data/cdn/emp.ttl,parse_error,,"BadSyntax: at line 2 of <>:
Bad syntax (expected '.' or '}' or ']' at end of statement) at ^ in:
""b'@prefix cn: <http://cdn.fr/schema/>\n'^b'@prefix w:  <http://fr.wikipedia.org/wiki/>\n@prefix r:  <htt'..."""
36371940,Wimmics/corese,3b1236781828291397fc740bb2d20209c434dfb1,corese-server/src/main/resources/webapp/data/cdn/fr.ttl,parse_error,,"BadSyntax: at line 2 of <>:
Bad syntax (expected '.' or '}' or ']' at end of statement) at ^ in:
""b'@prefix cn: <http://cdn.fr/schema/>\n'^b'@prefix w:  <http://fr.wikipedia.org/wiki/>\n@prefix r:  <htt'..."""
36371940,Wimmics/corese,3b1236781828291397fc740bb2d20209c434dfb1,corese-server/src/main/resources/webapp/data/cdn/franc.ttl,parse_error,,"BadSyntax: at line 2 of <>:
Bad syntax (expected '.' or '}' or ']' at end of statement) at ^ in:
""b'@prefix cn: <http://cdn.fr/schema/>\n'^b'@prefix r:  <http://fr.dbpedia.org/resource/>\n@prefix foaf: '..."""
36371940,Wimmics/corese,3b1236781828291397fc740bb2d20209c434dfb1,corese-server/src/main/resources/webapp/data/cdn/icon.ttl,parse_error,,"BadSyntax: at line 2 of <>:
Bad syntax (expected '.' or '}' or ']' at end of statement) at ^ in:
""b'@prefix o: <http://dbpedia.org/ontology/>\n'^b'@prefix r: <http://fr.dbpedia.org/resource/>\n@prefix cn: <ht'..."""
36371940,Wimmics/corese,3b1236781828291397fc740bb2d20209c434dfb1,corese-server/src/main/resources/webapp/data/cdn/pos.ttl,parse_error,,"BadSyntax: at line 2 of <>:
Bad syntax (expected '.' or '}' or ']' at end of statement) at ^ in:
""b'@prefix p: <http://fr.dbpedia.org/property/>\n'^b'@prefix r:  <http://fr.dbpedia.org/resource/>\n@prefix o:  <h'..."""
36371940,Wimmics/corese,3b1236781828291397fc740bb2d20209c434dfb1,corese-server/src/main/resources/webapp/data/cdn/provence.ttl,parse_error,,"BadSyntax: at line 2 of <>:
Bad syntax (expected '.' or '}' or ']' at end of statement) at ^ in:
""b'@prefix cn: <http://cdn.fr/schema/>\n'^b'@prefix w:  <http://fr.wikipedia.org/wiki/>\n@prefix r:  <htt'..."""
36371940,Wimmics/corese,3b1236781828291397fc740bb2d20209c434dfb1,corese-server/src/main/resources/webapp/data/cdn/spqr.ttl,parse_error,,"BadSyntax: at line 2 of <>:
Bad syntax (expected '.' or '}' or ']' at end of statement) at ^ in:
""b'@prefix cn: <http://cdn.fr/schema/>\n'^b'@prefix r:  <http://fr.dbpedia.org/resource/>\n@prefix o:  <h'..."""
36371940,Wimmics/corese,3b1236781828291397fc740bb2d20209c434dfb1,corese-server/src/main/resources/webapp/data/dbpedia/dbpedia.ttl,parse_error,,"BadSyntax: at line 2 of <>:
Bad syntax (expected '.' or '}' or ']' at end of statement) at ^ in:
""b'@prefix p: <http://fr.dbpedia.org/property/>\n'^b'@prefix o: <http://dbpedia.org/ontology/>\n@prefix w: <http:/'..."""
36371940,Wimmics/corese,3b1236781828291397fc740bb2d20209c434dfb1,corese-server/src/main/resources/webapp/data/dbpedia/inria.ttl,parse_error,,"BadSyntax: at line 2 of <>:
Bad syntax (expected '.' or '}' or ']' at end of statement) at ^ in:
""b'@prefix rdfs: <http://www.w3.org/2000/01/rdf-schema#>\n'^b'@prefix o: <http://dbpedia.org/ontology/>\n@prefix dbo: <http'..."""
36371940,Wimmics/corese,3b1236781828291397fc740bb2d20209c434dfb1,corese-server/src/main/resources/webapp/data/dbpedia/other.ttl,parse_error,,"BadSyntax: at line 1 of <>:
Bad syntax (Prefix ""foaf:"" not bound) at ^ in:
""b'<http://fr.dbpedia.org/resource/Ceuta> a '^b'foaf:Person ;\n  <http://dbpedia.org/ontology/dbpedia> <http:'..."""
36371940,Wimmics/corese,3b1236781828291397fc740bb2d20209c434dfb1,corese-server/src/main/resources/webapp/data/dbpedia/rome.ttl,parse_error,,"BadSyntax: at line 2 of <>:
Bad syntax (expected '.' or '}' or ']' at end of statement) at ^ in:
""b'@prefix w: <http://fr.wikipedia.org/wiki/>\n'^b'@prefix r: <http://fr.dbpedia.org/resource/>\n@prefix p: <htt'..."""
36371940,Wimmics/corese,3b1236781828291397fc740bb2d20209c434dfb1,corese-server/src/main/resources/webapp/data/demo/ai4eu/data/kg.ttl,parse_error,,"BadSyntax: at line 3 of <>:
Bad syntax (Prefix ""rdfs:"" not bound) at ^ in:
""...b'/ai4eu.org/ns/person> .\n<http://ai4eu.org/ns/eamonn_begley> '^b'rdfs:label ""eamonn begley"" .\n<http://ai4eu.org/ns/person> rd'..."""
36371940,Wimmics/corese,3b1236781828291397fc740bb2d20209c434dfb1,corese-server/src/main/resources/webapp/data/demo/ai4eu/shape/data.ttl,parse_error,,"BadSyntax: at line 5 of <>:
Bad syntax (expected '.' or '}' or ']' at end of statement) at ^ in:
""...b'.1/> .\n@prefix ai:   <http://www.ai4eu.eu/ontologies/core#>\n'^b'@prefix aid:  <http://www.ai4eu.eu/ontologies/data#> \n@prefi'..."""
36371940,Wimmics/corese,3b1236781828291397fc740bb2d20209c434dfb1,corese-server/src/main/resources/webapp/data/demo/ai4eu/shape/ontology.ttl,parse_error,,"BadSyntax: at line 5 of <>:
Bad syntax (expected '.' or '}' or ']' at end of statement) at ^ in:
""...b'.1/> .\n@prefix ai:   <http://www.ai4eu.eu/ontologies/core#>\n'^b'@prefix dct:  <http://purl.org/dc/terms/> .\n@prefix cso:  <h'..."""
36371940,Wimmics/corese,3b1236781828291397fc740bb2d20209c434dfb1,corese-server/src/main/resources/webapp/data/demo/ai4eu/shape/shape.ttl,parse_error,,"BadSyntax: at line 1 of <>:
Bad syntax (Prefix ""owl:"" not bound) at ^ in:
""b'[] '^b'owl:imports <ontology.ttl>, <data.ttl>\n.\n\n\n'"""
36371940,Wimmics/corese,3b1236781828291397fc740bb2d20209c434dfb1,corese-server/src/main/resources/webapp/data/demo/ai4eu/shape/test.ttl,parse_error,,"BadSyntax: at line 5 of <>:
Bad syntax (expected '.' or '}' or ']' at end of statement) at ^ in:
""...b'.1/> .\n@prefix ai:   <http://www.ai4eu.eu/ontologies/core#>\n'^b'@prefix dct:  <http://purl.org/dc/terms/> .\n@prefix cso:  <h'..."""
36371940,Wimmics/corese,3b1236781828291397fc740bb2d20209c434dfb1,corese-server/src/main/resources/webapp/data/demo/ai4eu/shape/uri.ttl,parse_error,,"BadSyntax: at line 5 of <>:
Bad syntax (expected '.' or '}' or ']' at end of statement) at ^ in:
""...b'.1/> .\n@prefix ai:   <http://www.ai4eu.eu/ontologies/core#>\n'^b'@prefix aid:  <http://www.ai4eu.eu/ontologies/data#> \n@prefi'..."""
36371940,Wimmics/corese,3b1236781828291397fc740bb2d20209c434dfb1,corese-server/src/main/resources/webapp/data/demo/ai4eu/workflow.ttl,parse_error,,"BadSyntax: at line 11 of <>:
Bad syntax (expected '.' or '}' or ']' at end of statement) at ^ in:
""...b'3S - 2018\n#\n\n@prefix db:  <http://fr.dbpedia.org/resource/>\n'^b'@prefix dbo: <http://fr.dbpedia.org/ontology/>\n@prefix ai:  '..."""
36371940,Wimmics/corese,3b1236781828291397fc740bb2d20209c434dfb1,corese-server/src/main/resources/webapp/data/demo/ai4euprofile.ttl,parse_error,,"BadSyntax: at line 2 of <>:
Bad syntax (expected '.' or '}' or ']' at end of statement) at ^ in:
""b'@prefix ai:     <http://www.ai4eu.eu/ontologies/core#>\n'^b'@prefix aid:    <http://www.ai4eu.eu/ontologies/data#>\n@pref'..."""
36371940,Wimmics/corese,3b1236781828291397fc740bb2d20209c434dfb1,corese-server/src/main/resources/webapp/data/demo/cdn/aa_siecle.ttl,parse_error,,"BadSyntax: at line 2 of <>:
Bad syntax (expected '.' or '}' or ']' at end of statement) at ^ in:
""b'@prefix cn: <http://cdn.fr/schema/>\n'^b'@prefix w:  <http://fr.wikipedia.org/wiki/>\n@prefix r:  <htt'..."""
36371940,Wimmics/corese,3b1236781828291397fc740bb2d20209c434dfb1,corese-server/src/main/resources/webapp/data/demo/cdn/an1000.ttl,parse_error,,"BadSyntax: at line 2 of <>:
Bad syntax (expected '.' or '}' or ']' at end of statement) at ^ in:
""b'@prefix cn: <http://cdn.fr/schema/>\n'^b'@prefix w:  <http://fr.wikipedia.org/wiki/>\n@prefix r:  <htt'..."""
36371940,Wimmics/corese,3b1236781828291397fc740bb2d20209c434dfb1,corese-server/src/main/resources/webapp/data/demo/cdn/an1100.ttl,parse_error,,"BadSyntax: at line 2 of <>:
Bad syntax (expected '.' or '}' or ']' at end of statement) at ^ in:
""b'@prefix cn: <http://cdn.fr/schema/>\n'^b'@prefix w:  <http://fr.wikipedia.org/wiki/>\n@prefix r:  <htt'..."""
36371940,Wimmics/corese,3b1236781828291397fc740bb2d20209c434dfb1,corese-server/src/main/resources/webapp/data/demo/cdn/an1200.ttl,parse_error,,"BadSyntax: at line 2 of <>:
Bad syntax (expected '.' or '}' or ']' at end of statement) at ^ in:
""b'@prefix cn: <http://cdn.fr/schema/>\n'^b'@prefix w:  <http://fr.wikipedia.org/wiki/>\n@prefix r:  <htt'..."""
36371940,Wimmics/corese,3b1236781828291397fc740bb2d20209c434dfb1,corese-server/src/main/resources/webapp/data/demo/cdn/an1300.ttl,parse_error,,"BadSyntax: at line 2 of <>:
Bad syntax (expected '.' or '}' or ']' at end of statement) at ^ in:
""b'@prefix cn: <http://cdn.fr/schema/>\n'^b'@prefix w:  <http://fr.wikipedia.org/wiki/>\n@prefix r:  <htt'..."""
36371940,Wimmics/corese,3b1236781828291397fc740bb2d20209c434dfb1,corese-server/src/main/resources/webapp/data/demo/cdn/an1400.ttl,parse_error,,"BadSyntax: at line 2 of <>:
Bad syntax (expected '.' or '}' or ']' at end of statement) at ^ in:
""b'@prefix cn: <http://cdn.fr/schema/>\n'^b'@prefix w:  <http://fr.wikipedia.org/wiki/>\n@prefix r:  <htt'..."""
36371940,Wimmics/corese,3b1236781828291397fc740bb2d20209c434dfb1,corese-server/src/main/resources/webapp/data/demo/cdn/an1500.ttl,parse_error,,"BadSyntax: at line 2 of <>:
Bad syntax (expected '.' or '}' or ']' at end of statement) at ^ in:
""b'@prefix cn: <http://cdn.fr/schema/>\n'^b'@prefix w:  <http://fr.wikipedia.org/wiki/>\n@prefix r:  <htt'..."""
36371940,Wimmics/corese,3b1236781828291397fc740bb2d20209c434dfb1,corese-server/src/main/resources/webapp/data/demo/cdn/an1600.ttl,parse_error,,"BadSyntax: at line 2 of <>:
Bad syntax (expected '.' or '}' or ']' at end of statement) at ^ in:
""b'@prefix cn: <http://cdn.fr/schema/>\n'^b'@prefix w:  <http://fr.wikipedia.org/wiki/>\n@prefix r:  <htt'..."""
36371940,Wimmics/corese,3b1236781828291397fc740bb2d20209c434dfb1,corese-server/src/main/resources/webapp/data/demo/cdn/an1700.ttl,parse_error,,"BadSyntax: at line 2 of <>:
Bad syntax (expected '.' or '}' or ']' at end of statement) at ^ in:
""b'@prefix cn: <http://cdn.fr/schema/>\n'^b'@prefix w:  <http://fr.wikipedia.org/wiki/>\n@prefix r:  <htt'..."""
36371940,Wimmics/corese,3b1236781828291397fc740bb2d20209c434dfb1,corese-server/src/main/resources/webapp/data/demo/cdn/an1800.ttl,parse_error,,"BadSyntax: at line 2 of <>:
Bad syntax (expected '.' or '}' or ']' at end of statement) at ^ in:
""b'@prefix cn: <http://cdn.fr/schema/>\n'^b'@prefix w:  <http://fr.wikipedia.org/wiki/>\n@prefix r:  <htt'..."""
36371940,Wimmics/corese,3b1236781828291397fc740bb2d20209c434dfb1,corese-server/src/main/resources/webapp/data/demo/cdn/an1900.ttl,parse_error,,"BadSyntax: at line 2 of <>:
Bad syntax (expected '.' or '}' or ']' at end of statement) at ^ in:
""b'@prefix cn: <http://cdn.fr/schema/>\n'^b'@prefix w:  <http://fr.wikipedia.org/wiki/>\n@prefix r:  <htt'..."""
36371940,Wimmics/corese,3b1236781828291397fc740bb2d20209c434dfb1,corese-server/src/main/resources/webapp/data/demo/cdn/context.ttl,parse_error,,"BadSyntax: at line 2 of <>:
Bad syntax (expected '.' or '}' or ']' at end of statement) at ^ in:
""b'@prefix cn: <http://cdn.fr/schema/>\n'^b'@prefix w:  <http://fr.wikipedia.org/wiki/>\n@prefix r:  <htt'..."""
36371940,Wimmics/corese,3b1236781828291397fc740bb2d20209c434dfb1,corese-server/src/main/resources/webapp/data/demo/cdn/dbpedia1.ttl,parse_error,,"BadSyntax: at line 2 of <>:
Bad syntax (expected '.' or '}' or ']' at end of statement) at ^ in:
""b'@prefix w: <http://fr.wikipedia.org/wiki/>\n'^b'@prefix r: <http://fr.dbpedia.org/resource/>\n@prefix p: <htt'..."""
36371940,Wimmics/corese,3b1236781828291397fc740bb2d20209c434dfb1,corese-server/src/main/resources/webapp/data/demo/cdn/dbpedia2.ttl,parse_error,,"BadSyntax: at line 2 of <>:
Bad syntax (expected '.' or '}' or ']' at end of statement) at ^ in:
""b'@prefix w: <http://fr.wikipedia.org/wiki/>\n'^b'@prefix r: <http://fr.dbpedia.org/resource/>\n@prefix p: <htt'..."""
36371940,Wimmics/corese,3b1236781828291397fc740bb2d20209c434dfb1,corese-server/src/main/resources/webapp/data/demo/cdn/eds.ttl,parse_error,,"BadSyntax: at line 2 of <>:
Bad syntax (expected '.' or '}' or ']' at end of statement) at ^ in:
""b'@prefix cn:   <http://cdn.fr/schema/>\n'^b'@prefix foaf: <http://xmlns.com/foaf/0.1/>\n@prefix p:  <http'..."""
36371940,Wimmics/corese,3b1236781828291397fc740bb2d20209c434dfb1,corese-server/src/main/resources/webapp/data/demo/cdn/emp.ttl,parse_error,,"BadSyntax: at line 2 of <>:
Bad syntax (expected '.' or '}' or ']' at end of statement) at ^ in:
""b'@prefix cn: <http://cdn.fr/schema/>\n'^b'@prefix w:  <http://fr.wikipedia.org/wiki/>\n@prefix r:  <htt'..."""
36371940,Wimmics/corese,3b1236781828291397fc740bb2d20209c434dfb1,corese-server/src/main/resources/webapp/data/demo/cdn/fr.ttl,parse_error,,"BadSyntax: at line 2 of <>:
Bad syntax (expected '.' or '}' or ']' at end of statement) at ^ in:
""b'@prefix cn: <http://cdn.fr/schema/>\n'^b'@prefix w:  <http://fr.wikipedia.org/wiki/>\n@prefix r:  <htt'..."""
36371940,Wimmics/corese,3b1236781828291397fc740bb2d20209c434dfb1,corese-server/src/main/resources/webapp/data/demo/cdn/franc.ttl,parse_error,,"BadSyntax: at line 2 of <>:
Bad syntax (expected '.' or '}' or ']' at end of statement) at ^ in:
""b'@prefix cn: <http://cdn.fr/schema/>\n'^b'@prefix r:  <http://fr.dbpedia.org/resource/>\n@prefix foaf: '..."""
36371940,Wimmics/corese,3b1236781828291397fc740bb2d20209c434dfb1,corese-server/src/main/resources/webapp/data/demo/cdn/icon.ttl,parse_error,,"BadSyntax: at line 2 of <>:
Bad syntax (expected '.' or '}' or ']' at end of statement) at ^ in:
""b'@prefix o: <http://dbpedia.org/ontology/>\n'^b'@prefix r: <http://fr.dbpedia.org/resource/>\n@prefix cn: <ht'..."""
36371940,Wimmics/corese,3b1236781828291397fc740bb2d20209c434dfb1,corese-server/src/main/resources/webapp/data/demo/cdn/pos.ttl,parse_error,,"BadSyntax: at line 2 of <>:
Bad syntax (expected '.' or '}' or ']' at end of statement) at ^ in:
""b'@prefix p: <http://fr.dbpedia.org/property/>\n'^b'@prefix r:  <http://fr.dbpedia.org/resource/>\n@prefix o:  <h'..."""
36371940,Wimmics/corese,3b1236781828291397fc740bb2d20209c434dfb1,corese-server/src/main/resources/webapp/data/demo/cdn/provence.ttl,parse_error,,"BadSyntax: at line 2 of <>:
Bad syntax (expected '.' or '}' or ']' at end of statement) at ^ in:
""b'@prefix cn: <http://cdn.fr/schema/>\n'^b'@prefix w:  <http://fr.wikipedia.org/wiki/>\n@prefix r:  <htt'..."""
36371940,Wimmics/corese,3b1236781828291397fc740bb2d20209c434dfb1,corese-server/src/main/resources/webapp/data/demo/cdn/spqr.ttl,parse_error,,"BadSyntax: at line 2 of <>:
Bad syntax (expected '.' or '}' or ']' at end of statement) at ^ in:
""b'@prefix cn: <http://cdn.fr/schema/>\n'^b'@prefix r:  <http://fr.dbpedia.org/resource/>\n@prefix o:  <h'..."""
36371940,Wimmics/corese,3b1236781828291397fc740bb2d20209c434dfb1,corese-server/src/main/resources/webapp/data/demo/d2kab/workflow.ttl,parse_error,,"BadSyntax: at line 10 of <>:
Bad syntax (expected '.' or '}' or ']' at end of statement) at ^ in:
""...b'3S - 2020\n#\n\n@prefix db:  <http://fr.dbpedia.org/resource/>\n'^b'@prefix dbo: <http://fr.dbpedia.org/ontology/>\n@prefix idx: '..."""
36371940,Wimmics/corese,3b1236781828291397fc740bb2d20209c434dfb1,corese-server/src/main/resources/webapp/data/demo/d2kabprofile.ttl,parse_error,,"BadSyntax: at line 3 of <>:
Bad syntax (expected '.' or '}' or ']' at end of statement) at ^ in:
""...b'refix spq:    <http://ns.inria.fr/sparql-template/sparql#>\n\n'^b'[] owl:imports <d2kab/function/function.rq>\n\n\nst:access st:n'..."""
36371940,Wimmics/corese,3b1236781828291397fc740bb2d20209c434dfb1,corese-server/src/main/resources/webapp/data/demo/demoprofile.ttl,parse_error,,"BadSyntax: at line 5 of <>:
Bad syntax (expected '.' or '}' or ']' at end of statement) at ^ in:
""b'@prefix cn: <http://cdn.fr/schema/>\n  \n# /tutorial/cdn\n\n'^b'st:cdn a st:Server ;\n    st:service ""cdn"" ;\n    st:transform'..."""
36371940,Wimmics/corese,3b1236781828291397fc740bb2d20209c434dfb1,corese-server/src/main/resources/webapp/data/demo/fedprofile.ttl,parse_error,,"BadSyntax: at line 15 of <>:
Bad syntax (Prefix ""st:"" not bound) at ^ in:
""...b'\n\n#\n# For testing\n#\n<http://localhost:8080/test/federate> a '^b'st:Federation ;\n    rdfs:label ""test"" ;\n    st:definition (<'..."""
36371940,Wimmics/corese,3b1236781828291397fc740bb2d20209c434dfb1,corese-server/src/main/resources/webapp/data/demo/hal/country.ttl,parse_error,,"BadSyntax: at line 2 of <>:
Bad syntax (expected '.' or '}' or ']' at end of statement) at ^ in:
""b'@prefix db:  <http://fr.dbpedia.org/resource/>\n'^b'@prefix dbo: <http://fr.dbpedia.org/ontology/>\n\ndbo:member r'..."""
36371940,Wimmics/corese,3b1236781828291397fc740bb2d20209c434dfb1,corese-server/src/main/resources/webapp/data/demo/hal/workflowhal.ttl,parse_error,,"BadSyntax: at line 9 of <>:
Bad syntax (expected '.' or '}' or ']' at end of statement) at ^ in:
""...b'3S - 2017\n#\n\n@prefix db:  <http://fr.dbpedia.org/resource/>\n'^b'@prefix dbo: <http://fr.dbpedia.org/ontology/>\n\n  \nst:labLis'..."""
36371940,Wimmics/corese,3b1236781828291397fc740bb2d20209c434dfb1,corese-server/src/main/resources/webapp/data/demo/hal/workflowhalpublic.ttl,parse_error,,"BadSyntax: at line 11 of <>:
Bad syntax (expected '.' or '}' or ']' at end of statement) at ^ in:
""...b'3S - 2018\n#\n\n@prefix db:  <http://fr.dbpedia.org/resource/>\n'^b'@prefix dbo: <http://fr.dbpedia.org/ontology/>\n# where to fi'..."""
36371940,Wimmics/corese,3b1236781828291397fc740bb2d20209c434dfb1,corese-server/src/main/resources/webapp/data/demo/halprofile.ttl,parse_error,,"BadSyntax: at line 3 of <>:
Bad syntax (expected '.' or '}' or ']' at end of statement) at ^ in:
""...b'prefix navlab: <http://ns.inria.fr/sparql-template/navlab#>\n'^b'@prefix d3:  <http://ns.inria.fr/sparql-template/d3#>\n\n\nst:t'..."""
36371940,Wimmics/corese,3b1236781828291397fc740bb2d20209c434dfb1,corese-server/src/main/resources/webapp/data/demo/ldvizprofile.ttl,parse_error,,"BadSyntax: at line 5 of <>:
Bad syntax (expected '.' or '}' or ']' at end of statement) at ^ in:
""...b'ns\n#\n@prefix ai:     <http://www.ai4eu.eu/ontologies/core#>\n'^b'@prefix aid:    <http://www.ai4eu.eu/ontologies/data#>\n@pref'..."""
36371940,Wimmics/corese,3b1236781828291397fc740bb2d20209c434dfb1,corese-server/src/main/resources/webapp/data/demo/map/workflow.ttl,parse_error,,"BadSyntax: at line 10 of <>:
Bad syntax (expected '.' or '}' or ']' at end of statement) at ^ in:
""...b'A I3S - 2023\n#\n\n@prefix dbo: <http://dbpedia.org/ontology/>\n'^b'@prefix map: <http://ns.inria.fr/map/>\n@prefix key: <key:>\n['..."""
36371940,Wimmics/corese,3b1236781828291397fc740bb2d20209c434dfb1,corese-server/src/main/resources/webapp/data/demo/mapprofile.ttl,parse_error,,"BadSyntax: at line 2 of <>:
Bad syntax (expected '.' or '}' or ']' at end of statement) at ^ in:
""...b'prefix spq:    <http://ns.inria.fr/sparql-template/sparql#>\n'^b'@prefix navlab: <http://ns.inria.fr/sparql-template/navlab#>'..."""
36371940,Wimmics/corese,3b1236781828291397fc740bb2d20209c434dfb1,corese-server/src/main/resources/webapp/data/demo/system/consumer.ttl,parse_error,,"BadSyntax: at line 1 of <>:
Bad syntax (Prefix ""cos:"" not bound) at ^ in:
""b'[] '^b'cos:function [\n    cos:load  </user/corby/home/AAServer/data'..."""
168527326,Fedict/lod-vocab-data,344031034baa42f27d023c228452578a5d0cfb3c,ontologies/dataentry.ttl,parse_error,,"BadSyntax: at line 14 of <>:
Bad syntax (Prefix ""rdf:"" not bound) at ^ in:
""...b'a status""@de, ""Data status""@fr .\n\ndataentry:hasDataStatus a '^b'rdf:Property, owl:ObjectProperty ;\n\trdfs:isDefinedBy dataent'..."""
168527326,Fedict/lod-vocab-data,344031034baa42f27d023c228452578a5d0cfb3c,ontologies/gdpr.ttl,parse_error,,"BadSyntax: at line 58 of <>:
Bad syntax (Prefix ""dcterms:"" not bound) at ^ in:
""...b':DataReceiver .\n\ngdpr:receiverType a rdf:Property, owl:DataP'^b'roperty ;\n\trdfs:subPropertyOf dcterms:subject ;\n\trdfs:isDefi'..."""
168527326,Fedict/lod-vocab-data,344031034baa42f27d023c228452578a5d0cfb3c,ontologies/infosec.ttl,parse_error,,"BadSyntax: at line 14 of <>:
Bad syntax (Prefix ""rdf:"" not bound) at ^ in:
""...b'Rating""@fr, ""Rating""@de, ""Rating""@en .\n\ninfosec:hasRating a '^b'rdf:Property, owl:ObjectProperty ;\n\trdfs:isDefinedBy infosec'..."""
168527326,Fedict/lod-vocab-data,344031034baa42f27d023c228452578a5d0cfb3c,xmlns/dataentry.ttl,parse_error,,"BadSyntax: at line 34 of <>:
Bad syntax (expected directive or statement) at ^ in:
""...b'@fr, ""Data entry""@nl;\n  owl:versionInfo ""Draft 2018-03-23"".\n'^b'ntry ontology""@de , ""Data entry ontology""@en , ""Data entry o'..."""
168527326,Fedict/lod-vocab-data,344031034baa42f27d023c228452578a5d0cfb3c,xmlns/gdpr.ttl,parse_error,,"BadSyntax: at line 550 of <>:
Bad syntax (expected directive or statement) at ^ in:
""...b'vocab.belgif.be/ns/gdpr#> a owl:Ontology;\n  rdfs:comment ""GD'^b'PR""@de, ""GDPR""@en, ""GDPR""@fr, ""GDPR""@nl;\n  rdfs:label ""GDPR""'..."""
168527326,Fedict/lod-vocab-data,344031034baa42f27d023c228452578a5d0cfb3c,xmlns/infosec.ttl,parse_error,,"BadSyntax: at line 41 of <>:
Bad syntax (expected directive or statement) at ^ in:
""...b'opertyOf <http://vocab.belgif.be/ns/infosec#genericRating>.\n'^b'Rating>.\n<http://vocab.belgif.be/ns/infosec#integrity> rdfs:'..."""
310521006,NatLabRockies/tasty,4c33a792e4163bc29838744c575a4b10c71cc1ca,tests/files/data/sample_skyspark_vav_raw.ttl,parse_error,,"BadSyntax: at line 38 of <>:
Bad syntax (expected '.' or '}' or ']' at end of statement) at ^ in:
""...b'66de-7abb28a7 ;\n    his:hisAppendNA 30 ;\n    his:hisEnd 2021'^b'-07-27T11:06:06-06:00^^xsd:dateTime ;\n    his:hisSize 32645 '..."""
310521006,NatLabRockies/tasty,4c33a792e4163bc29838744c575a4b10c71cc1ca,tests/files/data/sample_skyspark_vav_raw_backup.ttl,parse_error,,"BadSyntax: at line 38 of <>:
Bad syntax (expected '.' or '}' or ']' at end of statement) at ^ in:
""...b'66de-7abb28a7 ;\n    his:hisAppendNA 30 ;\n    his:hisEnd 2021'^b'-07-27T11:06:06-06:00^^xsd:dateTime ;\n    his:hisSize 32645 '..."""
939866670,sesam-io/rdflib,cfd422236cd03933290757a8cacb214a40866bea,,candidate_file_cap,,heuristic_paths=6777
