repository_id,repository_full_name,commit_sha_examined,path,candidate_rule,byte_size,content_sha256,fetch_status,parse_status,parser_format,text_prefilter_hit,node_shape_count,property_shape_count,shacl_core_evidence_count,shacl_sparql_evidence_count,other_shacl_iri_count,verification_evidence,parse_error
132451334,weso/shexer,bfa82aebe8479eb42f5dfba054f221c72e7c21d3,test/t_files/annotations/g1_comments_no_annot.ttl,extension:.ttl,1525,9c5581ffee28fdbed8bfe252cf7af80a1c83b2661d2b26948a85ee6a43b62dd6,fetched,parsed,turtle,true,2,8,43,0,5,rdf:type sh:NodeShape|rdf:type sh:PropertyShape|sh:in|sh:maxCount|sh:minCount|sh:node|sh:path|sh:property|sh:targetClass,
132451334,weso/shexer,bfa82aebe8479eb42f5dfba054f221c72e7c21d3,test/t_files/annotations/one_class_absolutes.ttl,extension:.ttl,1686,7b9c32294d5b05439c2757e4e695a20217a13004428bc9a8d7cd69e0e467a103,fetched,parsed,turtle,true,1,5,25,0,3,rdf:type sh:NodeShape|rdf:type sh:PropertyShape|sh:in|sh:maxCount|sh:minCount|sh:node|sh:path|sh:property|sh:targetClass,
132451334,weso/shexer,bfa82aebe8479eb42f5dfba054f221c72e7c21d3,test/t_files/annotations/one_class_all_examples.ttl,extension:.ttl,1905,779dbf4524c94a5deb7f737b92a46acf82b23a4e2bb8fd83cda516ed0077933c,fetched,parsed,turtle,true,1,5,25,0,3,rdf:type sh:NodeShape|rdf:type sh:PropertyShape|sh:in|sh:maxCount|sh:minCount|sh:node|sh:path|sh:property|sh:targetClass,
132451334,weso/shexer,bfa82aebe8479eb42f5dfba054f221c72e7c21d3,test/t_files/annotations/one_class_all_examples_stats.ttl,extension:.ttl,2295,01c2610d08486ebe9f01c0e7c8abe06af92e941f0ab1876b19a9d4f27b58838b,fetched,parsed,turtle,true,1,5,26,0,3,rdf:type sh:NodeShape|rdf:type sh:PropertyShape|sh:in|sh:maxCount|sh:minCount|sh:node|sh:path|sh:pattern|sh:property|sh:targetClass,
132451334,weso/shexer,bfa82aebe8479eb42f5dfba054f221c72e7c21d3,test/t_files/annotations/one_class_all_set_absolutes.ttl,extension:.ttl,2135,5ddc1246fd6c9fda7512cf103866b7cd70b7e04909e8f9e8d66d4d65949ce3c0,fetched,parsed,turtle,true,1,5,25,0,3,rdf:type sh:NodeShape|rdf:type sh:PropertyShape|sh:in|sh:maxCount|sh:minCount|sh:node|sh:path|sh:property|sh:targetClass,
132451334,weso/shexer,bfa82aebe8479eb42f5dfba054f221c72e7c21d3,test/t_files/annotations/one_class_all_set_examples.ttl,extension:.ttl,2205,f3eee32ef19ed3b90ed1ff4d051ea99607c334445be3948864b8ee3f0c233d2a,fetched,parsed,turtle,true,1,5,25,0,3,rdf:type sh:NodeShape|rdf:type sh:PropertyShape|sh:in|sh:maxCount|sh:minCount|sh:node|sh:path|sh:property|sh:targetClass,
132451334,weso/shexer,bfa82aebe8479eb42f5dfba054f221c72e7c21d3,test/t_files/annotations/one_class_all_set_extra.ttl,extension:.ttl,2223,0817e3ee98714e618cbc0b0ee872b11838d15d5fbc8811a9165dca060f65264c,fetched,parsed,turtle,true,1,5,25,0,3,rdf:type sh:NodeShape|rdf:type sh:PropertyShape|sh:in|sh:maxCount|sh:minCount|sh:node|sh:path|sh:property|sh:targetClass,
132451334,weso/shexer,bfa82aebe8479eb42f5dfba054f221c72e7c21d3,test/t_files/annotations/one_class_all_set_ratios.ttl,extension:.ttl,2190,000f98597d62f8c13529e62d3f180539d952247eef9dc5ae0ea1a12d41c513a8,fetched,parsed,turtle,true,1,5,25,0,3,rdf:type sh:NodeShape|rdf:type sh:PropertyShape|sh:in|sh:maxCount|sh:minCount|sh:node|sh:path|sh:property|sh:targetClass,
132451334,weso/shexer,bfa82aebe8479eb42f5dfba054f221c72e7c21d3,test/t_files/annotations/one_class_constraint_examples.ttl,extension:.ttl,1863,2eb7967b45630a036b9189adccea629d696f220555cb5fa2d8bc88956c87c96c,fetched,parsed,turtle,true,1,5,25,0,3,rdf:type sh:NodeShape|rdf:type sh:PropertyShape|sh:in|sh:maxCount|sh:minCount|sh:node|sh:path|sh:property|sh:targetClass,
132451334,weso/shexer,bfa82aebe8479eb42f5dfba054f221c72e7c21d3,test/t_files/annotations/one_class_mixed_report.ttl,extension:.ttl,1952,871dc8a9a4180014604ca4c476ae662cf4dc4236425c21f07cb447bf1eb4ab43,fetched,parsed,turtle,true,1,5,25,0,3,rdf:type sh:NodeShape|rdf:type sh:PropertyShape|sh:in|sh:maxCount|sh:minCount|sh:node|sh:path|sh:property|sh:targetClass,
132451334,weso/shexer,bfa82aebe8479eb42f5dfba054f221c72e7c21d3,test/t_files/annotations/one_class_ratios.ttl,extension:.ttl,1601,ff34f2c57e8fbfb54e131aa8800535606717e55337918f1ee66226afe8b69197,fetched,parsed,turtle,true,1,5,25,0,3,rdf:type sh:NodeShape|rdf:type sh:PropertyShape|sh:in|sh:maxCount|sh:minCount|sh:node|sh:path|sh:property|sh:targetClass,
132451334,weso/shexer,bfa82aebe8479eb42f5dfba054f221c72e7c21d3,test/t_files/annotations/one_class_shape_examples.ttl,extension:.ttl,1678,0e9f9038f231313209804e050beef16cf25207fa8f7f121b8223bae7dcb68802,fetched,parsed,turtle,true,1,5,25,0,3,rdf:type sh:NodeShape|rdf:type sh:PropertyShape|sh:in|sh:maxCount|sh:minCount|sh:node|sh:path|sh:property|sh:targetClass,
132451334,weso/shexer,bfa82aebe8479eb42f5dfba054f221c72e7c21d3,test/t_files/annotations/single_class_deterministic_order.ttl,extension:.ttl,707,e692cf6ae0ceb85afafa061117184855e09f458179c1e334cb5c6b6561c36d1e,fetched,parsed,turtle,false,0,0,0,0,0,,
132451334,weso/shexer,bfa82aebe8479eb42f5dfba054f221c72e7c21d3,test/t_files/bnodes/bnode_people.nt,extension:.nt,425,4990a2d14ee59e2b73ec64e4de9b69c2dccb2fc9e61a7c31f0bcf7411f0395ee,fetched,parsed,nt,false,0,0,0,0,0,,
132451334,weso/shexer,bfa82aebe8479eb42f5dfba054f221c72e7c21d3,test/t_files/bnodes/bnode_people.ttl,extension:.ttl,186,80ea019a6d31ef90452b9f1a7b47fcb19767259d59f854875b04da6d2b34f2f5,fetched,parsed,turtle,false,0,0,0,0,0,,
132451334,weso/shexer,bfa82aebe8479eb42f5dfba054f221c72e7c21d3,test/t_files/bnodes/people_some_bnodes_dont_have_shape.ttl,extension:.ttl,168,5c801833c382c75640849f6e9008155688e20f1d10e76316a1a409b1ff6e94cf,fetched,parsed,turtle,false,0,0,0,0,0,,
132451334,weso/shexer,bfa82aebe8479eb42f5dfba054f221c72e7c21d3,test/t_files/bnodes/people_target_mixes_bnodes_and_iris.ttl,extension:.ttl,169,8670ab76ff0b7f21729b73d4bfba203a9806a34c32b726380fc43b1258b8c256,fetched,parsed,turtle,false,0,0,0,0,0,,
132451334,weso/shexer,bfa82aebe8479eb42f5dfba054f221c72e7c21d3,test/t_files/bnodes/people_target_mixes_bnodes_iris_and_no_shapes.ttl,extension:.ttl,219,44f62247f8053ec22b3b6878169029e04e9cd8f04cdb860fe28d755aa0fb543d,fetched,parsed,turtle,false,0,0,0,0,0,,
132451334,weso/shexer,bfa82aebe8479eb42f5dfba054f221c72e7c21d3,test/t_files/compression/t1_partial_1_3.nt,extension:.nt,739,1989ba575b66f143d3d93cb35cfb54e2bf8f3952a877d83fa59b981dbf21581f,fetched,parsed,nt,false,0,0,0,0,0,,
132451334,weso/shexer,bfa82aebe8479eb42f5dfba054f221c72e7c21d3,test/t_files/compression/t1_partial_2_3.nt,extension:.nt,650,f6825c683148a242f549fbe3be1ac11ac02425aaccfcf72b7e3f0cfd2f92bffb,fetched,parsed,nt,false,0,0,0,0,0,,
132451334,weso/shexer,bfa82aebe8479eb42f5dfba054f221c72e7c21d3,test/t_files/compression/t1_partial_3_3.nt,extension:.nt,825,1f780b2632c01f577ba859e5e3bd3cacfd06ffb23df88b9ef5967070d8075ea2,fetched,parsed,nt,false,0,0,0,0,0,,
132451334,weso/shexer,bfa82aebe8479eb42f5dfba054f221c72e7c21d3,test/t_files/disable_comments/g2.ttl,extension:.ttl,332,0897005eb9684ec5d92f3d3eef6a02664d687c5b23e49e367d81e02f66a9f13d,fetched,parsed,turtle,false,0,0,0,0,0,,
132451334,weso/shexer,bfa82aebe8479eb42f5dfba054f221c72e7c21d3,test/t_files/disable_or/g3_or_example.ttl,extension:.ttl,1103,a261845baa13a1aa246896a33d7425216a3438f3c0a9ab8c68f993a08203322d,fetched,parsed,turtle,false,0,0,0,0,0,,
132451334,weso/shexer,bfa82aebe8479eb42f5dfba054f221c72e7c21d3,test/t_files/disable_or/g_or_example_expandable_IRI.ttl,extension:.ttl,1109,32ac2c19fd99271665e8b4b870d749659bba49542fc9368d5e26e462ebe42f02,fetched,parsed,turtle,false,0,0,0,0,0,,
132451334,weso/shexer,bfa82aebe8479eb42f5dfba054f221c72e7c21d3,test/t_files/exact_cardinality/g6_exact_cardinality.ttl,extension:.ttl,804,2a58d7731ad68acef87e4d17ab56733671f7ddb7b41f68e6899ab1f13e49d628,fetched,parsed,turtle,false,0,0,0,0,0,,
132451334,weso/shexer,bfa82aebe8479eb42f5dfba054f221c72e7c21d3,test/t_files/example_features/single_class_deterministic_order.ttl,extension:.ttl,705,b9dc21bf60176c122468c6e05e8e158d1543f0b1f5baf25a395b61ecae31e9cc,fetched,parsed,turtle,false,0,0,0,0,0,,
132451334,weso/shexer,bfa82aebe8479eb42f5dfba054f221c72e7c21d3,test/t_files/example_features/single_instance_2_prop.ttl,extension:.ttl,293,5bd4bc376bd939a0badb4e496217641bf65d9555e02f70cbd36a537b98750661,fetched,parsed,turtle,false,0,0,0,0,0,,
132451334,weso/shexer,bfa82aebe8479eb42f5dfba054f221c72e7c21d3,test/t_files/example_features/single_instance_single_prop.ttl,extension:.ttl,274,5e84df537a3da502209651752152af8e721c6ea6996ea133289eda49a3fb0e16,fetched,parsed,turtle,false,0,0,0,0,0,,
132451334,weso/shexer,bfa82aebe8479eb42f5dfba054f221c72e7c21d3,test/t_files/freq_reports/g_person_infinite_frequencies.ttl,extension:.ttl,468,845140c88d83690a915e2ac76a11e81809f59745dedd9b0207b9f3af430d1213,fetched,parsed,turtle,false,0,0,0,0,0,,
132451334,weso/shexer,bfa82aebe8479eb42f5dfba054f221c72e7c21d3,test/t_files/graph_list_of_files_input/g1_p1.nt,extension:.nt,1391,af3ff3a0f17b525af07fc7a64ef9ab84d02827d26be55d86b556389ef35d8bff,fetched,parsed,nt,false,0,0,0,0,0,,
132451334,weso/shexer,bfa82aebe8479eb42f5dfba054f221c72e7c21d3,test/t_files/graph_list_of_files_input/g1_p1.ttl,extension:.ttl,720,ca1ab1f63416018a45843f27ba7effc2cf2f85021593a3b70ee0776100060cc1,fetched,parsed,turtle,false,0,0,0,0,0,,
132451334,weso/shexer,bfa82aebe8479eb42f5dfba054f221c72e7c21d3,test/t_files/graph_list_of_files_input/g1_p2.nt,extension:.nt,826,82dc7984e60f34d8166c004d71174a9b267a05b3cdbb5cff5cb84295288db4f2,fetched,parsed,nt,false,0,0,0,0,0,,
132451334,weso/shexer,bfa82aebe8479eb42f5dfba054f221c72e7c21d3,test/t_files/graph_list_of_files_input/g1_p2.ttl,extension:.ttl,560,369dc1d8807cf8a38538d06d150e822443ecd186bbec585143194f4ad8cf5975,fetched,parsed,turtle,false,0,0,0,0,0,,
132451334,weso/shexer,bfa82aebe8479eb42f5dfba054f221c72e7c21d3,test/t_files/https/https.ttl,extension:.ttl,888,9eb96b946ffe46255fe45f7d2bfc0994549e133c12ff0acbc4879fd20cff3f5a,fetched,parsed,turtle,false,0,0,0,0,0,,
132451334,weso/shexer,bfa82aebe8479eb42f5dfba054f221c72e7c21d3,test/t_files/https/https_shacl.ttl,extension:.ttl,1023,428e6d05f906b55cb121c981d07477e33f66b16571608fd4f2cd6fde43ed099f,fetched,parsed,turtle,true,1,4,26,0,0,rdf:type sh:NodeShape|rdf:type sh:PropertyShape|sh:in|sh:maxCount|sh:minCount|sh:nodeKind|sh:path|sh:property|sh:targetClass,
132451334,weso/shexer,bfa82aebe8479eb42f5dfba054f221c72e7c21d3,test/t_files/instances_file_input/g1_all_instances.nt,extension:.nt,681,359d92fee7f85539db5177187a9aacddb321e19930b6e7a371284f428a091e13,fetched,parsed,nt,false,0,0,0,0,0,,
132451334,weso/shexer,bfa82aebe8479eb42f5dfba054f221c72e7c21d3,test/t_files/instances_file_input/g1_some_instances.nt,extension:.nt,340,2498bac6c3fd182639024c24314031dcdf6bfa6c068e204382161b6b4c1884ee,fetched,parsed,nt,false,0,0,0,0,0,,
132451334,weso/shexer,bfa82aebe8479eb42f5dfba054f221c72e7c21d3,test/t_files/instantiation_prop/G1_ex_a.ttl,extension:.ttl,1032,103aa8077995174ffdc7661cf9cc2f38070ee00ecda12722a1c374e040ebcd6a,fetched,parsed,turtle,false,0,0,0,0,0,,
132451334,weso/shexer,bfa82aebe8479eb42f5dfba054f221c72e7c21d3,test/t_files/instantiation_prop/G1_ex_a_some_rdftype.ttl,extension:.ttl,1023,c08f3408409161d9730b0f98f8b63c2ad0f26150e6b49e3a6a25c5a2aecda5bd,fetched,parsed,turtle,false,0,0,0,0,0,,
132451334,weso/shexer,bfa82aebe8479eb42f5dfba054f221c72e7c21d3,test/t_files/keep_less_specific/g1_several_names.ttl,extension:.ttl,1090,99e1f5a488fb6903d077e1a7cd531a50fe2deb2949e0cebf37c6f5feffb16b36,fetched,parsed,turtle,false,0,0,0,0,0,,
132451334,weso/shexer,bfa82aebe8479eb42f5dfba054f221c72e7c21d3,test/t_files/literals/different_literals.ttl,extension:.ttl,588,7f07e530b0f7578d5b829e382e5a85fc2a376f1afaad5dae0920d0574d36398c,fetched,parsed,turtle,false,0,0,0,0,0,,
132451334,weso/shexer,bfa82aebe8479eb42f5dfba054f221c72e7c21d3,test/t_files/literals/different_literals_shacl.ttl,extension:.ttl,1424,5f97e9df34a60861b28410291e5c00c81aed73444f130188f15d49521c06924e,fetched,parsed,turtle,true,1,7,38,0,6,rdf:type sh:NodeShape|rdf:type sh:PropertyShape|sh:in|sh:maxCount|sh:minCount|sh:path|sh:property|sh:targetClass,
132451334,weso/shexer,bfa82aebe8479eb42f5dfba054f221c72e7c21d3,test/t_files/literals/literals_no_xsd.ttl,extension:.ttl,552,6545a262ef88a2e9996134c3db230ff217beed62bc0394b7969bd2a273663abe,fetched,parsed,turtle,false,0,0,0,0,0,,
132451334,weso/shexer,bfa82aebe8479eb42f5dfba054f221c72e7c21d3,test/t_files/literals/literals_no_xsd_shacl.ttl,extension:.ttl,937,c5bb36addfebe326de861972c01281d9133bc613da8734d928ec83a44794f1ba,fetched,parsed,turtle,true,1,3,18,0,2,rdf:type sh:NodeShape|rdf:type sh:PropertyShape|sh:in|sh:maxCount|sh:minCount|sh:path|sh:property|sh:targetClass,
132451334,weso/shexer,bfa82aebe8479eb42f5dfba054f221c72e7c21d3,test/t_files/min_iri/g1_different_base_per_instance_no_sep_char.ttl,extension:.ttl,1126,5e2374130e06cb951132422aeb56a2c220a9ab121620b03aba71b95b9800bb62,fetched,parsed,turtle,false,0,0,0,0,0,,
132451334,weso/shexer,bfa82aebe8479eb42f5dfba054f221c72e7c21d3,test/t_files/min_iri/g1_different_namespaces_per_class.ttl,extension:.ttl,1118,5e0f366a431bf775447df9db74089d1d8d57767905bfda176a8522c6e2dee650,fetched,parsed,turtle,false,0,0,0,0,0,,
132451334,weso/shexer,bfa82aebe8479eb42f5dfba054f221c72e7c21d3,test/t_files/min_iri/g1_different_namespaces_per_instance.ttl,extension:.ttl,1118,69893154dbdf93819b5e743252da5f866b9e8c11181a57dcebfed3bc557d1f68,fetched,parsed,turtle,false,0,0,0,0,0,,
132451334,weso/shexer,bfa82aebe8479eb42f5dfba054f221c72e7c21d3,test/t_files/min_iri/shacl_g1_all_classes_no_comments_min_iri.ttl,extension:.ttl,1605,330ac0ac107cccd62cfc22b9918e9fcc9130fd037cacea3a5d38596cb3065af5,fetched,parsed,turtle,true,2,8,45,0,5,rdf:type sh:NodeShape|rdf:type sh:PropertyShape|sh:in|sh:maxCount|sh:minCount|sh:node|sh:path|sh:pattern|sh:property|sh:targetClass,
132451334,weso/shexer,bfa82aebe8479eb42f5dfba054f221c72e7c21d3,test/t_files/min_iri/shacl_g1_different_namespaces_per_class.ttl,extension:.ttl,1616,0d88cd193eb9b428b9f17b4dc67a02331c94a616b3b8698c7228db77a4271420,fetched,parsed,turtle,true,2,8,45,0,5,rdf:type sh:NodeShape|rdf:type sh:PropertyShape|sh:in|sh:maxCount|sh:minCount|sh:nodeKind|sh:path|sh:pattern|sh:property|sh:targetClass,
132451334,weso/shexer,bfa82aebe8479eb42f5dfba054f221c72e7c21d3,test/t_files/min_iri/shacl_g1_different_namespaces_per_instance.ttl,extension:.ttl,1612,6ad6dbd3f62a5e26e2f7809c793b55ad5beb1899486e6ed7e7048926d91e76b7,fetched,parsed,turtle,true,2,8,45,0,5,rdf:type sh:NodeShape|rdf:type sh:PropertyShape|sh:in|sh:maxCount|sh:minCount|sh:nodeKind|sh:path|sh:pattern|sh:property|sh:targetClass,
132451334,weso/shexer,bfa82aebe8479eb42f5dfba054f221c72e7c21d3,test/t_files/namespaces_to_ignore/g1_namespaces.ttl,extension:.ttl,1145,72f47a638c0c58803bc0494ea9b1a6e022ecfd913806bece57bfca940141d72c,fetched,parsed,turtle,false,0,0,0,0,0,,
132451334,weso/shexer,bfa82aebe8479eb42f5dfba054f221c72e7c21d3,test/t_files/namespaces_to_ignore/g1_namespaces_indirect.ttl,extension:.ttl,1309,cee9d23b64c47385fe95f959852794c629fbab088dc230ea97615e2793c16b32,fetched,parsed,turtle,false,0,0,0,0,0,,
132451334,weso/shexer,bfa82aebe8479eb42f5dfba054f221c72e7c21d3,test/t_files/no_sharp/sharp_chances.ttl,extension:.ttl,829,833daf1a29487d4f2d827ce9bb5127ebe7f2bcd881b6c5366258a2c0b86fe92a,fetched,parsed,turtle,false,0,0,0,0,0,,
132451334,weso/shexer,bfa82aebe8479eb42f5dfba054f221c72e7c21d3,test/t_files/node_types/property_to_IRI_and_literal.ttl,extension:.ttl,742,b64d74d678c0568d56e97e1cab852fce3cae5188154cbe912ffe15fbdd03ea84,fetched,parsed,turtle,false,0,0,0,0,0,,
132451334,weso/shexer,bfa82aebe8479eb42f5dfba054f221c72e7c21d3,test/t_files/opt_cardinality/g4_opt_cardinality.ttl,extension:.ttl,1122,e00ee4ce5fc472d5ce3ef86c0a33b802b7cd25c9c74476d4a468e5175253968f,fetched,parsed,turtle,false,0,0,0,0,0,,
132451334,weso/shexer,bfa82aebe8479eb42f5dfba054f221c72e7c21d3,test/t_files/qualifiers/virus_wikidata_depth2.ttl,extension:.ttl,614184,2ab06226b1e90304f8f7bd87d47143ddac50d65d008a67f09b35157d318fa2be,fetched,parsed,turtle,false,0,0,0,0,0,,
132451334,weso/shexer,bfa82aebe8479eb42f5dfba054f221c72e7c21d3,test/t_files/repeated_names/two_person_classes.ttl,extension:.ttl,476,b8e4c5fb5c352994cfa96126a1b9d4f30522ce84ce1088e1e66b5a9ddc8bc078,fetched,parsed,turtle,false,0,0,0,0,0,,
132451334,weso/shexer,bfa82aebe8479eb42f5dfba054f221c72e7c21d3,test/t_files/shacl/g1_all_classes.ttl,extension:.ttl,1679,45fc20a18498f144e21bfe8f3e15448c15d97955699e9fe57623ed0333934fb5,fetched,parsed,turtle,true,2,8,43,0,5,rdf:type sh:NodeShape|rdf:type sh:PropertyShape|sh:in|sh:maxCount|sh:minCount|sh:node|sh:path|sh:property|sh:targetClass,
132451334,weso/shexer,bfa82aebe8479eb42f5dfba054f221c72e7c21d3,test/t_files/shacl/g1_person.ttl,extension:.ttl,1206,99af2812a9402022b59c4cf59f1a6b745a807a75e43d186768a689f115dc6e58,fetched,parsed,turtle,true,1,5,26,0,3,rdf:type sh:NodeShape|rdf:type sh:PropertyShape|sh:in|sh:maxCount|sh:minCount|sh:node|sh:path|sh:property|sh:targetClass,
132451334,weso/shexer,bfa82aebe8479eb42f5dfba054f221c72e7c21d3,test/t_files/sort/g_sort.ttl,extension:.ttl,670,2f3b53ff8b237014ffe68900f87a03dd90f5ef47e8f108c81aa4039564317ddb,fetched,parsed,turtle,false,0,0,0,0,0,,
132451334,weso/shexer,bfa82aebe8479eb42f5dfba054f221c72e7c21d3,test/t_files/sort/g_sort_incoming.ttl,extension:.ttl,660,5486ad58719899bf5ad6019dd0288f11c24f987f68d57bcef6ff9fecdabb9a92,fetched,parsed,turtle,false,0,0,0,0,0,,
132451334,weso/shexer,bfa82aebe8479eb42f5dfba054f221c72e7c21d3,test/t_files/sort/g_sort_mixed.ttl,extension:.ttl,668,a639279e3e5f1ed38115f1103e4c0a3326e4c4fae5916bcd3551d844f52d9526,fetched,parsed,turtle,false,0,0,0,0,0,,
132451334,weso/shexer,bfa82aebe8479eb42f5dfba054f221c72e7c21d3,test/t_files/t_graph_1.n3,extension:.n3,830,91990dec6b7a048ef98eefc0960b130c3503cead056321a280b6e8293a45c887,fetched,parsed,n3,false,0,0,0,0,0,,
132451334,weso/shexer,bfa82aebe8479eb42f5dfba054f221c72e7c21d3,test/t_files/t_graph_1.nt,extension:.nt,2217,e947f7651c602ae196bb0d86c62329b23982c6f7dc0f52c75d030b864df40a31,fetched,parsed,nt,false,0,0,0,0,0,,
132451334,weso/shexer,bfa82aebe8479eb42f5dfba054f221c72e7c21d3,test/t_files/t_graph_1.ttl,extension:.ttl,1029,4e1a02bfff91b52c70bb01f4930e97eddefac8e2aa6346d770a069ca9acae850,fetched,parsed,turtle,false,0,0,0,0,0,,
132451334,weso/shexer,bfa82aebe8479eb42f5dfba054f221c72e7c21d3,test/t_files/t_graph_1.xml,sniff:rdfxml,1624,78385d1a2c9819235501070ca342586bafb89e72ec88da52a6c68e6cdff23cec,fetched,parsed,xml,false,0,0,0,0,0,,
132451334,weso/shexer,bfa82aebe8479eb42f5dfba054f221c72e7c21d3,test/t_files/t_graph_1_absolutes.ttl,extension:.ttl,1089,0e2e65803c9fdf514f67015226fc8849a11f83c14cec01e738885d4ac7429732,fetched,parsed,turtle,false,0,0,0,0,0,,
132451334,weso/shexer,bfa82aebe8479eb42f5dfba054f221c72e7c21d3,test/t_files/t_graph_1_base.ttl,extension:.ttl,1020,27ba50415274aee41f0ef077a02b0612d5441f003507cda8717c4411204d3c88,fetched,parsed,turtle,false,0,0,0,0,0,,
132451334,weso/shexer,bfa82aebe8479eb42f5dfba054f221c72e7c21d3,test/t_files/t_graph_1_bnode.ttl,extension:.ttl,1064,28b6d727cb870ef31164bde9b4ddd2df167463323ce865d23b8838f54707502b,fetched,parsed,turtle,false,0,0,0,0,0,,
132451334,weso/shexer,bfa82aebe8479eb42f5dfba054f221c72e7c21d3,test/t_files/t_graph_1_multiline_str.ttl,extension:.ttl,1207,99ef4424f501cdb2e4db253a3c752b4254f38378d3acf95c4572cc665a4607a4,fetched,parsed,turtle,false,0,0,0,0,0,,
132451334,weso/shexer,bfa82aebe8479eb42f5dfba054f221c72e7c21d3,test/t_files/t_graph_1_scaped_quotes.ttl,extension:.ttl,1142,be518b9fdfb3c321884277fa648a753b986b8197a82fa30352b0c0db60bfe3cb,fetched,parsed,turtle,false,0,0,0,0,0,,
132451334,weso/shexer,bfa82aebe8479eb42f5dfba054f221c72e7c21d3,test/t_files/t_graph_1_scaped_quotes_and_multiline.ttl,extension:.ttl,1221,b774d1dfd91b2c2930d2689a9d0724a0624d84a63cc3f5fe74a859e3512c3c64,fetched,parsed,turtle,false,0,0,0,0,0,,
132451334,weso/shexer,bfa82aebe8479eb42f5dfba054f221c72e7c21d3,test/t_files/untyped_numbers/g1_untyped_age.nt,extension:.nt,2032,2ef8275eef79cf89d0c816f27c0a7deeec65d867bf46c9757e2126440a167a41,fetched,parse_error,nt,false,0,0,0,0,0,,ParserError: Invalid line: 23 .
132451334,weso/shexer,bfa82aebe8479eb42f5dfba054f221c72e7c21d3,test/t_files/untyped_numbers/g1_untyped_weight.nt,extension:.nt,2284,bd93e9db2cc2ec7ceb8cdf4ef20cde8c62a36bf0f527e4b6aa479f971610ce2d,fetched,parse_error,nt,false,0,0,0,0,0,,ParserError: Invalid line: 23 .
132451334,weso/shexer,bfa82aebe8479eb42f5dfba054f221c72e7c21d3,test/t_files/wikidata_annotation/wiki_example.ttl,extension:.ttl,443,5b39b0b649c40bac18a8f78cca87aaa31aae7acded8d5eb504369352236886cf,fetched,parsed,turtle,false,0,0,0,0,0,,
132451334,weso/shexer,bfa82aebe8479eb42f5dfba054f221c72e7c21d3,test/t_files/wikidata_annotation/wiki_example_noanot_shacl.ttl,extension:.ttl,1349,e2ca4e1888dd62b5c25169598cae379e738bbda6f48f52c34975c1a8e6225058,fetched,parsed,turtle,true,3,4,30,0,0,rdf:type sh:NodeShape|rdf:type sh:PropertyShape|sh:in|sh:maxCount|sh:minCount|sh:nodeKind|sh:path|sh:property|sh:targetClass,
283326779,cancerDHC/csv2caDSR,1cc7dca72bedbed0b412e0c8ab17aecb6c391453,examples/ispy1/cedar-instances/ispy1-cedar.instance.0.json,sniff:jsonld,2874,a83f5c4bf85e182715d40b6c6fcac00104e0068d346d0b4804a1e48ff1b4189f,fetched,parsed,json-ld,false,0,0,0,0,0,,
283326779,cancerDHC/csv2caDSR,1cc7dca72bedbed0b412e0c8ab17aecb6c391453,examples/ispy1/cedar-instances/ispy1-cedar.instance.1.json,sniff:jsonld,2876,984bf83003fd0ca85223f57545e000daaf3b0b7e606e5080250cce02e56b8594,fetched,parsed,json-ld,false,0,0,0,0,0,,
283326779,cancerDHC/csv2caDSR,1cc7dca72bedbed0b412e0c8ab17aecb6c391453,examples/ispy1/cedar-instances/ispy1-cedar.instance.10.json,sniff:jsonld,2877,8d18f29a731cfa3c73f6919903edc9281ea7fe86b7894ea34eadc76a4a25c808,fetched,parsed,json-ld,false,0,0,0,0,0,,
283326779,cancerDHC/csv2caDSR,1cc7dca72bedbed0b412e0c8ab17aecb6c391453,examples/ispy1/cedar-instances/ispy1-cedar.instance.100.json,sniff:jsonld,2880,f46ca89cae50aecd486443942e4e41e849d64b18e23182cb13d31d4617c4c99d,fetched,parsed,json-ld,false,0,0,0,0,0,,
283326779,cancerDHC/csv2caDSR,1cc7dca72bedbed0b412e0c8ab17aecb6c391453,examples/ispy1/cedar-instances/ispy1-cedar.instance.101.json,sniff:jsonld,2928,0b5e487337285a415d0e54a31fb9d7606182b37d2a698a3a9f6035f702f79299,fetched,parsed,json-ld,false,0,0,0,0,0,,
283326779,cancerDHC/csv2caDSR,1cc7dca72bedbed0b412e0c8ab17aecb6c391453,examples/ispy1/cedar-instances/ispy1-cedar.instance.102.json,sniff:jsonld,2878,8efa572533f2a0e336a8905c97bbaec484f85476b9a710f4b0f04a3bf0be18ff,fetched,parsed,json-ld,false,0,0,0,0,0,,
283326779,cancerDHC/csv2caDSR,1cc7dca72bedbed0b412e0c8ab17aecb6c391453,examples/ispy1/cedar-instances/ispy1-cedar.instance.103.json,sniff:jsonld,2880,6caab87c257ee63be454bf282d04a50649b02c6f2fd5429dc8cb70b0d71dafe9,fetched,parsed,json-ld,false,0,0,0,0,0,,
283326779,cancerDHC/csv2caDSR,1cc7dca72bedbed0b412e0c8ab17aecb6c391453,examples/ispy1/cedar-instances/ispy1-cedar.instance.104.json,sniff:jsonld,2877,ba665410334028c3bf8cccbe4476bc5432a9edb79e2da41099912ebfe7ff97b9,fetched,parsed,json-ld,false,0,0,0,0,0,,
283326779,cancerDHC/csv2caDSR,1cc7dca72bedbed0b412e0c8ab17aecb6c391453,examples/ispy1/cedar-instances/ispy1-cedar.instance.105.json,sniff:jsonld,2878,aeec0b3f7c452dcd27a7d800f1a6a98d51bc8b95713261b9f7fc8f38a5be0a84,fetched,parsed,json-ld,false,0,0,0,0,0,,
283326779,cancerDHC/csv2caDSR,1cc7dca72bedbed0b412e0c8ab17aecb6c391453,examples/ispy1/cedar-instances/ispy1-cedar.instance.106.json,sniff:jsonld,2880,8c2b47a8078326a1f5324d914630b779635fdedd7dc2a7025881c011c17e8ed6,fetched,parsed,json-ld,false,0,0,0,0,0,,
283326779,cancerDHC/csv2caDSR,1cc7dca72bedbed0b412e0c8ab17aecb6c391453,examples/ispy1/cedar-instances/ispy1-cedar.instance.107.json,sniff:jsonld,2874,7c3ffd3bb24a7b57f2a52dde72ddfaec2622c89ac994aa0e2a2817e6feafa752,fetched,parsed,json-ld,false,0,0,0,0,0,,
283326779,cancerDHC/csv2caDSR,1cc7dca72bedbed0b412e0c8ab17aecb6c391453,examples/ispy1/cedar-instances/ispy1-cedar.instance.108.json,sniff:jsonld,2878,1301152c74ecc70312495438827b6a6ae07f1375f0ec39387b4326f81e1e84b8,fetched,parsed,json-ld,false,0,0,0,0,0,,
283326779,cancerDHC/csv2caDSR,1cc7dca72bedbed0b412e0c8ab17aecb6c391453,examples/ispy1/cedar-instances/ispy1-cedar.instance.109.json,sniff:jsonld,2930,7c7c315864604b166f338789e542a084a6077e1b5dbd75044428cf18ddafee27,fetched,parsed,json-ld,false,0,0,0,0,0,,
283326779,cancerDHC/csv2caDSR,1cc7dca72bedbed0b412e0c8ab17aecb6c391453,examples/ispy1/cedar-instances/ispy1-cedar.instance.11.json,sniff:jsonld,2876,fd632c77f8d7ef11f45d5d5dd41bfab6191328f6548b0b4b9a2eb23019218eb8,fetched,parsed,json-ld,false,0,0,0,0,0,,
283326779,cancerDHC/csv2caDSR,1cc7dca72bedbed0b412e0c8ab17aecb6c391453,examples/ispy1/cedar-instances/ispy1-cedar.instance.110.json,sniff:jsonld,2929,f26ec4132e6a6b2b0ed258d9dfaca46f22fb76650358c6b6143a27b3cf9be04d,fetched,parsed,json-ld,false,0,0,0,0,0,,
283326779,cancerDHC/csv2caDSR,1cc7dca72bedbed0b412e0c8ab17aecb6c391453,examples/ispy1/cedar-instances/ispy1-cedar.instance.111.json,sniff:jsonld,2879,2c17a667f784f26b564e5918b43d11dc5a7e58f03de7c6566c8d0ea830aaa2eb,fetched,parsed,json-ld,false,0,0,0,0,0,,
283326779,cancerDHC/csv2caDSR,1cc7dca72bedbed0b412e0c8ab17aecb6c391453,examples/ispy1/cedar-instances/ispy1-cedar.instance.112.json,sniff:jsonld,2930,204f0d98727f5edaae6c2c5531a227fb1709f9491a1a1ace9ad9116ea6837027,fetched,parsed,json-ld,false,0,0,0,0,0,,
283326779,cancerDHC/csv2caDSR,1cc7dca72bedbed0b412e0c8ab17aecb6c391453,examples/ispy1/cedar-instances/ispy1-cedar.instance.113.json,sniff:jsonld,2831,c9cf592b6852cf3217e474b2a91ab5e77415b60eb47dc68675190bfa2ccb972f,fetched,parsed,json-ld,false,0,0,0,0,0,,
283326779,cancerDHC/csv2caDSR,1cc7dca72bedbed0b412e0c8ab17aecb6c391453,examples/ispy1/cedar-instances/ispy1-cedar.instance.114.json,sniff:jsonld,2930,edc9362d7357bd81da346744679af5032dffb1b75e7f0564969f41348b2fdee1,fetched,parsed,json-ld,false,0,0,0,0,0,,
283326779,cancerDHC/csv2caDSR,1cc7dca72bedbed0b412e0c8ab17aecb6c391453,examples/ispy1/cedar-instances/ispy1-cedar.instance.115.json,sniff:jsonld,2880,7032d345a6d2f53f081762cbdc8a2e3e803d74c6e471159717c086c2c9ebe294,fetched,parsed,json-ld,false,0,0,0,0,0,,
283326779,cancerDHC/csv2caDSR,1cc7dca72bedbed0b412e0c8ab17aecb6c391453,examples/ispy1/cedar-instances/ispy1-cedar.instance.116.json,sniff:jsonld,2875,082a2457ec88a5ec267fa2009e404acf75cf915c87217bcaa158afe7c5ace11d,fetched,parsed,json-ld,false,0,0,0,0,0,,
283326779,cancerDHC/csv2caDSR,1cc7dca72bedbed0b412e0c8ab17aecb6c391453,examples/ispy1/cedar-instances/ispy1-cedar.instance.117.json,sniff:jsonld,2928,9da8c18a0d986f2682c929248221de610da0d71a33afc4d6c85e2b1f388868bd,fetched,parsed,json-ld,false,0,0,0,0,0,,
283326779,cancerDHC/csv2caDSR,1cc7dca72bedbed0b412e0c8ab17aecb6c391453,examples/ispy1/cedar-instances/ispy1-cedar.instance.118.json,sniff:jsonld,2875,b02cc9f6b7ec1c401bc69f75e08d9f9225b28a2cc1edf2b668c15845541b0361,fetched,parsed,json-ld,false,0,0,0,0,0,,
283326779,cancerDHC/csv2caDSR,1cc7dca72bedbed0b412e0c8ab17aecb6c391453,examples/ispy1/cedar-instances/ispy1-cedar.instance.119.json,sniff:jsonld,2879,2fc6d22d7c1262a7dead617cd76fa242d6023fbfef28caf9cda32440d437810d,fetched,parsed,json-ld,false,0,0,0,0,0,,
283326779,cancerDHC/csv2caDSR,1cc7dca72bedbed0b412e0c8ab17aecb6c391453,examples/ispy1/cedar-instances/ispy1-cedar.instance.12.json,sniff:jsonld,2871,33be7956ccc5f2ad597b0f06df1ab4677b6d5b0a90112c0d46cbb00d86040309,fetched,parsed,json-ld,false,0,0,0,0,0,,
283326779,cancerDHC/csv2caDSR,1cc7dca72bedbed0b412e0c8ab17aecb6c391453,examples/ispy1/cedar-instances/ispy1-cedar.instance.120.json,sniff:jsonld,2879,e4846c235da4746d686ccffcc37ac4edd716d471d9fa439264356a7d9acda0b3,fetched,parsed,json-ld,false,0,0,0,0,0,,
283326779,cancerDHC/csv2caDSR,1cc7dca72bedbed0b412e0c8ab17aecb6c391453,examples/ispy1/cedar-instances/ispy1-cedar.instance.121.json,sniff:jsonld,2931,8fe8d52ba2e42656ac7dbfc67db28a618825262b564b1280f38fbd7b4939cfc9,fetched,parsed,json-ld,false,0,0,0,0,0,,
283326779,cancerDHC/csv2caDSR,1cc7dca72bedbed0b412e0c8ab17aecb6c391453,examples/ispy1/cedar-instances/ispy1-cedar.instance.122.json,sniff:jsonld,2931,7334c5d934134c5efbd44e556c2f06aa8957362dcfa2526e15eae1b292a45dd0,fetched,parsed,json-ld,false,0,0,0,0,0,,
283326779,cancerDHC/csv2caDSR,1cc7dca72bedbed0b412e0c8ab17aecb6c391453,examples/ispy1/cedar-instances/ispy1-cedar.instance.123.json,sniff:jsonld,2876,7d91cce4bed257051b41d9a85d5e3a0189256539e38125dcae44fe1e0cf0ef7e,fetched,parsed,json-ld,false,0,0,0,0,0,,
283326779,cancerDHC/csv2caDSR,1cc7dca72bedbed0b412e0c8ab17aecb6c391453,examples/ispy1/cedar-instances/ispy1-cedar.instance.124.json,sniff:jsonld,2879,20b5b09423ae51ca892bf46057a3e3917b8914860aef354bc5797763005054ff,fetched,parsed,json-ld,false,0,0,0,0,0,,
283326779,cancerDHC/csv2caDSR,1cc7dca72bedbed0b412e0c8ab17aecb6c391453,examples/ispy1/cedar-instances/ispy1-cedar.instance.125.json,sniff:jsonld,2931,94f20766782990874f215f6973bfc3e700394d918570aba31fde8fed7d990856,fetched,parsed,json-ld,false,0,0,0,0,0,,
283326779,cancerDHC/csv2caDSR,1cc7dca72bedbed0b412e0c8ab17aecb6c391453,examples/ispy1/cedar-instances/ispy1-cedar.instance.126.json,sniff:jsonld,2876,3b80f6e2e5db8dda8b03eaedc91b53cbbe60db52c4c765ab5937486a0a93bd75,fetched,parsed,json-ld,false,0,0,0,0,0,,
283326779,cancerDHC/csv2caDSR,1cc7dca72bedbed0b412e0c8ab17aecb6c391453,examples/ispy1/cedar-instances/ispy1-cedar.instance.127.json,sniff:jsonld,2930,e458e39e9b3f402bb7fd5a62f640788275447b7aa319cfdae5083cca91ab03c0,fetched,parsed,json-ld,false,0,0,0,0,0,,
283326779,cancerDHC/csv2caDSR,1cc7dca72bedbed0b412e0c8ab17aecb6c391453,examples/ispy1/cedar-instances/ispy1-cedar.instance.128.json,sniff:jsonld,2873,4c0c21c5e72447ad4cd7188b99b7dfb0c02fd6bca23838c1895678f94d93e3aa,fetched,parsed,json-ld,false,0,0,0,0,0,,
283326779,cancerDHC/csv2caDSR,1cc7dca72bedbed0b412e0c8ab17aecb6c391453,examples/ispy1/cedar-instances/ispy1-cedar.instance.129.json,sniff:jsonld,2878,c46bb626f1c01d2b8fc2d6a093aa9b04647c2be593e4eee9320ee549671a1e96,fetched,parsed,json-ld,false,0,0,0,0,0,,
283326779,cancerDHC/csv2caDSR,1cc7dca72bedbed0b412e0c8ab17aecb6c391453,examples/ispy1/cedar-instances/ispy1-cedar.instance.13.json,sniff:jsonld,2877,40b4cb70a3f545e9c9dfc2bd8907aae668a7d3ecd4515f2284b994573b2a1d07,fetched,parsed,json-ld,false,0,0,0,0,0,,
283326779,cancerDHC/csv2caDSR,1cc7dca72bedbed0b412e0c8ab17aecb6c391453,examples/ispy1/cedar-instances/ispy1-cedar.instance.130.json,sniff:jsonld,2926,e6d35dcbff04133036d2f93257dd8735ccca81373675420ab32dafa4b650df78,fetched,parsed,json-ld,false,0,0,0,0,0,,
283326779,cancerDHC/csv2caDSR,1cc7dca72bedbed0b412e0c8ab17aecb6c391453,examples/ispy1/cedar-instances/ispy1-cedar.instance.131.json,sniff:jsonld,2926,155c080773d48eb0faab5a4ab5320a90b2473ef05f9ece67b67bfa6ef1003ce4,fetched,parsed,json-ld,false,0,0,0,0,0,,
283326779,cancerDHC/csv2caDSR,1cc7dca72bedbed0b412e0c8ab17aecb6c391453,examples/ispy1/cedar-instances/ispy1-cedar.instance.132.json,sniff:jsonld,2879,c52f6764125ab64081e27b3b9c8047e5d1909e2a5c15147b2bff93fb8d9c5c62,fetched,parsed,json-ld,false,0,0,0,0,0,,
283326779,cancerDHC/csv2caDSR,1cc7dca72bedbed0b412e0c8ab17aecb6c391453,examples/ispy1/cedar-instances/ispy1-cedar.instance.133.json,sniff:jsonld,2929,6948a0bb3965c3ba1786cc8d23ffded08299662767af7bb902e6a4e1a15b91e4,fetched,parsed,json-ld,false,0,0,0,0,0,,
283326779,cancerDHC/csv2caDSR,1cc7dca72bedbed0b412e0c8ab17aecb6c391453,examples/ispy1/cedar-instances/ispy1-cedar.instance.134.json,sniff:jsonld,2929,b49e54966c89b8bf1719c0a455514ba0fbf4c5dc0b4196243bf5fff35c35ea95,fetched,parsed,json-ld,false,0,0,0,0,0,,
283326779,cancerDHC/csv2caDSR,1cc7dca72bedbed0b412e0c8ab17aecb6c391453,examples/ispy1/cedar-instances/ispy1-cedar.instance.135.json,sniff:jsonld,2930,dbf80a68c059e18eabf5e59b501d70acfe45a699c6fb64d8a88481581768e9f5,fetched,parsed,json-ld,false,0,0,0,0,0,,
283326779,cancerDHC/csv2caDSR,1cc7dca72bedbed0b412e0c8ab17aecb6c391453,examples/ispy1/cedar-instances/ispy1-cedar.instance.136.json,sniff:jsonld,2880,5d91de70c71f14b336913aa01419ab199f575ad7ca629dea1a476d866753fb26,fetched,parsed,json-ld,false,0,0,0,0,0,,
283326779,cancerDHC/csv2caDSR,1cc7dca72bedbed0b412e0c8ab17aecb6c391453,examples/ispy1/cedar-instances/ispy1-cedar.instance.137.json,sniff:jsonld,2879,6f57c49ef7573d4e9ff1251f0671d05ff9a8a6d19ad3d56d9e85fc28d1aae63a,fetched,parsed,json-ld,false,0,0,0,0,0,,
283326779,cancerDHC/csv2caDSR,1cc7dca72bedbed0b412e0c8ab17aecb6c391453,examples/ispy1/cedar-instances/ispy1-cedar.instance.138.json,sniff:jsonld,2875,5242ac6edddbbb797606250ecc213c6a742b253cef6d826f4e2cfee0671c5e00,fetched,parsed,json-ld,false,0,0,0,0,0,,
283326779,cancerDHC/csv2caDSR,1cc7dca72bedbed0b412e0c8ab17aecb6c391453,examples/ispy1/cedar-instances/ispy1-cedar.instance.139.json,sniff:jsonld,2879,bcc25dc8b7380b4df1ad250e9caa8c9a28e216ab146d5191b4b81722c8657c36,fetched,parsed,json-ld,false,0,0,0,0,0,,
283326779,cancerDHC/csv2caDSR,1cc7dca72bedbed0b412e0c8ab17aecb6c391453,examples/ispy1/cedar-instances/ispy1-cedar.instance.14.json,sniff:jsonld,2926,cdf5f6daab0d913393de3495282d9f2c672a705a86609a35505e75b4d52d9841,fetched,parsed,json-ld,false,0,0,0,0,0,,
283326779,cancerDHC/csv2caDSR,1cc7dca72bedbed0b412e0c8ab17aecb6c391453,examples/ispy1/cedar-instances/ispy1-cedar.instance.140.json,sniff:jsonld,2930,a4d1a276f5510a166d252b0f93881701d9c7e16ec44a68767136239ce2f22277,fetched,parsed,json-ld,false,0,0,0,0,0,,
283326779,cancerDHC/csv2caDSR,1cc7dca72bedbed0b412e0c8ab17aecb6c391453,examples/ispy1/cedar-instances/ispy1-cedar.instance.141.json,sniff:jsonld,2929,2299f51b9107458c2d884a023da25d63ef02d9f5812ea167f6e4df9fc7284b70,fetched,parsed,json-ld,false,0,0,0,0,0,,
283326779,cancerDHC/csv2caDSR,1cc7dca72bedbed0b412e0c8ab17aecb6c391453,examples/ispy1/cedar-instances/ispy1-cedar.instance.142.json,sniff:jsonld,2930,34681fc47fb38363ff0995cc28df6b291711f3339706efb4a9490f3bade2ab79,fetched,parsed,json-ld,false,0,0,0,0,0,,
283326779,cancerDHC/csv2caDSR,1cc7dca72bedbed0b412e0c8ab17aecb6c391453,examples/ispy1/cedar-instances/ispy1-cedar.instance.143.json,sniff:jsonld,2879,01925dbd21c4cd821b53fe4ea69738b1310d085be857ba9201540cd47dc87904,fetched,parsed,json-ld,false,0,0,0,0,0,,
283326779,cancerDHC/csv2caDSR,1cc7dca72bedbed0b412e0c8ab17aecb6c391453,examples/ispy1/cedar-instances/ispy1-cedar.instance.144.json,sniff:jsonld,2830,85d3fdd91c42602a59fdcb9551c3c654386cde166ef06599b4b39fe8bd8d10c6,fetched,parsed,json-ld,false,0,0,0,0,0,,
283326779,cancerDHC/csv2caDSR,1cc7dca72bedbed0b412e0c8ab17aecb6c391453,examples/ispy1/cedar-instances/ispy1-cedar.instance.145.json,sniff:jsonld,2929,0cfa5ef6af874f0be2aa603bab071b380e3fdede7da7d16a0b022070c01f6c0f,fetched,parsed,json-ld,false,0,0,0,0,0,,
283326779,cancerDHC/csv2caDSR,1cc7dca72bedbed0b412e0c8ab17aecb6c391453,examples/ispy1/cedar-instances/ispy1-cedar.instance.146.json,sniff:jsonld,2928,0a9f9f8f0070157afc1ecb02cc54700b6d182090181a6aa9507945edab8a5794,fetched,parsed,json-ld,false,0,0,0,0,0,,
283326779,cancerDHC/csv2caDSR,1cc7dca72bedbed0b412e0c8ab17aecb6c391453,examples/ispy1/cedar-instances/ispy1-cedar.instance.147.json,sniff:jsonld,2930,cae6067fa63ce97623c556eebe794d2cfe21c34393b9bbc4da0e206b3f235949,fetched,parsed,json-ld,false,0,0,0,0,0,,
283326779,cancerDHC/csv2caDSR,1cc7dca72bedbed0b412e0c8ab17aecb6c391453,examples/ispy1/cedar-instances/ispy1-cedar.instance.148.json,sniff:jsonld,2929,dda20c24e2afa837d6b19aa2e0675a009f10a9a70c252c769730a210fadb5c1c,fetched,parsed,json-ld,false,0,0,0,0,0,,
283326779,cancerDHC/csv2caDSR,1cc7dca72bedbed0b412e0c8ab17aecb6c391453,examples/ispy1/cedar-instances/ispy1-cedar.instance.149.json,sniff:jsonld,2879,310ae66ea677cae763927bdf8c7e4713ab83fd9494803024dc932df861743aed,fetched,parsed,json-ld,false,0,0,0,0,0,,
283326779,cancerDHC/csv2caDSR,1cc7dca72bedbed0b412e0c8ab17aecb6c391453,examples/ispy1/cedar-instances/ispy1-cedar.instance.15.json,sniff:jsonld,2878,09fe5c480b9999cf4291f5521312dc8a6eb57f98082395a5d7e34c1c065d2640,fetched,parsed,json-ld,false,0,0,0,0,0,,
283326779,cancerDHC/csv2caDSR,1cc7dca72bedbed0b412e0c8ab17aecb6c391453,examples/ispy1/cedar-instances/ispy1-cedar.instance.150.json,sniff:jsonld,2929,de9b4f376e37f7ce40420f44ad29819cfea68bb598ea6ee647a7fafb4feb7291,fetched,parsed,json-ld,false,0,0,0,0,0,,
283326779,cancerDHC/csv2caDSR,1cc7dca72bedbed0b412e0c8ab17aecb6c391453,examples/ispy1/cedar-instances/ispy1-cedar.instance.151.json,sniff:jsonld,2877,7eabf67ab4adfb55bd788d82dcec4908e406dc8a2bdf956ba440ed8c0bfaf6a0,fetched,parsed,json-ld,false,0,0,0,0,0,,
283326779,cancerDHC/csv2caDSR,1cc7dca72bedbed0b412e0c8ab17aecb6c391453,examples/ispy1/cedar-instances/ispy1-cedar.instance.152.json,sniff:jsonld,2876,7eddb146b6d89161746099f92b7743e5bac9340c5e341db76730f841c7d9e265,fetched,parsed,json-ld,false,0,0,0,0,0,,
283326779,cancerDHC/csv2caDSR,1cc7dca72bedbed0b412e0c8ab17aecb6c391453,examples/ispy1/cedar-instances/ispy1-cedar.instance.153.json,sniff:jsonld,2930,fc54d04cf4f1bfc345e25594b5cfcf2964bda4104bf47dd112df31c871937577,fetched,parsed,json-ld,false,0,0,0,0,0,,
283326779,cancerDHC/csv2caDSR,1cc7dca72bedbed0b412e0c8ab17aecb6c391453,examples/ispy1/cedar-instances/ispy1-cedar.instance.154.json,sniff:jsonld,2930,bbd3545d15ecf99c4c314a8e54af64126d1b59be14e600facad3d751f4e5fc30,fetched,parsed,json-ld,false,0,0,0,0,0,,
283326779,cancerDHC/csv2caDSR,1cc7dca72bedbed0b412e0c8ab17aecb6c391453,examples/ispy1/cedar-instances/ispy1-cedar.instance.155.json,sniff:jsonld,2879,1251252780881f647e68015edf6774b9e06c2b29308f1eec26a33ba928c0d322,fetched,parsed,json-ld,false,0,0,0,0,0,,
283326779,cancerDHC/csv2caDSR,1cc7dca72bedbed0b412e0c8ab17aecb6c391453,examples/ispy1/cedar-instances/ispy1-cedar.instance.156.json,sniff:jsonld,2930,92982feda549a21a5107838723cbdc51c1dc8ebfd7cf0675f1d25232148eddf5,fetched,parsed,json-ld,false,0,0,0,0,0,,
283326779,cancerDHC/csv2caDSR,1cc7dca72bedbed0b412e0c8ab17aecb6c391453,examples/ispy1/cedar-instances/ispy1-cedar.instance.157.json,sniff:jsonld,2930,d96d003267eaff81b6774336fdc369035157a44a7a3107b1f9ea827244110552,fetched,parsed,json-ld,false,0,0,0,0,0,,
283326779,cancerDHC/csv2caDSR,1cc7dca72bedbed0b412e0c8ab17aecb6c391453,examples/ispy1/cedar-instances/ispy1-cedar.instance.158.json,sniff:jsonld,2825,e8d67ef6aeec33ffe8cedb5bd2b496c51110680747f06071e56b625b1bbe7d29,fetched,parsed,json-ld,false,0,0,0,0,0,,
283326779,cancerDHC/csv2caDSR,1cc7dca72bedbed0b412e0c8ab17aecb6c391453,examples/ispy1/cedar-instances/ispy1-cedar.instance.159.json,sniff:jsonld,2879,dc623d33ecc5d1e05bad06396e232e56b0908fef607b1d143a464e2e4630a70e,fetched,parsed,json-ld,false,0,0,0,0,0,,
283326779,cancerDHC/csv2caDSR,1cc7dca72bedbed0b412e0c8ab17aecb6c391453,examples/ispy1/cedar-instances/ispy1-cedar.instance.16.json,sniff:jsonld,2930,e39a7a3b47071a55052988d21eb46ce2a2f0e2d1ccae1969202507d87f4b0c1c,fetched,parsed,json-ld,false,0,0,0,0,0,,
283326779,cancerDHC/csv2caDSR,1cc7dca72bedbed0b412e0c8ab17aecb6c391453,examples/ispy1/cedar-instances/ispy1-cedar.instance.160.json,sniff:jsonld,2880,6811654899a2d0a9c21e8c1ea913603d4f4653d0232a0f9fbbfa9954beb1ff79,fetched,parsed,json-ld,false,0,0,0,0,0,,
283326779,cancerDHC/csv2caDSR,1cc7dca72bedbed0b412e0c8ab17aecb6c391453,examples/ispy1/cedar-instances/ispy1-cedar.instance.161.json,sniff:jsonld,2925,e63314aa8e0a09d59107b96a64baf0f6e025f28fb765042a19a04e24a9e84825,fetched,parsed,json-ld,false,0,0,0,0,0,,
283326779,cancerDHC/csv2caDSR,1cc7dca72bedbed0b412e0c8ab17aecb6c391453,examples/ispy1/cedar-instances/ispy1-cedar.instance.162.json,sniff:jsonld,2928,587f9e5636b1cd17ff53a825d11840650ef7b197dc5cce5694750de844adba0d,fetched,parsed,json-ld,false,0,0,0,0,0,,
283326779,cancerDHC/csv2caDSR,1cc7dca72bedbed0b412e0c8ab17aecb6c391453,examples/ispy1/cedar-instances/ispy1-cedar.instance.163.json,sniff:jsonld,2930,ce0d2434d772962a5335250b5cb119f3633abf2dc10355ca46e5e8d50e1f80ea,fetched,parsed,json-ld,false,0,0,0,0,0,,
283326779,cancerDHC/csv2caDSR,1cc7dca72bedbed0b412e0c8ab17aecb6c391453,examples/ispy1/cedar-instances/ispy1-cedar.instance.164.json,sniff:jsonld,2878,1d20bb52a564e5e48ea9b872ad3a05a3910b1dee080beacf0d50b4c7183d5b36,fetched,parsed,json-ld,false,0,0,0,0,0,,
283326779,cancerDHC/csv2caDSR,1cc7dca72bedbed0b412e0c8ab17aecb6c391453,examples/ispy1/cedar-instances/ispy1-cedar.instance.165.json,sniff:jsonld,2882,ee41c0d19c1323e038d9540c4dafb4f8ed8559f96739fe91463dacce9eb702a5,fetched,parsed,json-ld,false,0,0,0,0,0,,
283326779,cancerDHC/csv2caDSR,1cc7dca72bedbed0b412e0c8ab17aecb6c391453,examples/ispy1/cedar-instances/ispy1-cedar.instance.166.json,sniff:jsonld,2929,a40862ecf84b053fdf55d6f2c110b3c0b4ad75425f510fb9a58476a1ef1cd199,fetched,parsed,json-ld,false,0,0,0,0,0,,
283326779,cancerDHC/csv2caDSR,1cc7dca72bedbed0b412e0c8ab17aecb6c391453,examples/ispy1/cedar-instances/ispy1-cedar.instance.167.json,sniff:jsonld,2880,f19a4e81f127c8db806b598f88bbaae15e7dce51b44d315c5bab8ce9373cbcf1,fetched,parsed,json-ld,false,0,0,0,0,0,,
283326779,cancerDHC/csv2caDSR,1cc7dca72bedbed0b412e0c8ab17aecb6c391453,examples/ispy1/cedar-instances/ispy1-cedar.instance.168.json,sniff:jsonld,2929,a18de856e24df06a62ea81f6fc12c7eadc7ef9de336468aeb12ab07324aeed30,fetched,parsed,json-ld,false,0,0,0,0,0,,
283326779,cancerDHC/csv2caDSR,1cc7dca72bedbed0b412e0c8ab17aecb6c391453,examples/ispy1/cedar-instances/ispy1-cedar.instance.169.json,sniff:jsonld,2879,cb05d565e607f2198cad2b24b6df5823a13b02649787a4cf7ec2f2ffe5795fba,fetched,parsed,json-ld,false,0,0,0,0,0,,
283326779,cancerDHC/csv2caDSR,1cc7dca72bedbed0b412e0c8ab17aecb6c391453,examples/ispy1/cedar-instances/ispy1-cedar.instance.17.json,sniff:jsonld,2871,46f17d24602299b2f0ed99fb1344e42914d2cb6341fefa2779ed449aef884cbb,fetched,parsed,json-ld,false,0,0,0,0,0,,
283326779,cancerDHC/csv2caDSR,1cc7dca72bedbed0b412e0c8ab17aecb6c391453,examples/ispy1/cedar-instances/ispy1-cedar.instance.170.json,sniff:jsonld,2930,0785c77a24439e6b3e9147ea262e7d17f3d35f22d89b11518f27ddd66d61c5a6,fetched,parsed,json-ld,false,0,0,0,0,0,,
283326779,cancerDHC/csv2caDSR,1cc7dca72bedbed0b412e0c8ab17aecb6c391453,examples/ispy1/cedar-instances/ispy1-cedar.instance.171.json,sniff:jsonld,2930,a73656771f3d467aee1814cbe94eec2dabe68595ce7a957f05285c7ba4eb0926,fetched,parsed,json-ld,false,0,0,0,0,0,,
283326779,cancerDHC/csv2caDSR,1cc7dca72bedbed0b412e0c8ab17aecb6c391453,examples/ispy1/cedar-instances/ispy1-cedar.instance.172.json,sniff:jsonld,2928,7f261dca857d69493419061fe0f71705ea66beb821186569b9286e24901f56e6,fetched,parsed,json-ld,false,0,0,0,0,0,,
283326779,cancerDHC/csv2caDSR,1cc7dca72bedbed0b412e0c8ab17aecb6c391453,examples/ispy1/cedar-instances/ispy1-cedar.instance.173.json,sniff:jsonld,2879,ce685831730fb2d3c9eeb167ba72a0ddb16c08e506222e1e888f2f70bbf02a02,fetched,parsed,json-ld,false,0,0,0,0,0,,
283326779,cancerDHC/csv2caDSR,1cc7dca72bedbed0b412e0c8ab17aecb6c391453,examples/ispy1/cedar-instances/ispy1-cedar.instance.174.json,sniff:jsonld,2922,0b8f6619dd66ad4a1c3b8aabf360a4de3cbe8e437791cbd04b03920a050da9cd,fetched,parsed,json-ld,false,0,0,0,0,0,,
283326779,cancerDHC/csv2caDSR,1cc7dca72bedbed0b412e0c8ab17aecb6c391453,examples/ispy1/cedar-instances/ispy1-cedar.instance.175.json,sniff:jsonld,2879,ce3912dea6125d6d8fc8e77844d245f520202af7a625f197db98924bb22dfbc6,fetched,parsed,json-ld,false,0,0,0,0,0,,
283326779,cancerDHC/csv2caDSR,1cc7dca72bedbed0b412e0c8ab17aecb6c391453,examples/ispy1/cedar-instances/ispy1-cedar.instance.176.json,sniff:jsonld,2879,50a7a97c2e8be8aec01b0e5517663b410320590170081a648c4acbc1825a665b,fetched,parsed,json-ld,false,0,0,0,0,0,,
283326779,cancerDHC/csv2caDSR,1cc7dca72bedbed0b412e0c8ab17aecb6c391453,examples/ispy1/cedar-instances/ispy1-cedar.instance.177.json,sniff:jsonld,2876,38180a317619f21fb040fc2dd937788aef5f10a71857d20866b659b695d8e24c,fetched,parsed,json-ld,false,0,0,0,0,0,,
283326779,cancerDHC/csv2caDSR,1cc7dca72bedbed0b412e0c8ab17aecb6c391453,examples/ispy1/cedar-instances/ispy1-cedar.instance.178.json,sniff:jsonld,2882,20c803cf95626d79b394f1f7c2c9d54120a82cb68a850c42a988d36975db749d,fetched,parsed,json-ld,false,0,0,0,0,0,,
283326779,cancerDHC/csv2caDSR,1cc7dca72bedbed0b412e0c8ab17aecb6c391453,examples/ispy1/cedar-instances/ispy1-cedar.instance.179.json,sniff:jsonld,2878,9662618e81d428695db0b66469ee8330f513491b02a0a811592ecce6be05baad,fetched,parsed,json-ld,false,0,0,0,0,0,,
283326779,cancerDHC/csv2caDSR,1cc7dca72bedbed0b412e0c8ab17aecb6c391453,examples/ispy1/cedar-instances/ispy1-cedar.instance.18.json,sniff:jsonld,2876,6d93777b7dc3c18b371fc949ca71734dbc270a639b86f0bb6d8453940096ac17,fetched,parsed,json-ld,false,0,0,0,0,0,,
283326779,cancerDHC/csv2caDSR,1cc7dca72bedbed0b412e0c8ab17aecb6c391453,examples/ispy1/cedar-instances/ispy1-cedar.instance.180.json,sniff:jsonld,2931,2183c5e8eb47ae681fc49011cc7c4a2f1d97469e572e2bf8e0946fa439f91205,fetched,parsed,json-ld,false,0,0,0,0,0,,
283326779,cancerDHC/csv2caDSR,1cc7dca72bedbed0b412e0c8ab17aecb6c391453,examples/ispy1/cedar-instances/ispy1-cedar.instance.181.json,sniff:jsonld,2880,3ce30de0126f6b5d12a123ed7612e6ae647745272f77f888cfb46f209d2ae1fd,fetched,parsed,json-ld,false,0,0,0,0,0,,
283326779,cancerDHC/csv2caDSR,1cc7dca72bedbed0b412e0c8ab17aecb6c391453,examples/ispy1/cedar-instances/ispy1-cedar.instance.182.json,sniff:jsonld,2879,07a3a558704dadc23d70c9ff0297f1d05052ffb1503d1dea52ebaedb3e3402c1,fetched,parsed,json-ld,false,0,0,0,0,0,,
283326779,cancerDHC/csv2caDSR,1cc7dca72bedbed0b412e0c8ab17aecb6c391453,examples/ispy1/cedar-instances/ispy1-cedar.instance.183.json,sniff:jsonld,2878,595c22ecbd5ac241c0b651364416d1b606092f1b09fe4870cd37058b62777358,fetched,parsed,json-ld,false,0,0,0,0,0,,
283326779,cancerDHC/csv2caDSR,1cc7dca72bedbed0b412e0c8ab17aecb6c391453,examples/ispy1/cedar-instances/ispy1-cedar.instance.184.json,sniff:jsonld,2881,f8b5fdf6a1f4525518e806713c8700718e25b0a35495bc3cc9c569346956183d,fetched,parsed,json-ld,false,0,0,0,0,0,,
283326779,cancerDHC/csv2caDSR,1cc7dca72bedbed0b412e0c8ab17aecb6c391453,examples/ispy1/cedar-instances/ispy1-cedar.instance.185.json,sniff:jsonld,2931,6959f40fae708fce29c6ffb7814248722ba40c8bafe0403f7af750623cc45f7c,fetched,parsed,json-ld,false,0,0,0,0,0,,
283326779,cancerDHC/csv2caDSR,1cc7dca72bedbed0b412e0c8ab17aecb6c391453,examples/ispy1/cedar-instances/ispy1-cedar.instance.186.json,sniff:jsonld,2879,477ab69a2e7a991aeb868021361912fdbd7926183dbd955b4e52c4283f80eed7,fetched,parsed,json-ld,false,0,0,0,0,0,,
283326779,cancerDHC/csv2caDSR,1cc7dca72bedbed0b412e0c8ab17aecb6c391453,examples/ispy1/cedar-instances/ispy1-cedar.instance.187.json,sniff:jsonld,2880,498a9bc015d94cc9157c2ab102a60836f9bc38f950450da33523c6278f46026c,fetched,parsed,json-ld,false,0,0,0,0,0,,
283326779,cancerDHC/csv2caDSR,1cc7dca72bedbed0b412e0c8ab17aecb6c391453,examples/ispy1/cedar-instances/ispy1-cedar.instance.188.json,sniff:jsonld,2930,860390f49e3e08ad133a912cf12c298e2f853fd78a6bbef846b14967bc37176d,fetched,parsed,json-ld,false,0,0,0,0,0,,
283326779,cancerDHC/csv2caDSR,1cc7dca72bedbed0b412e0c8ab17aecb6c391453,examples/ispy1/cedar-instances/ispy1-cedar.instance.189.json,sniff:jsonld,2930,085f5e6b57a0e7588dc2509777326cf8a4bfde86463ac9a92760c2b40f82139c,fetched,parsed,json-ld,false,0,0,0,0,0,,
283326779,cancerDHC/csv2caDSR,1cc7dca72bedbed0b412e0c8ab17aecb6c391453,examples/ispy1/cedar-instances/ispy1-cedar.instance.19.json,sniff:jsonld,2873,6fda783ec180a653cd430ec9ed0f1e5f32592b6c0110561fbf17ec025595b3c6,fetched,parsed,json-ld,false,0,0,0,0,0,,
283326779,cancerDHC/csv2caDSR,1cc7dca72bedbed0b412e0c8ab17aecb6c391453,examples/ispy1/cedar-instances/ispy1-cedar.instance.190.json,sniff:jsonld,2879,a27c23e51eac5040215eb6eb8655a2b5595be5b729f90def3ddca55ea0be81ce,fetched,parsed,json-ld,false,0,0,0,0,0,,
283326779,cancerDHC/csv2caDSR,1cc7dca72bedbed0b412e0c8ab17aecb6c391453,examples/ispy1/cedar-instances/ispy1-cedar.instance.191.json,sniff:jsonld,2880,b438829be42a1f8c104403496e8a375900179f4c66a8a7815fdabff760f967b1,fetched,parsed,json-ld,false,0,0,0,0,0,,
283326779,cancerDHC/csv2caDSR,1cc7dca72bedbed0b412e0c8ab17aecb6c391453,examples/ispy1/cedar-instances/ispy1-cedar.instance.192.json,sniff:jsonld,2879,5eb56618a72f7e739cb90e79ee1e87f4ad382c2728f6cea87993e5d66b6ff9fa,fetched,parsed,json-ld,false,0,0,0,0,0,,
283326779,cancerDHC/csv2caDSR,1cc7dca72bedbed0b412e0c8ab17aecb6c391453,examples/ispy1/cedar-instances/ispy1-cedar.instance.193.json,sniff:jsonld,2928,bd5178a41800787600b66010f5d34fd16a59f2fb9fed1644a33f105241bdd0cb,fetched,parsed,json-ld,false,0,0,0,0,0,,
283326779,cancerDHC/csv2caDSR,1cc7dca72bedbed0b412e0c8ab17aecb6c391453,examples/ispy1/cedar-instances/ispy1-cedar.instance.194.json,sniff:jsonld,2874,84f5b81f7d05e8bb1f2e6710418971d3d7dfb6912f1f6ad6acba7c8ee080b16b,fetched,parsed,json-ld,false,0,0,0,0,0,,
283326779,cancerDHC/csv2caDSR,1cc7dca72bedbed0b412e0c8ab17aecb6c391453,examples/ispy1/cedar-instances/ispy1-cedar.instance.195.json,sniff:jsonld,2876,d07513a4b26e06c974d8dd831180fc1ef45f7b9516056efe179e087bd188091c,fetched,parsed,json-ld,false,0,0,0,0,0,,
283326779,cancerDHC/csv2caDSR,1cc7dca72bedbed0b412e0c8ab17aecb6c391453,examples/ispy1/cedar-instances/ispy1-cedar.instance.196.json,sniff:jsonld,2868,f08c977828f978e4e697c414084b97fa6612018cd2968c0838ffa7ea24964e0b,fetched,parsed,json-ld,false,0,0,0,0,0,,
283326779,cancerDHC/csv2caDSR,1cc7dca72bedbed0b412e0c8ab17aecb6c391453,examples/ispy1/cedar-instances/ispy1-cedar.instance.197.json,sniff:jsonld,2930,d7cb64dbbb5860527cc362d9984a91b23963214b2372d922b80ad7e32e55e62c,fetched,parsed,json-ld,false,0,0,0,0,0,,
283326779,cancerDHC/csv2caDSR,1cc7dca72bedbed0b412e0c8ab17aecb6c391453,examples/ispy1/cedar-instances/ispy1-cedar.instance.198.json,sniff:jsonld,2879,3d236a5bca788b161e03c48cc71bd88a17524b7b1670dd78b41d66e8709f9cd9,fetched,parsed,json-ld,false,0,0,0,0,0,,
283326779,cancerDHC/csv2caDSR,1cc7dca72bedbed0b412e0c8ab17aecb6c391453,examples/ispy1/cedar-instances/ispy1-cedar.instance.199.json,sniff:jsonld,2930,6c85dea082f4e761b6bb96964e8a1761873f9df21db038f9055ed778506c5bc0,fetched,parsed,json-ld,false,0,0,0,0,0,,
283326779,cancerDHC/csv2caDSR,1cc7dca72bedbed0b412e0c8ab17aecb6c391453,examples/ispy1/cedar-instances/ispy1-cedar.instance.2.json,sniff:jsonld,2875,b208d5fbea41fde5d800e464ea7a3c0df99bccd076be7bdbe0aa627796aebf96,fetched,parsed,json-ld,false,0,0,0,0,0,,
283326779,cancerDHC/csv2caDSR,1cc7dca72bedbed0b412e0c8ab17aecb6c391453,examples/ispy1/cedar-instances/ispy1-cedar.instance.20.json,sniff:jsonld,2877,4491ddc4115e541b03fc5fa3c62e2e105134b2810425ba9bac5590412efae5f6,fetched,parsed,json-ld,false,0,0,0,0,0,,
283326779,cancerDHC/csv2caDSR,1cc7dca72bedbed0b412e0c8ab17aecb6c391453,examples/ispy1/cedar-instances/ispy1-cedar.instance.200.json,sniff:jsonld,2877,494b55f619f7a47c2209a956c689002763487f62b91f9bb683dfecfee6f92d67,fetched,parsed,json-ld,false,0,0,0,0,0,,
283326779,cancerDHC/csv2caDSR,1cc7dca72bedbed0b412e0c8ab17aecb6c391453,examples/ispy1/cedar-instances/ispy1-cedar.instance.201.json,sniff:jsonld,2930,e68e43212ce8a5bff8102ff96e359730f3586d45644559dc795efabde8378309,fetched,parsed,json-ld,false,0,0,0,0,0,,
283326779,cancerDHC/csv2caDSR,1cc7dca72bedbed0b412e0c8ab17aecb6c391453,examples/ispy1/cedar-instances/ispy1-cedar.instance.202.json,sniff:jsonld,2878,19274417a8bac4e0f06804220df78002198b49ec158bab2273eb180db35f503b,fetched,parsed,json-ld,false,0,0,0,0,0,,
283326779,cancerDHC/csv2caDSR,1cc7dca72bedbed0b412e0c8ab17aecb6c391453,examples/ispy1/cedar-instances/ispy1-cedar.instance.203.json,sniff:jsonld,2928,81e774411b33bfd6a37f532a9b14e8b1ecda2f1f309c8793826c5abaf4ea32fe,fetched,parsed,json-ld,false,0,0,0,0,0,,
283326779,cancerDHC/csv2caDSR,1cc7dca72bedbed0b412e0c8ab17aecb6c391453,examples/ispy1/cedar-instances/ispy1-cedar.instance.204.json,sniff:jsonld,2880,47b25e2d61443ea966a4a47fbf4876f599d3e85f975e7eccfabe270b8e1101e6,fetched,parsed,json-ld,false,0,0,0,0,0,,
283326779,cancerDHC/csv2caDSR,1cc7dca72bedbed0b412e0c8ab17aecb6c391453,examples/ispy1/cedar-instances/ispy1-cedar.instance.205.json,sniff:jsonld,2873,f605ca47021833aef30b6830f8e3b8dc2c10bb9b7e33fb5170a3eaa491093b89,fetched,parsed,json-ld,false,0,0,0,0,0,,
283326779,cancerDHC/csv2caDSR,1cc7dca72bedbed0b412e0c8ab17aecb6c391453,examples/ispy1/cedar-instances/ispy1-cedar.instance.206.json,sniff:jsonld,2880,9a6c797211c677842574dd4ec5e5e6e21627fcacac11babffd4ed5f5a538601c,fetched,parsed,json-ld,false,0,0,0,0,0,,
283326779,cancerDHC/csv2caDSR,1cc7dca72bedbed0b412e0c8ab17aecb6c391453,examples/ispy1/cedar-instances/ispy1-cedar.instance.207.json,sniff:jsonld,2879,775131825117f68aa9d79c9acdd65c9bf5e7ea50fae6f6b9f6639941773a1537,fetched,parsed,json-ld,false,0,0,0,0,0,,
283326779,cancerDHC/csv2caDSR,1cc7dca72bedbed0b412e0c8ab17aecb6c391453,examples/ispy1/cedar-instances/ispy1-cedar.instance.208.json,sniff:jsonld,2928,8a8a216425fe1c98b57c0d7291b230ed10401ac473efc305ab1ea0cd1bce1bc2,fetched,parsed,json-ld,false,0,0,0,0,0,,
283326779,cancerDHC/csv2caDSR,1cc7dca72bedbed0b412e0c8ab17aecb6c391453,examples/ispy1/cedar-instances/ispy1-cedar.instance.209.json,sniff:jsonld,2929,8e8047a48e153a762cf88b64bf36b9014470f1f11d01589dab4976e7a8bb5943,fetched,parsed,json-ld,false,0,0,0,0,0,,
283326779,cancerDHC/csv2caDSR,1cc7dca72bedbed0b412e0c8ab17aecb6c391453,examples/ispy1/cedar-instances/ispy1-cedar.instance.21.json,sniff:jsonld,2871,3e1c2c4bcc1d482e96928b523b390f5a8ae4079cf9a69b69d1236890d9bba77d,fetched,parsed,json-ld,false,0,0,0,0,0,,
283326779,cancerDHC/csv2caDSR,1cc7dca72bedbed0b412e0c8ab17aecb6c391453,examples/ispy1/cedar-instances/ispy1-cedar.instance.210.json,sniff:jsonld,2929,63ee767f7df41b98658efa617f53e40fcc93cdbb877d1d8b270a2c1314258d4d,fetched,parsed,json-ld,false,0,0,0,0,0,,
283326779,cancerDHC/csv2caDSR,1cc7dca72bedbed0b412e0c8ab17aecb6c391453,examples/ispy1/cedar-instances/ispy1-cedar.instance.211.json,sniff:jsonld,2878,748cf9465ef16bf1d029931c15f09d5e0c058c9d473c23bfb898d03c3cb6ebf0,fetched,parsed,json-ld,false,0,0,0,0,0,,
283326779,cancerDHC/csv2caDSR,1cc7dca72bedbed0b412e0c8ab17aecb6c391453,examples/ispy1/cedar-instances/ispy1-cedar.instance.212.json,sniff:jsonld,2877,bba300d68ee1794556c256be78d386ad826d2a3a843716ac38e245bcf3760e64,fetched,parsed,json-ld,false,0,0,0,0,0,,
283326779,cancerDHC/csv2caDSR,1cc7dca72bedbed0b412e0c8ab17aecb6c391453,examples/ispy1/cedar-instances/ispy1-cedar.instance.213.json,sniff:jsonld,2879,99414665fa2aabdfb89afe611b03afe8499a26aea45a209de49f29a4d7a8720b,fetched,parsed,json-ld,false,0,0,0,0,0,,
283326779,cancerDHC/csv2caDSR,1cc7dca72bedbed0b412e0c8ab17aecb6c391453,examples/ispy1/cedar-instances/ispy1-cedar.instance.214.json,sniff:jsonld,2878,499642aaf3ac10aa067e37e236412e3f383db2de5c42d032c950c1b473d7cc57,fetched,parsed,json-ld,false,0,0,0,0,0,,
283326779,cancerDHC/csv2caDSR,1cc7dca72bedbed0b412e0c8ab17aecb6c391453,examples/ispy1/cedar-instances/ispy1-cedar.instance.215.json,sniff:jsonld,2875,2132733b10c4c075ffb93759907254d6cba5c640cf5e549db17ad9925da0f54c,fetched,parsed,json-ld,false,0,0,0,0,0,,
283326779,cancerDHC/csv2caDSR,1cc7dca72bedbed0b412e0c8ab17aecb6c391453,examples/ispy1/cedar-instances/ispy1-cedar.instance.216.json,sniff:jsonld,2929,68fbb1c0de645cbddc6f47a472b894d514061774e78a352f91c314c3fa9b2f2c,fetched,parsed,json-ld,false,0,0,0,0,0,,
283326779,cancerDHC/csv2caDSR,1cc7dca72bedbed0b412e0c8ab17aecb6c391453,examples/ispy1/cedar-instances/ispy1-cedar.instance.217.json,sniff:jsonld,2879,3cb409b411325e6063f18b1eab2e02a0e1bb7bc49d0fe5b66fe0e4061638ca8b,fetched,parsed,json-ld,false,0,0,0,0,0,,
283326779,cancerDHC/csv2caDSR,1cc7dca72bedbed0b412e0c8ab17aecb6c391453,examples/ispy1/cedar-instances/ispy1-cedar.instance.218.json,sniff:jsonld,2876,e697afbf20f037bfac55d6afc87d4d81b6ea686fceb840fe3701f131dc5eb6cd,fetched,parsed,json-ld,false,0,0,0,0,0,,
283326779,cancerDHC/csv2caDSR,1cc7dca72bedbed0b412e0c8ab17aecb6c391453,examples/ispy1/cedar-instances/ispy1-cedar.instance.219.json,sniff:jsonld,2870,9dc1f522a556d7991e9c9252bce165fd45193a6469b152f99cc6459ca545d2ad,fetched,parsed,json-ld,false,0,0,0,0,0,,
283326779,cancerDHC/csv2caDSR,1cc7dca72bedbed0b412e0c8ab17aecb6c391453,examples/ispy1/cedar-instances/ispy1-cedar.instance.22.json,sniff:jsonld,2926,39249882bf6ade3c8cfc359a068a626aaa215a017fafcc580e575b4cb3a609ad,fetched,parsed,json-ld,false,0,0,0,0,0,,
283326779,cancerDHC/csv2caDSR,1cc7dca72bedbed0b412e0c8ab17aecb6c391453,examples/ispy1/cedar-instances/ispy1-cedar.instance.220.json,sniff:jsonld,2879,d2d0d44cea530d9de6b11df630615e5bbf0389fcbe0b306589ccc2563588a260,fetched,parsed,json-ld,false,0,0,0,0,0,,
283326779,cancerDHC/csv2caDSR,1cc7dca72bedbed0b412e0c8ab17aecb6c391453,examples/ispy1/cedar-instances/ispy1-cedar.instance.23.json,sniff:jsonld,2930,8be045cafd6885c26119c056307eb45bfeff586e12f11c2dfff0ccc3e625d3eb,fetched,parsed,json-ld,false,0,0,0,0,0,,
283326779,cancerDHC/csv2caDSR,1cc7dca72bedbed0b412e0c8ab17aecb6c391453,examples/ispy1/cedar-instances/ispy1-cedar.instance.24.json,sniff:jsonld,2874,dae32dcbced914fed71899d4bf2bb8517e909dda8d93f7a8269f7342ec12d1df,fetched,parsed,json-ld,false,0,0,0,0,0,,
283326779,cancerDHC/csv2caDSR,1cc7dca72bedbed0b412e0c8ab17aecb6c391453,examples/ispy1/cedar-instances/ispy1-cedar.instance.25.json,sniff:jsonld,2928,a527f1ad04f0522aa8067d62b4f1b64a764c3c7c5d01e749ed6d3dcdae9d1966,fetched,parsed,json-ld,false,0,0,0,0,0,,
283326779,cancerDHC/csv2caDSR,1cc7dca72bedbed0b412e0c8ab17aecb6c391453,examples/ispy1/cedar-instances/ispy1-cedar.instance.26.json,sniff:jsonld,2877,8730cbaa786eb9bb1fe543cda2f74ffefb7b902a2670c8ad938f8be4e668d6b4,fetched,parsed,json-ld,false,0,0,0,0,0,,
283326779,cancerDHC/csv2caDSR,1cc7dca72bedbed0b412e0c8ab17aecb6c391453,examples/ispy1/cedar-instances/ispy1-cedar.instance.27.json,sniff:jsonld,2878,0966bac963d4068b82146916d2dbebe3b487c1c85357b35c1323f44836dab359,fetched,parsed,json-ld,false,0,0,0,0,0,,
283326779,cancerDHC/csv2caDSR,1cc7dca72bedbed0b412e0c8ab17aecb6c391453,examples/ispy1/cedar-instances/ispy1-cedar.instance.28.json,sniff:jsonld,2878,a14fdf026267d7aba1c961c76424ad0648ab4d172aed9ca74a9aa34610b17b3b,fetched,parsed,json-ld,false,0,0,0,0,0,,
283326779,cancerDHC/csv2caDSR,1cc7dca72bedbed0b412e0c8ab17aecb6c391453,examples/ispy1/cedar-instances/ispy1-cedar.instance.29.json,sniff:jsonld,2926,20987b977f2c4bfcbb034406781045d2bdc78363e3b217e9b8cd2c21607bbafb,fetched,parsed,json-ld,false,0,0,0,0,0,,
283326779,cancerDHC/csv2caDSR,1cc7dca72bedbed0b412e0c8ab17aecb6c391453,examples/ispy1/cedar-instances/ispy1-cedar.instance.3.json,sniff:jsonld,2926,8052feb913894deeae1452a9ebeecbd2ca2e32b26535132bc14e6ab393dffa63,fetched,parsed,json-ld,false,0,0,0,0,0,,
283326779,cancerDHC/csv2caDSR,1cc7dca72bedbed0b412e0c8ab17aecb6c391453,examples/ispy1/cedar-instances/ispy1-cedar.instance.30.json,sniff:jsonld,2875,a567fead3bb3f4e928ba445a69c027871577d46380507b1960b18655a2a9c00f,fetched,parsed,json-ld,false,0,0,0,0,0,,
283326779,cancerDHC/csv2caDSR,1cc7dca72bedbed0b412e0c8ab17aecb6c391453,examples/ispy1/cedar-instances/ispy1-cedar.instance.31.json,sniff:jsonld,2928,833d3d0c02bee3af473837ac1fba37a85057e85835da8d1589f25520c0a1f52b,fetched,parsed,json-ld,false,0,0,0,0,0,,
283326779,cancerDHC/csv2caDSR,1cc7dca72bedbed0b412e0c8ab17aecb6c391453,examples/ispy1/cedar-instances/ispy1-cedar.instance.32.json,sniff:jsonld,2928,f937c9b279af39cad6fe9aa7748808a2f0bdf0ec750881fbd61d468bf61b0ab2,fetched,parsed,json-ld,false,0,0,0,0,0,,
283326779,cancerDHC/csv2caDSR,1cc7dca72bedbed0b412e0c8ab17aecb6c391453,examples/ispy1/cedar-instances/ispy1-cedar.instance.33.json,sniff:jsonld,2929,65cefff1c763cca6818d3e7ef59dfb22a8ed32cf878d876a5bea305c7b39214c,fetched,parsed,json-ld,false,0,0,0,0,0,,
283326779,cancerDHC/csv2caDSR,1cc7dca72bedbed0b412e0c8ab17aecb6c391453,examples/ispy1/cedar-instances/ispy1-cedar.instance.34.json,sniff:jsonld,2928,2380fb18021ea8495410775c5d19ad2751216c14203a6c8a8f88d78eddd72ed6,fetched,parsed,json-ld,false,0,0,0,0,0,,
283326779,cancerDHC/csv2caDSR,1cc7dca72bedbed0b412e0c8ab17aecb6c391453,examples/ispy1/cedar-instances/ispy1-cedar.instance.35.json,sniff:jsonld,2927,7d4ed4be49ec2efeca6764eedda35af74da734ee848689495975cd211c922f42,fetched,parsed,json-ld,false,0,0,0,0,0,,
283326779,cancerDHC/csv2caDSR,1cc7dca72bedbed0b412e0c8ab17aecb6c391453,examples/ispy1/cedar-instances/ispy1-cedar.instance.36.json,sniff:jsonld,2873,797c4733f77fb5ddaa8628010f6015320838bf9cb4aaf6390c54742c37c8a5cf,fetched,parsed,json-ld,false,0,0,0,0,0,,
283326779,cancerDHC/csv2caDSR,1cc7dca72bedbed0b412e0c8ab17aecb6c391453,examples/ispy1/cedar-instances/ispy1-cedar.instance.37.json,sniff:jsonld,2878,acc861a847b49093f3a9372b5d900eda8b13b02a9d052abd3523355ec6d60da9,fetched,parsed,json-ld,false,0,0,0,0,0,,
283326779,cancerDHC/csv2caDSR,1cc7dca72bedbed0b412e0c8ab17aecb6c391453,examples/ispy1/cedar-instances/ispy1-cedar.instance.38.json,sniff:jsonld,2876,b7931e7286e721df22efc8e58a87ae268f3e3d46f38e277857dc95081343e1c7,fetched,parsed,json-ld,false,0,0,0,0,0,,
283326779,cancerDHC/csv2caDSR,1cc7dca72bedbed0b412e0c8ab17aecb6c391453,examples/ispy1/cedar-instances/ispy1-cedar.instance.39.json,sniff:jsonld,2927,6f1453814c1672958f9b1627f49e4ae498a05df8259ef2fe44e3d5d314d11af7,fetched,parsed,json-ld,false,0,0,0,0,0,,
283326779,cancerDHC/csv2caDSR,1cc7dca72bedbed0b412e0c8ab17aecb6c391453,examples/ispy1/cedar-instances/ispy1-cedar.instance.4.json,sniff:jsonld,2876,80ce415d9bacaad18e135a6a4facbe75f1a88fe9553a0b29953fc45a5cf701ef,fetched,parsed,json-ld,false,0,0,0,0,0,,
283326779,cancerDHC/csv2caDSR,1cc7dca72bedbed0b412e0c8ab17aecb6c391453,examples/ispy1/cedar-instances/ispy1-cedar.instance.40.json,sniff:jsonld,2929,8543814a86c3948932c96a9a1c68308e30b59b4f458d5b52dca44f752a6d2f14,fetched,parsed,json-ld,false,0,0,0,0,0,,
283326779,cancerDHC/csv2caDSR,1cc7dca72bedbed0b412e0c8ab17aecb6c391453,examples/ispy1/cedar-instances/ispy1-cedar.instance.41.json,sniff:jsonld,2875,5f84ca9a29f57145fd5bac078e6598bcd6d2e8ebb42c3be269f2af0f7a25e5fe,fetched,parsed,json-ld,false,0,0,0,0,0,,
283326779,cancerDHC/csv2caDSR,1cc7dca72bedbed0b412e0c8ab17aecb6c391453,examples/ispy1/cedar-instances/ispy1-cedar.instance.42.json,sniff:jsonld,2878,62c3768d684486cd928d036382182aebd9577b07903d7a68356e0e1a1f798eb4,fetched,parsed,json-ld,false,0,0,0,0,0,,
283326779,cancerDHC/csv2caDSR,1cc7dca72bedbed0b412e0c8ab17aecb6c391453,examples/ispy1/cedar-instances/ispy1-cedar.instance.43.json,sniff:jsonld,2879,be6ea41edc1f8bec51d3b24fafe0edd2aa3c107402175c6858f0837066abc805,fetched,parsed,json-ld,false,0,0,0,0,0,,
283326779,cancerDHC/csv2caDSR,1cc7dca72bedbed0b412e0c8ab17aecb6c391453,examples/ispy1/cedar-instances/ispy1-cedar.instance.44.json,sniff:jsonld,2930,806422cf1f23f0bb16ece4beba113c15c4966a0fd6fa8452e6d81c51f78d4bdf,fetched,parsed,json-ld,false,0,0,0,0,0,,
283326779,cancerDHC/csv2caDSR,1cc7dca72bedbed0b412e0c8ab17aecb6c391453,examples/ispy1/cedar-instances/ispy1-cedar.instance.45.json,sniff:jsonld,2928,b2b53a57dfa91b26ce55c94a2280daa62d84f26d77f93bd1b0cb5bcb46761332,fetched,parsed,json-ld,false,0,0,0,0,0,,
283326779,cancerDHC/csv2caDSR,1cc7dca72bedbed0b412e0c8ab17aecb6c391453,examples/ispy1/cedar-instances/ispy1-cedar.instance.46.json,sniff:jsonld,2877,ada7dd5cba0235e0ef50b6c4e2c4509b14a2e9263b04100d45b16b5b4d3ad20b,fetched,parsed,json-ld,false,0,0,0,0,0,,
283326779,cancerDHC/csv2caDSR,1cc7dca72bedbed0b412e0c8ab17aecb6c391453,examples/ispy1/cedar-instances/ispy1-cedar.instance.47.json,sniff:jsonld,2876,9740a0e3b99914f795ca3135b556739d88fdf847ac29ff17773903045878d4e2,fetched,parsed,json-ld,false,0,0,0,0,0,,
283326779,cancerDHC/csv2caDSR,1cc7dca72bedbed0b412e0c8ab17aecb6c391453,examples/ispy1/cedar-instances/ispy1-cedar.instance.48.json,sniff:jsonld,2931,4a2a7af831fbfe357e21442992b7c5dbccd6b6797bfad6b486c0b18309bd2497,fetched,parsed,json-ld,false,0,0,0,0,0,,
283326779,cancerDHC/csv2caDSR,1cc7dca72bedbed0b412e0c8ab17aecb6c391453,examples/ispy1/cedar-instances/ispy1-cedar.instance.49.json,sniff:jsonld,2878,17785b1777e34e6ffcf0f73ee80ddabcd169de1f176edd2202f6b6ce45fef0f1,fetched,parsed,json-ld,false,0,0,0,0,0,,
283326779,cancerDHC/csv2caDSR,1cc7dca72bedbed0b412e0c8ab17aecb6c391453,examples/ispy1/cedar-instances/ispy1-cedar.instance.5.json,sniff:jsonld,2875,1fc15fcc24baf1ee921c4eb74b5eaa50f21f53c9b5ac550e0e37d04b54a3432e,fetched,parsed,json-ld,false,0,0,0,0,0,,
283326779,cancerDHC/csv2caDSR,1cc7dca72bedbed0b412e0c8ab17aecb6c391453,examples/ispy1/cedar-instances/ispy1-cedar.instance.50.json,sniff:jsonld,2930,4a69db88c38493463517e2316df2b8a8f774b9d7ffe0f998b3905955bfad5459,fetched,parsed,json-ld,false,0,0,0,0,0,,
283326779,cancerDHC/csv2caDSR,1cc7dca72bedbed0b412e0c8ab17aecb6c391453,examples/ispy1/cedar-instances/ispy1-cedar.instance.51.json,sniff:jsonld,2930,38b44fc952034d19731efd4e96149b5b9273be3e2cbce8752b31a0c084f6c731,fetched,parsed,json-ld,false,0,0,0,0,0,,
283326779,cancerDHC/csv2caDSR,1cc7dca72bedbed0b412e0c8ab17aecb6c391453,examples/ispy1/cedar-instances/ispy1-cedar.instance.52.json,sniff:jsonld,2928,059247628cc0835f32eaf06b332b7a476237fb09a482c7532860fe6d123ab8f6,fetched,parsed,json-ld,false,0,0,0,0,0,,
283326779,cancerDHC/csv2caDSR,1cc7dca72bedbed0b412e0c8ab17aecb6c391453,examples/ispy1/cedar-instances/ispy1-cedar.instance.53.json,sniff:jsonld,2876,7c889dac8f3672a2925e6b8396b728dc31633fbb7dde5d638ffe58d8fe830773,fetched,parsed,json-ld,false,0,0,0,0,0,,
283326779,cancerDHC/csv2caDSR,1cc7dca72bedbed0b412e0c8ab17aecb6c391453,examples/ispy1/cedar-instances/ispy1-cedar.instance.54.json,sniff:jsonld,2878,8a2295fc4ef8652c76a917f79ca6273996a9db3df2e31a78d8773d9b51fe341e,fetched,parsed,json-ld,false,0,0,0,0,0,,
283326779,cancerDHC/csv2caDSR,1cc7dca72bedbed0b412e0c8ab17aecb6c391453,examples/ispy1/cedar-instances/ispy1-cedar.instance.55.json,sniff:jsonld,2928,afdf5d17603c09338b10abfb888cb3fff7a0247fffddc48c6cd37ceff36e6853,fetched,parsed,json-ld,false,0,0,0,0,0,,
283326779,cancerDHC/csv2caDSR,1cc7dca72bedbed0b412e0c8ab17aecb6c391453,examples/ispy1/cedar-instances/ispy1-cedar.instance.56.json,sniff:jsonld,2879,5174ba8ba5ad46a9104cec8a11e9175db515c3178dca8d9ffa8dda87a5711340,fetched,parsed,json-ld,false,0,0,0,0,0,,
283326779,cancerDHC/csv2caDSR,1cc7dca72bedbed0b412e0c8ab17aecb6c391453,examples/ispy1/cedar-instances/ispy1-cedar.instance.57.json,sniff:jsonld,2874,9bf805c66dd074e606f9e926323956be9ce9bdb23949e6d021cecec6000fd859,fetched,parsed,json-ld,false,0,0,0,0,0,,
283326779,cancerDHC/csv2caDSR,1cc7dca72bedbed0b412e0c8ab17aecb6c391453,examples/ispy1/cedar-instances/ispy1-cedar.instance.58.json,sniff:jsonld,2929,8e3aa0da3041763f2f229d88fdf24827eea109ad5ff8bc123581c395e771ffc5,fetched,parsed,json-ld,false,0,0,0,0,0,,
283326779,cancerDHC/csv2caDSR,1cc7dca72bedbed0b412e0c8ab17aecb6c391453,examples/ispy1/cedar-instances/ispy1-cedar.instance.59.json,sniff:jsonld,2874,f01ed16ddd0d21f0faaa928a3cd33cdba5e48fb763da721e6297d772b3e883d1,fetched,parsed,json-ld,false,0,0,0,0,0,,
283326779,cancerDHC/csv2caDSR,1cc7dca72bedbed0b412e0c8ab17aecb6c391453,examples/ispy1/cedar-instances/ispy1-cedar.instance.6.json,sniff:jsonld,2877,542edec29120c259620bef4136ec53f7ebf5c147c4070894b96712a04b3808ab,fetched,parsed,json-ld,false,0,0,0,0,0,,
283326779,cancerDHC/csv2caDSR,1cc7dca72bedbed0b412e0c8ab17aecb6c391453,examples/ispy1/cedar-instances/ispy1-cedar.instance.60.json,sniff:jsonld,2929,226f3a88ddb8f3ef32ef028a780625ec1d62d5cd42da00b7398fe34f2024586f,fetched,parsed,json-ld,false,0,0,0,0,0,,
283326779,cancerDHC/csv2caDSR,1cc7dca72bedbed0b412e0c8ab17aecb6c391453,examples/ispy1/cedar-instances/ispy1-cedar.instance.61.json,sniff:jsonld,2926,b37423a873ceb9291d6fe195b21e04e5ba208afa70102fdccc97f5b5a47fc693,fetched,parsed,json-ld,false,0,0,0,0,0,,
283326779,cancerDHC/csv2caDSR,1cc7dca72bedbed0b412e0c8ab17aecb6c391453,examples/ispy1/cedar-instances/ispy1-cedar.instance.62.json,sniff:jsonld,2875,000b2a69b1112382bd8bb96538780a7b07c046c5fa4a7deb42097938ed1d5c1f,fetched,parsed,json-ld,false,0,0,0,0,0,,
283326779,cancerDHC/csv2caDSR,1cc7dca72bedbed0b412e0c8ab17aecb6c391453,examples/ispy1/cedar-instances/ispy1-cedar.instance.63.json,sniff:jsonld,2877,7f6f5ec0170c991f32ab7e70f184f84f2b9876c6d8e5f924a1b411006d91549c,fetched,parsed,json-ld,false,0,0,0,0,0,,
283326779,cancerDHC/csv2caDSR,1cc7dca72bedbed0b412e0c8ab17aecb6c391453,examples/ispy1/cedar-instances/ispy1-cedar.instance.64.json,sniff:jsonld,2877,bcb241aa4020ce85708a215799afc4041a295c2e5020c3e9eaa05c8fa16fe1ae,fetched,parsed,json-ld,false,0,0,0,0,0,,
283326779,cancerDHC/csv2caDSR,1cc7dca72bedbed0b412e0c8ab17aecb6c391453,examples/ispy1/cedar-instances/ispy1-cedar.instance.65.json,sniff:jsonld,2880,ec02eb448b81a7529cfe10b889c28027f9da9bd6eacfa7423f3eb3c8dfd96d9c,fetched,parsed,json-ld,false,0,0,0,0,0,,
283326779,cancerDHC/csv2caDSR,1cc7dca72bedbed0b412e0c8ab17aecb6c391453,examples/ispy1/cedar-instances/ispy1-cedar.instance.66.json,sniff:jsonld,2926,5adbc30112bc9bcfaa05afd34f1f754a4ae7f9021702fbecf335f3badb16c3a5,fetched,parsed,json-ld,false,0,0,0,0,0,,
283326779,cancerDHC/csv2caDSR,1cc7dca72bedbed0b412e0c8ab17aecb6c391453,examples/ispy1/cedar-instances/ispy1-cedar.instance.67.json,sniff:jsonld,2927,2293e2a09b6f64e9a4cfb7a55af396dd916a77271abfbe73f68af8bad7f43a9c,fetched,parsed,json-ld,false,0,0,0,0,0,,
283326779,cancerDHC/csv2caDSR,1cc7dca72bedbed0b412e0c8ab17aecb6c391453,examples/ispy1/cedar-instances/ispy1-cedar.instance.68.json,sniff:jsonld,2879,7364b629d37069f96854c6344a7325102d2b6ef0fcaabc513f2b2e01cdf30dad,fetched,parsed,json-ld,false,0,0,0,0,0,,
283326779,cancerDHC/csv2caDSR,1cc7dca72bedbed0b412e0c8ab17aecb6c391453,examples/ispy1/cedar-instances/ispy1-cedar.instance.69.json,sniff:jsonld,2927,6e4fd5c6198bc6883016c1571ba57e499a952fabf5fbad523d415aa896d54152,fetched,parsed,json-ld,false,0,0,0,0,0,,
283326779,cancerDHC/csv2caDSR,1cc7dca72bedbed0b412e0c8ab17aecb6c391453,examples/ispy1/cedar-instances/ispy1-cedar.instance.7.json,sniff:jsonld,2925,b9802f6061ab3605a0f7c4c1a8b7e891a3265cb16288a4229c4892e4dd398416,fetched,parsed,json-ld,false,0,0,0,0,0,,
283326779,cancerDHC/csv2caDSR,1cc7dca72bedbed0b412e0c8ab17aecb6c391453,examples/ispy1/cedar-instances/ispy1-cedar.instance.70.json,sniff:jsonld,2873,63f55f8ce2bfa74ec298af5919b1c3a99e9a32eb42c7fe02838d363550c4c557,fetched,parsed,json-ld,false,0,0,0,0,0,,
283326779,cancerDHC/csv2caDSR,1cc7dca72bedbed0b412e0c8ab17aecb6c391453,examples/ispy1/cedar-instances/ispy1-cedar.instance.71.json,sniff:jsonld,2877,23d46fc53d8629d4b12d6bf77657589dc6b82644a286cea2829013724026bdfb,fetched,parsed,json-ld,false,0,0,0,0,0,,
283326779,cancerDHC/csv2caDSR,1cc7dca72bedbed0b412e0c8ab17aecb6c391453,examples/ispy1/cedar-instances/ispy1-cedar.instance.72.json,sniff:jsonld,2827,bd7383a92785ea31ad528733fc2af023e2b0013ea428b9b266a5ac3d2db0f7fc,fetched,parsed,json-ld,false,0,0,0,0,0,,
283326779,cancerDHC/csv2caDSR,1cc7dca72bedbed0b412e0c8ab17aecb6c391453,examples/ispy1/cedar-instances/ispy1-cedar.instance.73.json,sniff:jsonld,2873,2fa91ae9b18aa0e12c08a694d8b9eb1b9a71a8a2a5b9d1271a210e4c467800cf,fetched,parsed,json-ld,false,0,0,0,0,0,,
283326779,cancerDHC/csv2caDSR,1cc7dca72bedbed0b412e0c8ab17aecb6c391453,examples/ispy1/cedar-instances/ispy1-cedar.instance.74.json,sniff:jsonld,2871,ea13947a9eb014322b46408d79b05bf9b5db9e88c059f5280f3e7f3519d53139,fetched,parsed,json-ld,false,0,0,0,0,0,,
283326779,cancerDHC/csv2caDSR,1cc7dca72bedbed0b412e0c8ab17aecb6c391453,examples/ispy1/cedar-instances/ispy1-cedar.instance.75.json,sniff:jsonld,2874,9df3d14cb9b18a7c77646e007fc38a2eb0945d279680c5ddd542fe5599ad3a9d,fetched,parsed,json-ld,false,0,0,0,0,0,,
283326779,cancerDHC/csv2caDSR,1cc7dca72bedbed0b412e0c8ab17aecb6c391453,examples/ispy1/cedar-instances/ispy1-cedar.instance.76.json,sniff:jsonld,2877,3f74e38e741b67f9c7711e440824100ce1e27dd40bc28df80178f8e70192e2ae,fetched,parsed,json-ld,false,0,0,0,0,0,,
283326779,cancerDHC/csv2caDSR,1cc7dca72bedbed0b412e0c8ab17aecb6c391453,examples/ispy1/cedar-instances/ispy1-cedar.instance.77.json,sniff:jsonld,2873,064e114b528051f8a0118c0459c09fdda335bd68a0cd8f4bbf44a15fbd4e4e7e,fetched,parsed,json-ld,false,0,0,0,0,0,,
283326779,cancerDHC/csv2caDSR,1cc7dca72bedbed0b412e0c8ab17aecb6c391453,examples/ispy1/cedar-instances/ispy1-cedar.instance.78.json,sniff:jsonld,2925,bb90b748467a0ba8c8d40c1e3ec32dcf8d17bc47d8a6cc921d75cfc95d6775d3,fetched,parsed,json-ld,false,0,0,0,0,0,,
283326779,cancerDHC/csv2caDSR,1cc7dca72bedbed0b412e0c8ab17aecb6c391453,examples/ispy1/cedar-instances/ispy1-cedar.instance.79.json,sniff:jsonld,2876,7b23e19e2bac8e86cc6439fce14b86a03a90bb66ce61dcc573c1c5f63aee59bd,fetched,parsed,json-ld,false,0,0,0,0,0,,
283326779,cancerDHC/csv2caDSR,1cc7dca72bedbed0b412e0c8ab17aecb6c391453,examples/ispy1/cedar-instances/ispy1-cedar.instance.8.json,sniff:jsonld,2925,bcc96d4bbf097e273d76b3f89fdd450b7d19725d6f94d81fcbeb21d0628f21d1,fetched,parsed,json-ld,false,0,0,0,0,0,,
283326779,cancerDHC/csv2caDSR,1cc7dca72bedbed0b412e0c8ab17aecb6c391453,examples/ispy1/cedar-instances/ispy1-cedar.instance.80.json,sniff:jsonld,2878,85493cfc36449396ed38b39470b0c6a7c464ef1303110ca1745438ec4ff6af8c,fetched,parsed,json-ld,false,0,0,0,0,0,,
283326779,cancerDHC/csv2caDSR,1cc7dca72bedbed0b412e0c8ab17aecb6c391453,examples/ispy1/cedar-instances/ispy1-cedar.instance.81.json,sniff:jsonld,2873,d9e95910070ccb05134fd0e673b0fef21964432e6c343c08a2875aeb9ba26d68,fetched,parsed,json-ld,false,0,0,0,0,0,,
283326779,cancerDHC/csv2caDSR,1cc7dca72bedbed0b412e0c8ab17aecb6c391453,examples/ispy1/cedar-instances/ispy1-cedar.instance.82.json,sniff:jsonld,2927,3cbac9c6fd366b589c32bf84a936b6709e27c04eff352f250f1fa160d9445445,fetched,parsed,json-ld,false,0,0,0,0,0,,
283326779,cancerDHC/csv2caDSR,1cc7dca72bedbed0b412e0c8ab17aecb6c391453,examples/ispy1/cedar-instances/ispy1-cedar.instance.83.json,sniff:jsonld,2877,b99ce22f91071dc5e2e569f5f9b8aa635ebe062d5aad62306e5cab4da4d8c028,fetched,parsed,json-ld,false,0,0,0,0,0,,
283326779,cancerDHC/csv2caDSR,1cc7dca72bedbed0b412e0c8ab17aecb6c391453,examples/ispy1/cedar-instances/ispy1-cedar.instance.84.json,sniff:jsonld,2920,ec9967b95f53b5eccadb81728e5209d5d3c4c998b7dac2c8454cb21c38bed350,fetched,parsed,json-ld,false,0,0,0,0,0,,
283326779,cancerDHC/csv2caDSR,1cc7dca72bedbed0b412e0c8ab17aecb6c391453,examples/ispy1/cedar-instances/ispy1-cedar.instance.85.json,sniff:jsonld,2876,54e64244001f6bf2ac5b8c47c913afcc012d694a61965d8ea0c2bb600e68a266,fetched,parsed,json-ld,false,0,0,0,0,0,,
283326779,cancerDHC/csv2caDSR,1cc7dca72bedbed0b412e0c8ab17aecb6c391453,examples/ispy1/cedar-instances/ispy1-cedar.instance.86.json,sniff:jsonld,2878,1690c4ca96d208c9442f187972b8d10353926d82688bda5e2c33011548973e3c,fetched,parsed,json-ld,false,0,0,0,0,0,,
283326779,cancerDHC/csv2caDSR,1cc7dca72bedbed0b412e0c8ab17aecb6c391453,examples/ispy1/cedar-instances/ispy1-cedar.instance.87.json,sniff:jsonld,2927,1eb4601cc190cda316b484214247284fd34689b6a89f7de964b500f78ec5ba4d,fetched,parsed,json-ld,false,0,0,0,0,0,,
283326779,cancerDHC/csv2caDSR,1cc7dca72bedbed0b412e0c8ab17aecb6c391453,examples/ispy1/cedar-instances/ispy1-cedar.instance.88.json,sniff:jsonld,2927,53a9783f4aea0db386a65f37fbe598a172655462fdc79a3c57287458697fc001,fetched,parsed,json-ld,false,0,0,0,0,0,,
283326779,cancerDHC/csv2caDSR,1cc7dca72bedbed0b412e0c8ab17aecb6c391453,examples/ispy1/cedar-instances/ispy1-cedar.instance.89.json,sniff:jsonld,2872,cf52b462ef25a6440d63fc62b4d36bb9b967cd32ee2667beddd3d76c4949f61e,fetched,parsed,json-ld,false,0,0,0,0,0,,
283326779,cancerDHC/csv2caDSR,1cc7dca72bedbed0b412e0c8ab17aecb6c391453,examples/ispy1/cedar-instances/ispy1-cedar.instance.9.json,sniff:jsonld,2927,849220b80d25bb3e63c041b366c910de38b4e5b300f85f0830089d86d7d4bcf2,fetched,parsed,json-ld,false,0,0,0,0,0,,
283326779,cancerDHC/csv2caDSR,1cc7dca72bedbed0b412e0c8ab17aecb6c391453,examples/ispy1/cedar-instances/ispy1-cedar.instance.90.json,sniff:jsonld,2927,a56698efbdab65a34567e6dc6374507259d4f449a55b35e4c8883269675f9714,fetched,parsed,json-ld,false,0,0,0,0,0,,
283326779,cancerDHC/csv2caDSR,1cc7dca72bedbed0b412e0c8ab17aecb6c391453,examples/ispy1/cedar-instances/ispy1-cedar.instance.91.json,sniff:jsonld,2876,2acb1819110b35f26e9fc138e598648915a87b16aa8ca0d63621e1e511e52bea,fetched,parsed,json-ld,false,0,0,0,0,0,,
283326779,cancerDHC/csv2caDSR,1cc7dca72bedbed0b412e0c8ab17aecb6c391453,examples/ispy1/cedar-instances/ispy1-cedar.instance.92.json,sniff:jsonld,2928,ef65ec494b3badf02716c9602ab0619c94dedde4450da7bdc6a2c6430b9b0e54,fetched,parsed,json-ld,false,0,0,0,0,0,,
283326779,cancerDHC/csv2caDSR,1cc7dca72bedbed0b412e0c8ab17aecb6c391453,examples/ispy1/cedar-instances/ispy1-cedar.instance.93.json,sniff:jsonld,2877,d94c0ea7a581e9f40c27be28b50ed2f17131a1354ada120d3af7e1003d4c78be,fetched,parsed,json-ld,false,0,0,0,0,0,,
283326779,cancerDHC/csv2caDSR,1cc7dca72bedbed0b412e0c8ab17aecb6c391453,examples/ispy1/cedar-instances/ispy1-cedar.instance.94.json,sniff:jsonld,2929,461548312ecad591a04dfda9074aa5b42ccaff1deefc7a63406afcbd0f952964,fetched,parsed,json-ld,false,0,0,0,0,0,,
283326779,cancerDHC/csv2caDSR,1cc7dca72bedbed0b412e0c8ab17aecb6c391453,examples/ispy1/cedar-instances/ispy1-cedar.instance.95.json,sniff:jsonld,2926,f66d08038e4a2f8ab5d2b72714b6c3658da4c977e014f93292f03181abff7c9b,fetched,parsed,json-ld,false,0,0,0,0,0,,
283326779,cancerDHC/csv2caDSR,1cc7dca72bedbed0b412e0c8ab17aecb6c391453,examples/ispy1/cedar-instances/ispy1-cedar.instance.96.json,sniff:jsonld,2878,419b0cfa8b5039d02a5fb88f8313193bbbda7a45a5f1d31fa6b9cb38e443ffd1,fetched,parsed,json-ld,false,0,0,0,0,0,,
283326779,cancerDHC/csv2caDSR,1cc7dca72bedbed0b412e0c8ab17aecb6c391453,examples/ispy1/cedar-instances/ispy1-cedar.instance.97.json,sniff:jsonld,2877,ec10d5c2e09c883ee92623ed017301c76627786627c162c6ea59baea06de9de8,fetched,parsed,json-ld,false,0,0,0,0,0,,
283326779,cancerDHC/csv2caDSR,1cc7dca72bedbed0b412e0c8ab17aecb6c391453,examples/ispy1/cedar-instances/ispy1-cedar.instance.98.json,sniff:jsonld,2872,28e84e893ff1a37198c70372b2ea4888696f9063abdc70d7717260f27a6d3c8b,fetched,parsed,json-ld,false,0,0,0,0,0,,
283326779,cancerDHC/csv2caDSR,1cc7dca72bedbed0b412e0c8ab17aecb6c391453,examples/ispy1/cedar-instances/ispy1-cedar.instance.99.json,sniff:jsonld,2878,36fa627406d772fbfdb588b56829d5b084fe8416ee7c8e990d21e69991e4cf98,fetched,parsed,json-ld,false,0,0,0,0,0,,
283326779,cancerDHC/csv2caDSR,1cc7dca72bedbed0b412e0c8ab17aecb6c391453,examples/ispy1/cedar-instances/ispy1-cedar.template.json,sniff:jsonld,50969,464fca429210d1b321d71674ff313c045edfe5ef7ca4c76cbe2b6ccb28fcc983,fetched,parsed,json-ld,false,0,0,0,0,0,,
283326779,cancerDHC/csv2caDSR,1cc7dca72bedbed0b412e0c8ab17aecb6c391453,examples/ispy1/ispy1-cedar.template.json,sniff:jsonld,51471,4095d6f8cb18d319d76db9a574ebb85c1b4d53c3dd922219b0dfd044b5818e1f,fetched,parsed,json-ld,false,0,0,0,0,0,,
283326779,cancerDHC/csv2caDSR,1cc7dca72bedbed0b412e0c8ab17aecb6c391453,examples/ispy1/jsonld/ISPY1-patient-clinical-subset.instance.0.jsonld,extension:.jsonld,2979,4fcc45c7dfe8c125706dc1e601e74b8cf810fa610974727c4b4aea1b258c450a,fetched,parsed,json-ld,false,0,0,0,0,0,,
283326779,cancerDHC/csv2caDSR,1cc7dca72bedbed0b412e0c8ab17aecb6c391453,examples/ispy1/jsonld/ISPY1-patient-clinical-subset.instance.0.ttl,extension:.ttl,948,007e6bda555732b83c551f759a609eb2db395f66346bd810fde38acb9c2c4e94,fetched,parsed,turtle,false,0,0,0,0,0,,
283326779,cancerDHC/csv2caDSR,1cc7dca72bedbed0b412e0c8ab17aecb6c391453,examples/ispy1/jsonld/ISPY1-patient-clinical-subset.instance.1.jsonld,extension:.jsonld,2979,226adc89e7987baf162d6a0be2013fc03de1fc2f5e7c67749b1ec3604e6db6fd,fetched,parsed,json-ld,false,0,0,0,0,0,,
283326779,cancerDHC/csv2caDSR,1cc7dca72bedbed0b412e0c8ab17aecb6c391453,examples/ispy1/jsonld/ISPY1-patient-clinical-subset.instance.1.ttl,extension:.ttl,948,5d51917b5389fb1e937d934a93b1db9c3a15f65e18d788f1d359d9d19965bc4a,fetched,parsed,turtle,false,0,0,0,0,0,,
283326779,cancerDHC/csv2caDSR,1cc7dca72bedbed0b412e0c8ab17aecb6c391453,examples/ispy1/jsonld/ISPY1-patient-clinical-subset.instance.10.jsonld,extension:.jsonld,2980,89cb92a25940081409269fe173de991eefe107998e32c8c5df9d5bafe4e9b457,fetched,parsed,json-ld,false,0,0,0,0,0,,
283326779,cancerDHC/csv2caDSR,1cc7dca72bedbed0b412e0c8ab17aecb6c391453,examples/ispy1/jsonld/ISPY1-patient-clinical-subset.instance.10.ttl,extension:.ttl,949,f2b6936e57dd99b124f56e065f0bcbbfaf7c626e87516be37050d780a2ef507e,fetched,parsed,turtle,false,0,0,0,0,0,,
283326779,cancerDHC/csv2caDSR,1cc7dca72bedbed0b412e0c8ab17aecb6c391453,examples/ispy1/jsonld/ISPY1-patient-clinical-subset.instance.100.jsonld,extension:.jsonld,2981,a8dec0af99e86a5601f6fda73d58287b637e68ddb2d3e6b71f714a377158edd4,fetched,parsed,json-ld,false,0,0,0,0,0,,
283326779,cancerDHC/csv2caDSR,1cc7dca72bedbed0b412e0c8ab17aecb6c391453,examples/ispy1/jsonld/ISPY1-patient-clinical-subset.instance.100.ttl,extension:.ttl,950,ae4bb15e19ddf9b340bd093042d1a729bae64d6528d1be060e5697fbe7c389b7,fetched,parsed,turtle,false,0,0,0,0,0,,
283326779,cancerDHC/csv2caDSR,1cc7dca72bedbed0b412e0c8ab17aecb6c391453,examples/ispy1/jsonld/ISPY1-patient-clinical-subset.instance.101.jsonld,extension:.jsonld,2987,f6dd195b8f0d70853961d80d30c112afd2cd16ea4833c43b682bb1c3fe0f7199,fetched,parsed,json-ld,false,0,0,0,0,0,,
283326779,cancerDHC/csv2caDSR,1cc7dca72bedbed0b412e0c8ab17aecb6c391453,examples/ispy1/jsonld/ISPY1-patient-clinical-subset.instance.101.ttl,extension:.ttl,944,cf602ff0bb62f25bacd126b6df53e6d0e079bd36686343b4be60cfb580b2db20,fetched,parsed,turtle,false,0,0,0,0,0,,
283326779,cancerDHC/csv2caDSR,1cc7dca72bedbed0b412e0c8ab17aecb6c391453,examples/ispy1/jsonld/ISPY1-patient-clinical-subset.instance.102.jsonld,extension:.jsonld,2980,3802c8162c77cc0e07a5375e77aedcbc0bcd7ed6f3fdb1860a534de402cdc2d1,fetched,parsed,json-ld,false,0,0,0,0,0,,
283326779,cancerDHC/csv2caDSR,1cc7dca72bedbed0b412e0c8ab17aecb6c391453,examples/ispy1/jsonld/ISPY1-patient-clinical-subset.instance.102.ttl,extension:.ttl,949,ddcc3a4e8ad5bd404d240a4b7b043774471e0ab60898cbe93d6babb2c3a8c3a1,fetched,parsed,turtle,false,0,0,0,0,0,,
283326779,cancerDHC/csv2caDSR,1cc7dca72bedbed0b412e0c8ab17aecb6c391453,examples/ispy1/jsonld/ISPY1-patient-clinical-subset.instance.103.jsonld,extension:.jsonld,2981,1cc0855fb765622ad8668b1962bbe70cc275c535a3938424d75a7541b9ab1839,fetched,parsed,json-ld,false,0,0,0,0,0,,
283326779,cancerDHC/csv2caDSR,1cc7dca72bedbed0b412e0c8ab17aecb6c391453,examples/ispy1/jsonld/ISPY1-patient-clinical-subset.instance.103.ttl,extension:.ttl,950,aa30421f50437358539a8427af25a104ae0132b815252b4ff3fb380475c4c7bf,fetched,parsed,turtle,false,0,0,0,0,0,,
283326779,cancerDHC/csv2caDSR,1cc7dca72bedbed0b412e0c8ab17aecb6c391453,examples/ispy1/jsonld/ISPY1-patient-clinical-subset.instance.104.jsonld,extension:.jsonld,2977,ef841adaa9a113a168b1b2f38416ca69ebf3d79d3a215f11290f46562c8c1d18,fetched,parsed,json-ld,false,0,0,0,0,0,,
283326779,cancerDHC/csv2caDSR,1cc7dca72bedbed0b412e0c8ab17aecb6c391453,examples/ispy1/jsonld/ISPY1-patient-clinical-subset.instance.104.ttl,extension:.ttl,946,e823aa8b4172cc880bdb4d6f607e260b7f454880c2af576ac631b427899d2348,fetched,parsed,turtle,false,0,0,0,0,0,,
283326779,cancerDHC/csv2caDSR,1cc7dca72bedbed0b412e0c8ab17aecb6c391453,examples/ispy1/jsonld/ISPY1-patient-clinical-subset.instance.105.jsonld,extension:.jsonld,2980,a80dabf07a219b7d19da9b15e0af36db6fdd4ef0f179f7a23c122f2e4b6700c3,fetched,parsed,json-ld,false,0,0,0,0,0,,
283326779,cancerDHC/csv2caDSR,1cc7dca72bedbed0b412e0c8ab17aecb6c391453,examples/ispy1/jsonld/ISPY1-patient-clinical-subset.instance.105.ttl,extension:.ttl,949,956bf1f18eb52db2b596af0977c6d1059cb7fc9ec11ae062df14711ee34d61e2,fetched,parsed,turtle,false,0,0,0,0,0,,
283326779,cancerDHC/csv2caDSR,1cc7dca72bedbed0b412e0c8ab17aecb6c391453,examples/ispy1/jsonld/ISPY1-patient-clinical-subset.instance.106.jsonld,extension:.jsonld,2981,cea34a33e28a48808dfe42735b62f289dd90028961ebbffb4cb75fb067297c24,fetched,parsed,json-ld,false,0,0,0,0,0,,
283326779,cancerDHC/csv2caDSR,1cc7dca72bedbed0b412e0c8ab17aecb6c391453,examples/ispy1/jsonld/ISPY1-patient-clinical-subset.instance.106.ttl,extension:.ttl,950,0b3bfadccd53894e11f744ae469a839708fb498858624b0988e5c88af0e133f7,fetched,parsed,turtle,false,0,0,0,0,0,,
283326779,cancerDHC/csv2caDSR,1cc7dca72bedbed0b412e0c8ab17aecb6c391453,examples/ispy1/jsonld/ISPY1-patient-clinical-subset.instance.107.jsonld,extension:.jsonld,2975,8ce062f8f89fda8ddf4d39d957f67b5a878e98e53957448a0ad05627ac15501f,fetched,parsed,json-ld,false,0,0,0,0,0,,
283326779,cancerDHC/csv2caDSR,1cc7dca72bedbed0b412e0c8ab17aecb6c391453,examples/ispy1/jsonld/ISPY1-patient-clinical-subset.instance.107.ttl,extension:.ttl,944,da3ef6e478efbc20ea71fd8b922c0e8a6e4484cdbbab1ce2470766b983f5751f,fetched,parsed,turtle,false,0,0,0,0,0,,
283326779,cancerDHC/csv2caDSR,1cc7dca72bedbed0b412e0c8ab17aecb6c391453,examples/ispy1/jsonld/ISPY1-patient-clinical-subset.instance.108.jsonld,extension:.jsonld,2979,a4890eccc23fb56ffb4561b5b0fdd57b9e3ffcfd78631c59cf81e027062984e7,fetched,parsed,json-ld,false,0,0,0,0,0,,
283326779,cancerDHC/csv2caDSR,1cc7dca72bedbed0b412e0c8ab17aecb6c391453,examples/ispy1/jsonld/ISPY1-patient-clinical-subset.instance.108.ttl,extension:.ttl,948,c9c152886f77e370a45c422aa7df2e4268499abc3319efd8c3c3eadf6a770b28,fetched,parsed,turtle,false,0,0,0,0,0,,
283326779,cancerDHC/csv2caDSR,1cc7dca72bedbed0b412e0c8ab17aecb6c391453,examples/ispy1/jsonld/ISPY1-patient-clinical-subset.instance.109.jsonld,extension:.jsonld,2989,36fcaa549d8b55bf9f2efb176e4b201f826ea1fd2cc5ed28dd8daa0eef85b9cb,fetched,parsed,json-ld,false,0,0,0,0,0,,
283326779,cancerDHC/csv2caDSR,1cc7dca72bedbed0b412e0c8ab17aecb6c391453,examples/ispy1/jsonld/ISPY1-patient-clinical-subset.instance.109.ttl,extension:.ttl,946,5fa7515bd1f7e4511d667ea7b3e20ce148f3d8c8cab3ab40da1b374e65ee932a,fetched,parsed,turtle,false,0,0,0,0,0,,
283326779,cancerDHC/csv2caDSR,1cc7dca72bedbed0b412e0c8ab17aecb6c391453,examples/ispy1/jsonld/ISPY1-patient-clinical-subset.instance.11.jsonld,extension:.jsonld,2978,3dd45c88ef40daabe4ad135f52dfe4b8451969a5de54cc8306d69e9478707d55,fetched,parsed,json-ld,false,0,0,0,0,0,,
283326779,cancerDHC/csv2caDSR,1cc7dca72bedbed0b412e0c8ab17aecb6c391453,examples/ispy1/jsonld/ISPY1-patient-clinical-subset.instance.11.ttl,extension:.ttl,947,7e01f49a22b044d312ff93ef143dc1e207822389282fdae757e812aff5e9dfed,fetched,parsed,turtle,false,0,0,0,0,0,,
283326779,cancerDHC/csv2caDSR,1cc7dca72bedbed0b412e0c8ab17aecb6c391453,examples/ispy1/jsonld/ISPY1-patient-clinical-subset.instance.110.jsonld,extension:.jsonld,2988,7cab193378b52fda3de179e947a8a6d66d2d4c0a8f17707319062b20c4109d65,fetched,parsed,json-ld,false,0,0,0,0,0,,
283326779,cancerDHC/csv2caDSR,1cc7dca72bedbed0b412e0c8ab17aecb6c391453,examples/ispy1/jsonld/ISPY1-patient-clinical-subset.instance.110.ttl,extension:.ttl,945,f7b12eaafb6eeb55908fe0e8dd5c93eab65954155482a144b990791140c2517b,fetched,parsed,turtle,false,0,0,0,0,0,,
283326779,cancerDHC/csv2caDSR,1cc7dca72bedbed0b412e0c8ab17aecb6c391453,examples/ispy1/jsonld/ISPY1-patient-clinical-subset.instance.111.jsonld,extension:.jsonld,2981,464444786c2ea47c885a1c97ce3f8af91ce1b542a970ba8c0dd6e54f9916a7f0,fetched,parsed,json-ld,false,0,0,0,0,0,,
283326779,cancerDHC/csv2caDSR,1cc7dca72bedbed0b412e0c8ab17aecb6c391453,examples/ispy1/jsonld/ISPY1-patient-clinical-subset.instance.111.ttl,extension:.ttl,950,28c823caee1e92c518d4f9eac1e411eed77b2111b803ef027fd2246d63f3579b,fetched,parsed,turtle,false,0,0,0,0,0,,
283326779,cancerDHC/csv2caDSR,1cc7dca72bedbed0b412e0c8ab17aecb6c391453,examples/ispy1/jsonld/ISPY1-patient-clinical-subset.instance.112.jsonld,extension:.jsonld,2989,37cf14d8804c0eafa5917f422d1c846331bc5270ab5492793b7faa38dbf3fe51,fetched,parsed,json-ld,false,0,0,0,0,0,,
283326779,cancerDHC/csv2caDSR,1cc7dca72bedbed0b412e0c8ab17aecb6c391453,examples/ispy1/jsonld/ISPY1-patient-clinical-subset.instance.112.ttl,extension:.ttl,946,42790eb6c6a485fc0400a9abf6bb120146382f04c3302448b2b56d6e8b68e114,fetched,parsed,turtle,false,0,0,0,0,0,,
283326779,cancerDHC/csv2caDSR,1cc7dca72bedbed0b412e0c8ab17aecb6c391453,examples/ispy1/jsonld/ISPY1-patient-clinical-subset.instance.113.jsonld,extension:.jsonld,2970,29034492fd4b92a2c7bbadb202421511704d39fbec5c8afc564656443d398d5a,fetched,parsed,json-ld,false,0,0,0,0,0,,
283326779,cancerDHC/csv2caDSR,1cc7dca72bedbed0b412e0c8ab17aecb6c391453,examples/ispy1/jsonld/ISPY1-patient-clinical-subset.instance.113.ttl,extension:.ttl,951,a0314680c821e4e38e06ce1c89637f338a158f15d0da3a8272e0d9458fd1e594,fetched,parsed,turtle,false,0,0,0,0,0,,
283326779,cancerDHC/csv2caDSR,1cc7dca72bedbed0b412e0c8ab17aecb6c391453,examples/ispy1/jsonld/ISPY1-patient-clinical-subset.instance.114.jsonld,extension:.jsonld,2989,d6bbb7bee317534ba392f8867a6852792be81c8ffd24b0eb7daf827ce16a15e5,fetched,parsed,json-ld,false,0,0,0,0,0,,
283326779,cancerDHC/csv2caDSR,1cc7dca72bedbed0b412e0c8ab17aecb6c391453,examples/ispy1/jsonld/ISPY1-patient-clinical-subset.instance.114.ttl,extension:.ttl,946,f66551717aabbd95a86bf23e3988f3a1b8179357f6cab4f59778acde916fa99c,fetched,parsed,turtle,false,0,0,0,0,0,,
283326779,cancerDHC/csv2caDSR,1cc7dca72bedbed0b412e0c8ab17aecb6c391453,examples/ispy1/jsonld/ISPY1-patient-clinical-subset.instance.115.jsonld,extension:.jsonld,2981,d8237591e8f1e4cf29a34df4120381228f8fd08029d5f0e8524ae97d0db2e910,fetched,parsed,json-ld,false,0,0,0,0,0,,
283326779,cancerDHC/csv2caDSR,1cc7dca72bedbed0b412e0c8ab17aecb6c391453,examples/ispy1/jsonld/ISPY1-patient-clinical-subset.instance.115.ttl,extension:.ttl,950,1abfc2081d35405c369a72276d106cad2ede26f662ab2b42187a3ad68c476e32,fetched,parsed,turtle,false,0,0,0,0,0,,
283326779,cancerDHC/csv2caDSR,1cc7dca72bedbed0b412e0c8ab17aecb6c391453,examples/ispy1/jsonld/ISPY1-patient-clinical-subset.instance.116.jsonld,extension:.jsonld,2976,fce9361f7b2a0186270dd55f840a3881377d53c53def2377ad0e71c826de5cbb,fetched,parsed,json-ld,false,0,0,0,0,0,,
283326779,cancerDHC/csv2caDSR,1cc7dca72bedbed0b412e0c8ab17aecb6c391453,examples/ispy1/jsonld/ISPY1-patient-clinical-subset.instance.116.ttl,extension:.ttl,945,b22a138592dd1018bbe9d87e7b3fa3f1ffa920c6b8032b8a2f8c70735569d932,fetched,parsed,turtle,false,0,0,0,0,0,,
283326779,cancerDHC/csv2caDSR,1cc7dca72bedbed0b412e0c8ab17aecb6c391453,examples/ispy1/jsonld/ISPY1-patient-clinical-subset.instance.117.jsonld,extension:.jsonld,2987,8ef2e336cba0044db1c39673d08aff34c045b784fcb706f371cd68defc2169be,fetched,parsed,json-ld,false,0,0,0,0,0,,
283326779,cancerDHC/csv2caDSR,1cc7dca72bedbed0b412e0c8ab17aecb6c391453,examples/ispy1/jsonld/ISPY1-patient-clinical-subset.instance.117.ttl,extension:.ttl,944,0f97592f02f27173c35f74624e9a027918b4b59e67631c3e6a50ecef0102ad2c,fetched,parsed,turtle,false,0,0,0,0,0,,
283326779,cancerDHC/csv2caDSR,1cc7dca72bedbed0b412e0c8ab17aecb6c391453,examples/ispy1/jsonld/ISPY1-patient-clinical-subset.instance.118.jsonld,extension:.jsonld,2978,eb483efb4b44acbb8073dfac5725e9e996d1783c1949844ba1bb580c5891cda2,fetched,parsed,json-ld,false,0,0,0,0,0,,
283326779,cancerDHC/csv2caDSR,1cc7dca72bedbed0b412e0c8ab17aecb6c391453,examples/ispy1/jsonld/ISPY1-patient-clinical-subset.instance.118.ttl,extension:.ttl,947,a3246aba2f0575835a3fecd70fcd8b2a6b0d748a03b4c89adc7e5ef88ad572a3,fetched,parsed,turtle,false,0,0,0,0,0,,
283326779,cancerDHC/csv2caDSR,1cc7dca72bedbed0b412e0c8ab17aecb6c391453,examples/ispy1/jsonld/ISPY1-patient-clinical-subset.instance.119.jsonld,extension:.jsonld,2981,c2fae580d18abb06ac6cb7fc73212b0c32f6bc176b4927d167a89f22ee0c30f0,fetched,parsed,json-ld,false,0,0,0,0,0,,
283326779,cancerDHC/csv2caDSR,1cc7dca72bedbed0b412e0c8ab17aecb6c391453,examples/ispy1/jsonld/ISPY1-patient-clinical-subset.instance.119.ttl,extension:.ttl,950,d25db168d4f3826bcd82df1a988980b3a5f7d4f5d624871963e40b4bddbeb351,fetched,parsed,turtle,false,0,0,0,0,0,,
283326779,cancerDHC/csv2caDSR,1cc7dca72bedbed0b412e0c8ab17aecb6c391453,examples/ispy1/jsonld/ISPY1-patient-clinical-subset.instance.12.jsonld,extension:.jsonld,2974,4827e62d4176be70bb7756b4433642a5a1cd0e42e760a73d4142a7952868d8a7,fetched,parsed,json-ld,false,0,0,0,0,0,,
283326779,cancerDHC/csv2caDSR,1cc7dca72bedbed0b412e0c8ab17aecb6c391453,examples/ispy1/jsonld/ISPY1-patient-clinical-subset.instance.12.ttl,extension:.ttl,943,976d64e625b3b0b13072bd0a48f51e6081f5f35bc1b37553a82d34bf52199938,fetched,parsed,turtle,false,0,0,0,0,0,,
283326779,cancerDHC/csv2caDSR,1cc7dca72bedbed0b412e0c8ab17aecb6c391453,examples/ispy1/jsonld/ISPY1-patient-clinical-subset.instance.120.jsonld,extension:.jsonld,2981,fce57aac903ca145039d528d6282c27c9e2fefaa485f7355093f448ee131a856,fetched,parsed,json-ld,false,0,0,0,0,0,,
283326779,cancerDHC/csv2caDSR,1cc7dca72bedbed0b412e0c8ab17aecb6c391453,examples/ispy1/jsonld/ISPY1-patient-clinical-subset.instance.120.ttl,extension:.ttl,950,f2cf4ff09aee6b64bba0235ff73399eeda0b6d681bc6a2d1dc935d41f3927685,fetched,parsed,turtle,false,0,0,0,0,0,,
283326779,cancerDHC/csv2caDSR,1cc7dca72bedbed0b412e0c8ab17aecb6c391453,examples/ispy1/jsonld/ISPY1-patient-clinical-subset.instance.121.jsonld,extension:.jsonld,2990,da9a46982a3a2322128b3ba14327d5c1a994518ac20b86c9ceb586ed2a65bbb6,fetched,parsed,json-ld,false,0,0,0,0,0,,
283326779,cancerDHC/csv2caDSR,1cc7dca72bedbed0b412e0c8ab17aecb6c391453,examples/ispy1/jsonld/ISPY1-patient-clinical-subset.instance.121.ttl,extension:.ttl,947,889e9181f0f23dc85715e82b0a502e972092ba4b7c794510fcfff835784d7395,fetched,parsed,turtle,false,0,0,0,0,0,,
283326779,cancerDHC/csv2caDSR,1cc7dca72bedbed0b412e0c8ab17aecb6c391453,examples/ispy1/jsonld/ISPY1-patient-clinical-subset.instance.122.jsonld,extension:.jsonld,2990,17be63e26b0f1b86f3f0a5d39a6e46af8519e8fe5925faf2cf4b7703ecba306c,fetched,parsed,json-ld,false,0,0,0,0,0,,
283326779,cancerDHC/csv2caDSR,1cc7dca72bedbed0b412e0c8ab17aecb6c391453,examples/ispy1/jsonld/ISPY1-patient-clinical-subset.instance.122.ttl,extension:.ttl,947,0a32e9dacd5c62de78bef14a319ea8fea15d95a61cf31252c540c0f3d05cec7c,fetched,parsed,turtle,false,0,0,0,0,0,,
283326779,cancerDHC/csv2caDSR,1cc7dca72bedbed0b412e0c8ab17aecb6c391453,examples/ispy1/jsonld/ISPY1-patient-clinical-subset.instance.123.jsonld,extension:.jsonld,2976,f9f9ba13b396ea97b21e36164ae5a57a2818759462e5f5b5e97d855f267701d0,fetched,parsed,json-ld,false,0,0,0,0,0,,
283326779,cancerDHC/csv2caDSR,1cc7dca72bedbed0b412e0c8ab17aecb6c391453,examples/ispy1/jsonld/ISPY1-patient-clinical-subset.instance.123.ttl,extension:.ttl,945,f0bd82764348aef988bf9ac5db3ac4e88276c42036204c06eb31af9e6a5c52ed,fetched,parsed,turtle,false,0,0,0,0,0,,
283326779,cancerDHC/csv2caDSR,1cc7dca72bedbed0b412e0c8ab17aecb6c391453,examples/ispy1/jsonld/ISPY1-patient-clinical-subset.instance.124.jsonld,extension:.jsonld,2981,3371f3919fb111e1547c84a12195bf3758b1ed379aa4042be9974c7df2778d7a,fetched,parsed,json-ld,false,0,0,0,0,0,,
283326779,cancerDHC/csv2caDSR,1cc7dca72bedbed0b412e0c8ab17aecb6c391453,examples/ispy1/jsonld/ISPY1-patient-clinical-subset.instance.124.ttl,extension:.ttl,950,e5f8c8b1933ff470b37ad405179ee469f328e545df842a32b1776813a56a4f88,fetched,parsed,turtle,false,0,0,0,0,0,,
283326779,cancerDHC/csv2caDSR,1cc7dca72bedbed0b412e0c8ab17aecb6c391453,examples/ispy1/jsonld/ISPY1-patient-clinical-subset.instance.125.jsonld,extension:.jsonld,2990,f320924b1bef01d8d7556f141f631347288aaab878ccdd00b195b5b00f54fa0a,fetched,parsed,json-ld,false,0,0,0,0,0,,
283326779,cancerDHC/csv2caDSR,1cc7dca72bedbed0b412e0c8ab17aecb6c391453,examples/ispy1/jsonld/ISPY1-patient-clinical-subset.instance.125.ttl,extension:.ttl,947,5c2890a72a514c366e9a241ea77ce5b19dbc07d7738a25a50d990e70b589110f,fetched,parsed,turtle,false,0,0,0,0,0,,
283326779,cancerDHC/csv2caDSR,1cc7dca72bedbed0b412e0c8ab17aecb6c391453,examples/ispy1/jsonld/ISPY1-patient-clinical-subset.instance.126.jsonld,extension:.jsonld,2979,258698b5f5f588c51d0391662864994dd56fa4fc4ded9c929344cc00ddfc744b,fetched,parsed,json-ld,false,0,0,0,0,0,,
283326779,cancerDHC/csv2caDSR,1cc7dca72bedbed0b412e0c8ab17aecb6c391453,examples/ispy1/jsonld/ISPY1-patient-clinical-subset.instance.126.ttl,extension:.ttl,948,a36567d9b9016ff48c9404a9565a58f3498b232cfd32d61852e9e5141600d098,fetched,parsed,turtle,false,0,0,0,0,0,,
283326779,cancerDHC/csv2caDSR,1cc7dca72bedbed0b412e0c8ab17aecb6c391453,examples/ispy1/jsonld/ISPY1-patient-clinical-subset.instance.127.jsonld,extension:.jsonld,2988,c6d6fbeadd7177ee9998e09051f68f50fb986bba004181c2dfe5ce1b9c5107e9,fetched,parsed,json-ld,false,0,0,0,0,0,,
283326779,cancerDHC/csv2caDSR,1cc7dca72bedbed0b412e0c8ab17aecb6c391453,examples/ispy1/jsonld/ISPY1-patient-clinical-subset.instance.127.ttl,extension:.ttl,945,3d9b05a6c3fd791dfffa32af6a33ba36198f219aea91156f7ac8d3245613d4ab,fetched,parsed,turtle,false,0,0,0,0,0,,
283326779,cancerDHC/csv2caDSR,1cc7dca72bedbed0b412e0c8ab17aecb6c391453,examples/ispy1/jsonld/ISPY1-patient-clinical-subset.instance.128.jsonld,extension:.jsonld,2970,c1c8ca5d4e5bb3123c2f6e09c8155706b407d6455abf812dc6eb5bec598b946d,fetched,parsed,json-ld,false,0,0,0,0,0,,
283326779,cancerDHC/csv2caDSR,1cc7dca72bedbed0b412e0c8ab17aecb6c391453,examples/ispy1/jsonld/ISPY1-patient-clinical-subset.instance.128.ttl,extension:.ttl,939,4b5bd8f92d10747eb12bfb4379d3c6c194acac023e9cc758f802b4a4428ffc23,fetched,parsed,turtle,false,0,0,0,0,0,,
283326779,cancerDHC/csv2caDSR,1cc7dca72bedbed0b412e0c8ab17aecb6c391453,examples/ispy1/jsonld/ISPY1-patient-clinical-subset.instance.129.jsonld,extension:.jsonld,2979,9186b791bc2d168b1290a231cc788be80e48ae2a08da291fb717e644ca135051,fetched,parsed,json-ld,false,0,0,0,0,0,,
283326779,cancerDHC/csv2caDSR,1cc7dca72bedbed0b412e0c8ab17aecb6c391453,examples/ispy1/jsonld/ISPY1-patient-clinical-subset.instance.129.ttl,extension:.ttl,948,f7f830e0761f0e7fcbb62fac18c59b58959197831fdbe99f43b3d3dc72e6861b,fetched,parsed,turtle,false,0,0,0,0,0,,
283326779,cancerDHC/csv2caDSR,1cc7dca72bedbed0b412e0c8ab17aecb6c391453,examples/ispy1/jsonld/ISPY1-patient-clinical-subset.instance.13.jsonld,extension:.jsonld,2980,6fd3f223da788b40657fe24ed2d72778591e006831a3ca65dc5183e29ecc5148,fetched,parsed,json-ld,false,0,0,0,0,0,,
283326779,cancerDHC/csv2caDSR,1cc7dca72bedbed0b412e0c8ab17aecb6c391453,examples/ispy1/jsonld/ISPY1-patient-clinical-subset.instance.13.ttl,extension:.ttl,949,39668775c00e0ecc96f14dbcef5929b9dc710856ca2ec36f359057314454fe84,fetched,parsed,turtle,false,0,0,0,0,0,,
283326779,cancerDHC/csv2caDSR,1cc7dca72bedbed0b412e0c8ab17aecb6c391453,examples/ispy1/jsonld/ISPY1-patient-clinical-subset.instance.130.jsonld,extension:.jsonld,2980,c1a8deec1050bf883b6bcf46eea191d930c57ec8d8722e39e6ad1c6463c9aa5b,fetched,parsed,json-ld,false,0,0,0,0,0,,
283326779,cancerDHC/csv2caDSR,1cc7dca72bedbed0b412e0c8ab17aecb6c391453,examples/ispy1/jsonld/ISPY1-patient-clinical-subset.instance.130.ttl,extension:.ttl,937,bf2e1e0aed074cbcf8f1d902b1619c94fdf4257718f9cd154ed1528344590ea3,fetched,parsed,turtle,false,0,0,0,0,0,,
283326779,cancerDHC/csv2caDSR,1cc7dca72bedbed0b412e0c8ab17aecb6c391453,examples/ispy1/jsonld/ISPY1-patient-clinical-subset.instance.131.jsonld,extension:.jsonld,2985,ea77e580b6d773ed0d2a04fadd096f1078edf7e812902aa764138015597c9a16,fetched,parsed,json-ld,false,0,0,0,0,0,,
283326779,cancerDHC/csv2caDSR,1cc7dca72bedbed0b412e0c8ab17aecb6c391453,examples/ispy1/jsonld/ISPY1-patient-clinical-subset.instance.131.ttl,extension:.ttl,942,0b326b76ea4343d3222b0953264a28365cd7fe3e3f31704f16030e7dc68ea9ec,fetched,parsed,turtle,false,0,0,0,0,0,,
283326779,cancerDHC/csv2caDSR,1cc7dca72bedbed0b412e0c8ab17aecb6c391453,examples/ispy1/jsonld/ISPY1-patient-clinical-subset.instance.132.jsonld,extension:.jsonld,2981,14d4d2b86495c357024467e16bc2ff7635f1fb4017bdbf7964cf5fc962d02a73,fetched,parsed,json-ld,false,0,0,0,0,0,,
283326779,cancerDHC/csv2caDSR,1cc7dca72bedbed0b412e0c8ab17aecb6c391453,examples/ispy1/jsonld/ISPY1-patient-clinical-subset.instance.132.ttl,extension:.ttl,950,371f3f0ddafcb776ccb5234ef048b782ad6236fa496b5c556f0bb73843811f99,fetched,parsed,turtle,false,0,0,0,0,0,,
283326779,cancerDHC/csv2caDSR,1cc7dca72bedbed0b412e0c8ab17aecb6c391453,examples/ispy1/jsonld/ISPY1-patient-clinical-subset.instance.133.jsonld,extension:.jsonld,2989,8988c178f7de2d5ce90fc1139aba620904160104ebe93c1a9cff653724973549,fetched,parsed,json-ld,false,0,0,0,0,0,,
283326779,cancerDHC/csv2caDSR,1cc7dca72bedbed0b412e0c8ab17aecb6c391453,examples/ispy1/jsonld/ISPY1-patient-clinical-subset.instance.133.ttl,extension:.ttl,946,dad4dffda8e1d0387c38eab356fcc16bfdb4aa3f66a7282ddbd3ca45026159bf,fetched,parsed,turtle,false,0,0,0,0,0,,
283326779,cancerDHC/csv2caDSR,1cc7dca72bedbed0b412e0c8ab17aecb6c391453,examples/ispy1/jsonld/ISPY1-patient-clinical-subset.instance.134.jsonld,extension:.jsonld,2987,bbd38cdd6686f96375fe87e183b3351c6662a01ca313cf390de13856d328089e,fetched,parsed,json-ld,false,0,0,0,0,0,,
283326779,cancerDHC/csv2caDSR,1cc7dca72bedbed0b412e0c8ab17aecb6c391453,examples/ispy1/jsonld/ISPY1-patient-clinical-subset.instance.134.ttl,extension:.ttl,944,6110025c37cd3a0099e48d5d3a7c2f78310402180d71f309798126a7fb961eec,fetched,parsed,turtle,false,0,0,0,0,0,,
283326779,cancerDHC/csv2caDSR,1cc7dca72bedbed0b412e0c8ab17aecb6c391453,examples/ispy1/jsonld/ISPY1-patient-clinical-subset.instance.135.jsonld,extension:.jsonld,2990,4cc37c8e3523d29fd35504856f087ca1ab0331a8e2c10afd51b64066c6de9e1b,fetched,parsed,json-ld,false,0,0,0,0,0,,
283326779,cancerDHC/csv2caDSR,1cc7dca72bedbed0b412e0c8ab17aecb6c391453,examples/ispy1/jsonld/ISPY1-patient-clinical-subset.instance.135.ttl,extension:.ttl,947,9fa3526e557d1d183e0d8536f0f9622116cbf3947c8a774b5fadc4bbae65fbaf,fetched,parsed,turtle,false,0,0,0,0,0,,
283326779,cancerDHC/csv2caDSR,1cc7dca72bedbed0b412e0c8ab17aecb6c391453,examples/ispy1/jsonld/ISPY1-patient-clinical-subset.instance.136.jsonld,extension:.jsonld,2981,dce0adb101abb375226217beb835c1592bb2912424dcb9fa0e41c852fdec134c,fetched,parsed,json-ld,false,0,0,0,0,0,,
283326779,cancerDHC/csv2caDSR,1cc7dca72bedbed0b412e0c8ab17aecb6c391453,examples/ispy1/jsonld/ISPY1-patient-clinical-subset.instance.136.ttl,extension:.ttl,950,a3ea3f7b23d049a36deff7bd1083a2adea0416b9846bda38ec7841d7a16a94ed,fetched,parsed,turtle,false,0,0,0,0,0,,
283326779,cancerDHC/csv2caDSR,1cc7dca72bedbed0b412e0c8ab17aecb6c391453,examples/ispy1/jsonld/ISPY1-patient-clinical-subset.instance.137.jsonld,extension:.jsonld,2979,4cb05cf54dedcd83740819ad1b417eb00788df6870f74951a729b4aecc369a21,fetched,parsed,json-ld,false,0,0,0,0,0,,
283326779,cancerDHC/csv2caDSR,1cc7dca72bedbed0b412e0c8ab17aecb6c391453,examples/ispy1/jsonld/ISPY1-patient-clinical-subset.instance.137.ttl,extension:.ttl,948,82531031f111ad68f0cd4dc4196a2c6919466c80dd91b3d23046b680161ca555,fetched,parsed,turtle,false,0,0,0,0,0,,
283326779,cancerDHC/csv2caDSR,1cc7dca72bedbed0b412e0c8ab17aecb6c391453,examples/ispy1/jsonld/ISPY1-patient-clinical-subset.instance.138.jsonld,extension:.jsonld,2976,40135c4729f15bec9ce1da0a88e29d7184fe6a7260b3d6449d1ae341d6465f94,fetched,parsed,json-ld,false,0,0,0,0,0,,
283326779,cancerDHC/csv2caDSR,1cc7dca72bedbed0b412e0c8ab17aecb6c391453,examples/ispy1/jsonld/ISPY1-patient-clinical-subset.instance.138.ttl,extension:.ttl,945,58b2441fbbf24034d8dde3c1e8605bede7e54f3aec5d25f655d48e1cb07ce9d8,fetched,parsed,turtle,false,0,0,0,0,0,,
283326779,cancerDHC/csv2caDSR,1cc7dca72bedbed0b412e0c8ab17aecb6c391453,examples/ispy1/jsonld/ISPY1-patient-clinical-subset.instance.139.jsonld,extension:.jsonld,2981,626e0c4415aa606b7b704ca3dcd1808a5258be06e3d40aee7bbee1b6121dcbbb,fetched,parsed,json-ld,false,0,0,0,0,0,,
283326779,cancerDHC/csv2caDSR,1cc7dca72bedbed0b412e0c8ab17aecb6c391453,examples/ispy1/jsonld/ISPY1-patient-clinical-subset.instance.139.ttl,extension:.ttl,950,359cf3a4b27878a6feaf501e410f97f5ab706cf4854c0c5a3b23914caec41c95,fetched,parsed,turtle,false,0,0,0,0,0,,
283326779,cancerDHC/csv2caDSR,1cc7dca72bedbed0b412e0c8ab17aecb6c391453,examples/ispy1/jsonld/ISPY1-patient-clinical-subset.instance.14.jsonld,extension:.jsonld,2987,b820fea075c17cad17e4daf167b6c857e62111b55f76bfb726dfe31ae0736b77,fetched,parsed,json-ld,false,0,0,0,0,0,,
283326779,cancerDHC/csv2caDSR,1cc7dca72bedbed0b412e0c8ab17aecb6c391453,examples/ispy1/jsonld/ISPY1-patient-clinical-subset.instance.14.ttl,extension:.ttl,944,2b20494c1e12c5bbd96ef40d5b5c31a92c44072395514a7da45af7bb26bfaa15,fetched,parsed,turtle,false,0,0,0,0,0,,
283326779,cancerDHC/csv2caDSR,1cc7dca72bedbed0b412e0c8ab17aecb6c391453,examples/ispy1/jsonld/ISPY1-patient-clinical-subset.instance.140.jsonld,extension:.jsonld,2990,a680be593c4b20bbe086f824ac90fb8b2f07506a1bd368425454d672dd77ef44,fetched,parsed,json-ld,false,0,0,0,0,0,,
283326779,cancerDHC/csv2caDSR,1cc7dca72bedbed0b412e0c8ab17aecb6c391453,examples/ispy1/jsonld/ISPY1-patient-clinical-subset.instance.140.ttl,extension:.ttl,947,8bdaf3d4d1fccc1f41051920b55c1f5fe9a595960a5de0aadb83751f818eb093,fetched,parsed,turtle,false,0,0,0,0,0,,
283326779,cancerDHC/csv2caDSR,1cc7dca72bedbed0b412e0c8ab17aecb6c391453,examples/ispy1/jsonld/ISPY1-patient-clinical-subset.instance.141.jsonld,extension:.jsonld,2987,531c855add3878c53f663c3c6edfac7520d6f67fefd4b5d1e78c37f27417b254,fetched,parsed,json-ld,false,0,0,0,0,0,,
283326779,cancerDHC/csv2caDSR,1cc7dca72bedbed0b412e0c8ab17aecb6c391453,examples/ispy1/jsonld/ISPY1-patient-clinical-subset.instance.141.ttl,extension:.ttl,944,8a87a3a3d70c87dd57c1e3be5beabe292a05f4e2212966a372b0d1b9d63866d6,fetched,parsed,turtle,false,0,0,0,0,0,,
283326779,cancerDHC/csv2caDSR,1cc7dca72bedbed0b412e0c8ab17aecb6c391453,examples/ispy1/jsonld/ISPY1-patient-clinical-subset.instance.142.jsonld,extension:.jsonld,2988,c6036ac97e89a96d548e9c53813074236bb57d303f78ca385656640b5fd35f15,fetched,parsed,json-ld,false,0,0,0,0,0,,
283326779,cancerDHC/csv2caDSR,1cc7dca72bedbed0b412e0c8ab17aecb6c391453,examples/ispy1/jsonld/ISPY1-patient-clinical-subset.instance.142.ttl,extension:.ttl,945,2e4494058629c85702c11a602da0523698c02ead0c3a1c1ae8beefeb755710bc,fetched,parsed,turtle,false,0,0,0,0,0,,
283326779,cancerDHC/csv2caDSR,1cc7dca72bedbed0b412e0c8ab17aecb6c391453,examples/ispy1/jsonld/ISPY1-patient-clinical-subset.instance.143.jsonld,extension:.jsonld,2980,1e32c6d5d239276c17d87667a9f513ec436e5473c168b66477b9a08a20f608ad,fetched,parsed,json-ld,false,0,0,0,0,0,,
283326779,cancerDHC/csv2caDSR,1cc7dca72bedbed0b412e0c8ab17aecb6c391453,examples/ispy1/jsonld/ISPY1-patient-clinical-subset.instance.143.ttl,extension:.ttl,949,fc5fe99a74672561335e4666f390d0d795cc31d2654d0b1e28748ea14000907b,fetched,parsed,turtle,false,0,0,0,0,0,,
283326779,cancerDHC/csv2caDSR,1cc7dca72bedbed0b412e0c8ab17aecb6c391453,examples/ispy1/jsonld/ISPY1-patient-clinical-subset.instance.144.jsonld,extension:.jsonld,2954,135be30cbaf3e540f4cbeba996d64dbf856706da29cc70b2bf6c553df4e494b1,fetched,parsed,json-ld,false,0,0,0,0,0,,
283326779,cancerDHC/csv2caDSR,1cc7dca72bedbed0b412e0c8ab17aecb6c391453,examples/ispy1/jsonld/ISPY1-patient-clinical-subset.instance.144.ttl,extension:.ttl,935,cc0f5e82833be44e61ccf81d37c16e60f2a0ae9eb1816341575f16db7b227d69,fetched,parsed,turtle,false,0,0,0,0,0,,
283326779,cancerDHC/csv2caDSR,1cc7dca72bedbed0b412e0c8ab17aecb6c391453,examples/ispy1/jsonld/ISPY1-patient-clinical-subset.instance.145.jsonld,extension:.jsonld,2988,531d1f0548de9dc00cb2c81fef76c04a3f676bca976c23d7914451774170d987,fetched,parsed,json-ld,false,0,0,0,0,0,,
283326779,cancerDHC/csv2caDSR,1cc7dca72bedbed0b412e0c8ab17aecb6c391453,examples/ispy1/jsonld/ISPY1-patient-clinical-subset.instance.145.ttl,extension:.ttl,945,ba9e22895b648d72e24d72a40ad85631ad8148e1ab6d10e7db9828acce2a3de2,fetched,parsed,turtle,false,0,0,0,0,0,,
283326779,cancerDHC/csv2caDSR,1cc7dca72bedbed0b412e0c8ab17aecb6c391453,examples/ispy1/jsonld/ISPY1-patient-clinical-subset.instance.146.jsonld,extension:.jsonld,2987,ba3e24c07278d43259a6ff0fb5979e2b5a9530592feb457b135c86cf7fcb7a09,fetched,parsed,json-ld,false,0,0,0,0,0,,
283326779,cancerDHC/csv2caDSR,1cc7dca72bedbed0b412e0c8ab17aecb6c391453,examples/ispy1/jsonld/ISPY1-patient-clinical-subset.instance.146.ttl,extension:.ttl,944,28d911eb625ae38932edb06a7777a2aaa6df578b2341134c24a599cd8b8d215e,fetched,parsed,turtle,false,0,0,0,0,0,,
283326779,cancerDHC/csv2caDSR,1cc7dca72bedbed0b412e0c8ab17aecb6c391453,examples/ispy1/jsonld/ISPY1-patient-clinical-subset.instance.147.jsonld,extension:.jsonld,2989,6fe728ef158a9061808a6c5a3300adb83a5e3187707ff8a6cd9bfecd77c6ce35,fetched,parsed,json-ld,false,0,0,0,0,0,,
283326779,cancerDHC/csv2caDSR,1cc7dca72bedbed0b412e0c8ab17aecb6c391453,examples/ispy1/jsonld/ISPY1-patient-clinical-subset.instance.147.ttl,extension:.ttl,946,51f8ed5eebdbbd8729b82d9850de3e7203b9993b04cdd263d58434eb5a2fd71c,fetched,parsed,turtle,false,0,0,0,0,0,,
283326779,cancerDHC/csv2caDSR,1cc7dca72bedbed0b412e0c8ab17aecb6c391453,examples/ispy1/jsonld/ISPY1-patient-clinical-subset.instance.148.jsonld,extension:.jsonld,2989,65de5128ac5f50e8764dac1c91aaf2ef814efda0c1a69cdfa6212d7f66b4dbfe,fetched,parsed,json-ld,false,0,0,0,0,0,,
283326779,cancerDHC/csv2caDSR,1cc7dca72bedbed0b412e0c8ab17aecb6c391453,examples/ispy1/jsonld/ISPY1-patient-clinical-subset.instance.148.ttl,extension:.ttl,946,d050d0fe8e065aaf7a0267833615534bbe672005c18497686f71a18798a289cb,fetched,parsed,turtle,false,0,0,0,0,0,,
283326779,cancerDHC/csv2caDSR,1cc7dca72bedbed0b412e0c8ab17aecb6c391453,examples/ispy1/jsonld/ISPY1-patient-clinical-subset.instance.149.jsonld,extension:.jsonld,2981,582aa67923e9b1691e3ebe5d0600cc3ff79db9e0bba48e4389b5fcccfa354e0f,fetched,parsed,json-ld,false,0,0,0,0,0,,
283326779,cancerDHC/csv2caDSR,1cc7dca72bedbed0b412e0c8ab17aecb6c391453,examples/ispy1/jsonld/ISPY1-patient-clinical-subset.instance.149.ttl,extension:.ttl,950,0138d36ba6136dbabb9cec7519915eb92dd6136d3a69e9121d13f4cd3bee9dd2,fetched,parsed,turtle,false,0,0,0,0,0,,
283326779,cancerDHC/csv2caDSR,1cc7dca72bedbed0b412e0c8ab17aecb6c391453,examples/ispy1/jsonld/ISPY1-patient-clinical-subset.instance.15.jsonld,extension:.jsonld,2980,c80df3f6e5d9d35c678a8b62a146487eaff3f60c4c4a5833dbe810ddfbb68ad7,fetched,parsed,json-ld,false,0,0,0,0,0,,
283326779,cancerDHC/csv2caDSR,1cc7dca72bedbed0b412e0c8ab17aecb6c391453,examples/ispy1/jsonld/ISPY1-patient-clinical-subset.instance.15.ttl,extension:.ttl,949,5e5412ebfc1f1a0d8bc64de70a3c9c4c8786967493efaeff4ce9eeb8af7204d5,fetched,parsed,turtle,false,0,0,0,0,0,,
283326779,cancerDHC/csv2caDSR,1cc7dca72bedbed0b412e0c8ab17aecb6c391453,examples/ispy1/jsonld/ISPY1-patient-clinical-subset.instance.150.jsonld,extension:.jsonld,2989,67770013c7b40cc4f4ee169cc5c787bab44d48ef83dc255c615f8117609967c5,fetched,parsed,json-ld,false,0,0,0,0,0,,
283326779,cancerDHC/csv2caDSR,1cc7dca72bedbed0b412e0c8ab17aecb6c391453,examples/ispy1/jsonld/ISPY1-patient-clinical-subset.instance.150.ttl,extension:.ttl,946,da2a95cf1d41a0f951e3262cf9273245425151683d4f993cd7cc596f758aaf3f,fetched,parsed,turtle,false,0,0,0,0,0,,
283326779,cancerDHC/csv2caDSR,1cc7dca72bedbed0b412e0c8ab17aecb6c391453,examples/ispy1/jsonld/ISPY1-patient-clinical-subset.instance.151.jsonld,extension:.jsonld,2979,c7f659f389dd5fa6b6739613be45b2181a2c523e55b9cf8c3fd3023555ed4ea2,fetched,parsed,json-ld,false,0,0,0,0,0,,
283326779,cancerDHC/csv2caDSR,1cc7dca72bedbed0b412e0c8ab17aecb6c391453,examples/ispy1/jsonld/ISPY1-patient-clinical-subset.instance.151.ttl,extension:.ttl,948,40dcebd35fd21f28d2645da56b067af7d6f56d3e422fc8d51dbe0c1a6f2e8305,fetched,parsed,turtle,false,0,0,0,0,0,,
283326779,cancerDHC/csv2caDSR,1cc7dca72bedbed0b412e0c8ab17aecb6c391453,examples/ispy1/jsonld/ISPY1-patient-clinical-subset.instance.152.jsonld,extension:.jsonld,2976,f622cc6104898c73b64488341279bd9d641bcc7a0adc583e642e8a42a2bfb618,fetched,parsed,json-ld,false,0,0,0,0,0,,
283326779,cancerDHC/csv2caDSR,1cc7dca72bedbed0b412e0c8ab17aecb6c391453,examples/ispy1/jsonld/ISPY1-patient-clinical-subset.instance.152.ttl,extension:.ttl,945,7546323cc5f0eec688189e44cfed9969a6694d9d9202ffc9b9474f25a8d6562e,fetched,parsed,turtle,false,0,0,0,0,0,,
283326779,cancerDHC/csv2caDSR,1cc7dca72bedbed0b412e0c8ab17aecb6c391453,examples/ispy1/jsonld/ISPY1-patient-clinical-subset.instance.153.jsonld,extension:.jsonld,2990,312c95aa38acfffecc74488bdc4b497848507c1e88edb17059072e06f27681f4,fetched,parsed,json-ld,false,0,0,0,0,0,,
283326779,cancerDHC/csv2caDSR,1cc7dca72bedbed0b412e0c8ab17aecb6c391453,examples/ispy1/jsonld/ISPY1-patient-clinical-subset.instance.153.ttl,extension:.ttl,947,b576191f664d097777d79e3b4549b6e7072670fab5d9bb14ab6a98e749292007,fetched,parsed,turtle,false,0,0,0,0,0,,
283326779,cancerDHC/csv2caDSR,1cc7dca72bedbed0b412e0c8ab17aecb6c391453,examples/ispy1/jsonld/ISPY1-patient-clinical-subset.instance.154.jsonld,extension:.jsonld,2990,d77135387dc02c5e3385ce3e6ad8d8a4958ce8f889a9576fb80d56bda644b755,fetched,parsed,json-ld,false,0,0,0,0,0,,
283326779,cancerDHC/csv2caDSR,1cc7dca72bedbed0b412e0c8ab17aecb6c391453,examples/ispy1/jsonld/ISPY1-patient-clinical-subset.instance.154.ttl,extension:.ttl,947,4b0182c3ef758f56e93bf9d0885a7e50ccf8b8faba697b21937fa393591c8555,fetched,parsed,turtle,false,0,0,0,0,0,,
283326779,cancerDHC/csv2caDSR,1cc7dca72bedbed0b412e0c8ab17aecb6c391453,examples/ispy1/jsonld/ISPY1-patient-clinical-subset.instance.155.jsonld,extension:.jsonld,2981,fb53c6cfa0b41b68896b7d9fc69279ec95486d4be63b855a8dd6e3103e0c427c,fetched,parsed,json-ld,false,0,0,0,0,0,,
283326779,cancerDHC/csv2caDSR,1cc7dca72bedbed0b412e0c8ab17aecb6c391453,examples/ispy1/jsonld/ISPY1-patient-clinical-subset.instance.155.ttl,extension:.ttl,950,32fd90663c9c076b5a2fa25c057206be112fd40ff861d668e5d987dc6dd42c2a,fetched,parsed,turtle,false,0,0,0,0,0,,
283326779,cancerDHC/csv2caDSR,1cc7dca72bedbed0b412e0c8ab17aecb6c391453,examples/ispy1/jsonld/ISPY1-patient-clinical-subset.instance.156.jsonld,extension:.jsonld,2988,7d79b6e8051ad074788cc89dd548f5bb80c3294d5b7ba91f0b09d0fb4370a6b7,fetched,parsed,json-ld,false,0,0,0,0,0,,
283326779,cancerDHC/csv2caDSR,1cc7dca72bedbed0b412e0c8ab17aecb6c391453,examples/ispy1/jsonld/ISPY1-patient-clinical-subset.instance.156.ttl,extension:.ttl,945,23ee26b6e26699d4743b2d209a6c976e3bf67df08e7b4fa00abd69bcc23cc026,fetched,parsed,turtle,false,0,0,0,0,0,,
283326779,cancerDHC/csv2caDSR,1cc7dca72bedbed0b412e0c8ab17aecb6c391453,examples/ispy1/jsonld/ISPY1-patient-clinical-subset.instance.157.jsonld,extension:.jsonld,2990,3a0b1d7f72bd08d01c96ed2a9c56ff0bdc21510f3c9421f16ce81494b15ddc03,fetched,parsed,json-ld,false,0,0,0,0,0,,
283326779,cancerDHC/csv2caDSR,1cc7dca72bedbed0b412e0c8ab17aecb6c391453,examples/ispy1/jsonld/ISPY1-patient-clinical-subset.instance.157.ttl,extension:.ttl,947,b24299cf526762a61277fe3db3c07c5760a798d0623cabb115ff12f400196cbd,fetched,parsed,turtle,false,0,0,0,0,0,,
283326779,cancerDHC/csv2caDSR,1cc7dca72bedbed0b412e0c8ab17aecb6c391453,examples/ispy1/jsonld/ISPY1-patient-clinical-subset.instance.158.jsonld,extension:.jsonld,2950,df6ae355fbd4e10bd61a21b81ae34017aff9ccdd4309fbf40abc82c25aebc633,fetched,parsed,json-ld,false,0,0,0,0,0,,
283326779,cancerDHC/csv2caDSR,1cc7dca72bedbed0b412e0c8ab17aecb6c391453,examples/ispy1/jsonld/ISPY1-patient-clinical-subset.instance.158.ttl,extension:.ttl,931,d1161a9f50861f163eea1f77ba3df69c16efc132815055366d7727005fdb0077,fetched,parsed,turtle,false,0,0,0,0,0,,
283326779,cancerDHC/csv2caDSR,1cc7dca72bedbed0b412e0c8ab17aecb6c391453,examples/ispy1/jsonld/ISPY1-patient-clinical-subset.instance.159.jsonld,extension:.jsonld,2981,7e77348d2ef9e0d451f0d84d6cb4a6bb0faab74e82b786b465d2b47ec51d08a1,fetched,parsed,json-ld,false,0,0,0,0,0,,
283326779,cancerDHC/csv2caDSR,1cc7dca72bedbed0b412e0c8ab17aecb6c391453,examples/ispy1/jsonld/ISPY1-patient-clinical-subset.instance.159.ttl,extension:.ttl,950,49e59ecb9b843f5276a2ed93cd4dfa2a20e9c4d6ae0791d16aee8d80a22704dc,fetched,parsed,turtle,false,0,0,0,0,0,,
283326779,cancerDHC/csv2caDSR,1cc7dca72bedbed0b412e0c8ab17aecb6c391453,examples/ispy1/jsonld/ISPY1-patient-clinical-subset.instance.16.jsonld,extension:.jsonld,2990,0f7197c5ab859ed51f5deb4a50ff294bd95259e39e93405a9dc0c13da8560c3c,fetched,parsed,json-ld,false,0,0,0,0,0,,
283326779,cancerDHC/csv2caDSR,1cc7dca72bedbed0b412e0c8ab17aecb6c391453,examples/ispy1/jsonld/ISPY1-patient-clinical-subset.instance.16.ttl,extension:.ttl,947,2706f0c54eb32f402e20dc082327b5f063b46fe2ae82f7a34e097d3d1d7d4e4f,fetched,parsed,turtle,false,0,0,0,0,0,,
283326779,cancerDHC/csv2caDSR,1cc7dca72bedbed0b412e0c8ab17aecb6c391453,examples/ispy1/jsonld/ISPY1-patient-clinical-subset.instance.160.jsonld,extension:.jsonld,2981,66f0c6685c453bbf1d698b491ef4c8656224c62649b7203ba7e55be72cfd1398,fetched,parsed,json-ld,false,0,0,0,0,0,,
283326779,cancerDHC/csv2caDSR,1cc7dca72bedbed0b412e0c8ab17aecb6c391453,examples/ispy1/jsonld/ISPY1-patient-clinical-subset.instance.160.ttl,extension:.ttl,950,0500ecd4b0d88a0e940457a8aa3a2b43df95c51118513530393f6472308ada80,fetched,parsed,turtle,false,0,0,0,0,0,,
283326779,cancerDHC/csv2caDSR,1cc7dca72bedbed0b412e0c8ab17aecb6c391453,examples/ispy1/jsonld/ISPY1-patient-clinical-subset.instance.161.jsonld,extension:.jsonld,2984,202e8dce38540a87663f699d0608da97fb950ccc35b25a5a33d29668bfe1f525,fetched,parsed,json-ld,false,0,0,0,0,0,,
283326779,cancerDHC/csv2caDSR,1cc7dca72bedbed0b412e0c8ab17aecb6c391453,examples/ispy1/jsonld/ISPY1-patient-clinical-subset.instance.161.ttl,extension:.ttl,941,d2eab6e008370f91273418b858f85a3c33c5d4cee48c9de4856a285449a4a2ad,fetched,parsed,turtle,false,0,0,0,0,0,,
283326779,cancerDHC/csv2caDSR,1cc7dca72bedbed0b412e0c8ab17aecb6c391453,examples/ispy1/jsonld/ISPY1-patient-clinical-subset.instance.162.jsonld,extension:.jsonld,2986,8a0adeeb201fdb0e4fa4afc479465598729767b3cad1e517787c248133dc9c59,fetched,parsed,json-ld,false,0,0,0,0,0,,
283326779,cancerDHC/csv2caDSR,1cc7dca72bedbed0b412e0c8ab17aecb6c391453,examples/ispy1/jsonld/ISPY1-patient-clinical-subset.instance.162.ttl,extension:.ttl,943,5c3f1d401e395ab08ffabb26675df8960c84a973c11a3129cb473923214926ec,fetched,parsed,turtle,false,0,0,0,0,0,,
283326779,cancerDHC/csv2caDSR,1cc7dca72bedbed0b412e0c8ab17aecb6c391453,examples/ispy1/jsonld/ISPY1-patient-clinical-subset.instance.163.jsonld,extension:.jsonld,2990,a29c51a4b5cd67abbe3a3a4a04581474c3ee11f07c8bc3b5afb7270be8a0a66f,fetched,parsed,json-ld,false,0,0,0,0,0,,
283326779,cancerDHC/csv2caDSR,1cc7dca72bedbed0b412e0c8ab17aecb6c391453,examples/ispy1/jsonld/ISPY1-patient-clinical-subset.instance.163.ttl,extension:.ttl,947,a016666ffadbd5769c39ed5f0c72ee355243502c291a970ca7e739aef0760fc1,fetched,parsed,turtle,false,0,0,0,0,0,,
283326779,cancerDHC/csv2caDSR,1cc7dca72bedbed0b412e0c8ab17aecb6c391453,examples/ispy1/jsonld/ISPY1-patient-clinical-subset.instance.164.jsonld,extension:.jsonld,2980,d4aaa819ffe1beceac8e15ddc0e01f0fdfd8892a63b54010ea6f118303150569,fetched,parsed,json-ld,false,0,0,0,0,0,,
283326779,cancerDHC/csv2caDSR,1cc7dca72bedbed0b412e0c8ab17aecb6c391453,examples/ispy1/jsonld/ISPY1-patient-clinical-subset.instance.164.ttl,extension:.ttl,949,60c1cf68092fc763030135ca0c78c66bc701871ca4e2c3acf066175299bb6d1a,fetched,parsed,turtle,false,0,0,0,0,0,,
283326779,cancerDHC/csv2caDSR,1cc7dca72bedbed0b412e0c8ab17aecb6c391453,examples/ispy1/jsonld/ISPY1-patient-clinical-subset.instance.165.jsonld,extension:.jsonld,2983,e1b8bff579a2988d2f5398c76cad4865d81d86e493c930bea06e7e41a0d12ff9,fetched,parsed,json-ld,false,0,0,0,0,0,,
283326779,cancerDHC/csv2caDSR,1cc7dca72bedbed0b412e0c8ab17aecb6c391453,examples/ispy1/jsonld/ISPY1-patient-clinical-subset.instance.165.ttl,extension:.ttl,952,5d3c11947c5bbb101abe5ce508ddaff5a54b8c67d45b292f4dd3658000ed8bfe,fetched,parsed,turtle,false,0,0,0,0,0,,
283326779,cancerDHC/csv2caDSR,1cc7dca72bedbed0b412e0c8ab17aecb6c391453,examples/ispy1/jsonld/ISPY1-patient-clinical-subset.instance.166.jsonld,extension:.jsonld,2987,c58391828d84a4c0d0aa313f3520030bc83d4622d6c01bf052ab7f1cb9645a2e,fetched,parsed,json-ld,false,0,0,0,0,0,,
283326779,cancerDHC/csv2caDSR,1cc7dca72bedbed0b412e0c8ab17aecb6c391453,examples/ispy1/jsonld/ISPY1-patient-clinical-subset.instance.166.ttl,extension:.ttl,944,5c16cbe475f07bd63e35a495aa34063c0258240828029ea0350f39b13fba6664,fetched,parsed,turtle,false,0,0,0,0,0,,
283326779,cancerDHC/csv2caDSR,1cc7dca72bedbed0b412e0c8ab17aecb6c391453,examples/ispy1/jsonld/ISPY1-patient-clinical-subset.instance.167.jsonld,extension:.jsonld,2981,436f8c15a629b003bee25aedad48e7e9219860fe3981d85299baeba9e067ac43,fetched,parsed,json-ld,false,0,0,0,0,0,,
283326779,cancerDHC/csv2caDSR,1cc7dca72bedbed0b412e0c8ab17aecb6c391453,examples/ispy1/jsonld/ISPY1-patient-clinical-subset.instance.167.ttl,extension:.ttl,950,a6b082709d5ae6428fbc70ecb95c2629e5df4817801e0f36fea03d0abec524b1,fetched,parsed,turtle,false,0,0,0,0,0,,
283326779,cancerDHC/csv2caDSR,1cc7dca72bedbed0b412e0c8ab17aecb6c391453,examples/ispy1/jsonld/ISPY1-patient-clinical-subset.instance.168.jsonld,extension:.jsonld,2989,6978a52cd1461450287719119ab9e0cd2fb93e5bd0a75d2fd759bfa38dd0ce36,fetched,parsed,json-ld,false,0,0,0,0,0,,
283326779,cancerDHC/csv2caDSR,1cc7dca72bedbed0b412e0c8ab17aecb6c391453,examples/ispy1/jsonld/ISPY1-patient-clinical-subset.instance.168.ttl,extension:.ttl,946,670c9f18499c4f33153271fa36220ad677c66210ae266688fbdbedc5be910059,fetched,parsed,turtle,false,0,0,0,0,0,,
283326779,cancerDHC/csv2caDSR,1cc7dca72bedbed0b412e0c8ab17aecb6c391453,examples/ispy1/jsonld/ISPY1-patient-clinical-subset.instance.169.jsonld,extension:.jsonld,2980,ed72d0066ac238020eec1ec4a9953d972367cc02b9f644ca96edeb5b14a79e91,fetched,parsed,json-ld,false,0,0,0,0,0,,
283326779,cancerDHC/csv2caDSR,1cc7dca72bedbed0b412e0c8ab17aecb6c391453,examples/ispy1/jsonld/ISPY1-patient-clinical-subset.instance.169.ttl,extension:.ttl,949,54747416dfd0992bbf33f3ff85648f4a91dfc8bea1c15e91b4b7b73f19f16cf1,fetched,parsed,turtle,false,0,0,0,0,0,,
283326779,cancerDHC/csv2caDSR,1cc7dca72bedbed0b412e0c8ab17aecb6c391453,examples/ispy1/jsonld/ISPY1-patient-clinical-subset.instance.17.jsonld,extension:.jsonld,2973,1ebdf80a30f04958ece0298ff52d309d4104fb2e7cb112af75c78bbe278a0437,fetched,parsed,json-ld,false,0,0,0,0,0,,
283326779,cancerDHC/csv2caDSR,1cc7dca72bedbed0b412e0c8ab17aecb6c391453,examples/ispy1/jsonld/ISPY1-patient-clinical-subset.instance.17.ttl,extension:.ttl,942,dcb6a4dca8fe4b6c45f3dc8e7f2f483f47c12fa18a2ea4c33f6bdadf1732bc7a,fetched,parsed,turtle,false,0,0,0,0,0,,
283326779,cancerDHC/csv2caDSR,1cc7dca72bedbed0b412e0c8ab17aecb6c391453,examples/ispy1/jsonld/ISPY1-patient-clinical-subset.instance.170.jsonld,extension:.jsonld,2990,06ef9704fe9e6d2c2d58782613f0915cb97fbb03c5fba03e0eae5a47574b9fd4,fetched,parsed,json-ld,false,0,0,0,0,0,,
283326779,cancerDHC/csv2caDSR,1cc7dca72bedbed0b412e0c8ab17aecb6c391453,examples/ispy1/jsonld/ISPY1-patient-clinical-subset.instance.170.ttl,extension:.ttl,947,1f74a72a10f12b6012bb1d528c55cd224ace6355f37748d1978d70b01b4c7ac2,fetched,parsed,turtle,false,0,0,0,0,0,,
283326779,cancerDHC/csv2caDSR,1cc7dca72bedbed0b412e0c8ab17aecb6c391453,examples/ispy1/jsonld/ISPY1-patient-clinical-subset.instance.171.jsonld,extension:.jsonld,2990,a0e0f6d274e766af71095e82afc92dc4db8a84c981999d64550420ce73595cc1,fetched,parsed,json-ld,false,0,0,0,0,0,,
283326779,cancerDHC/csv2caDSR,1cc7dca72bedbed0b412e0c8ab17aecb6c391453,examples/ispy1/jsonld/ISPY1-patient-clinical-subset.instance.171.ttl,extension:.ttl,947,48e441bff4ac406b1b4608274a6929abfc6498c6171f225f539ea4de18f3b5c3,fetched,parsed,turtle,false,0,0,0,0,0,,
283326779,cancerDHC/csv2caDSR,1cc7dca72bedbed0b412e0c8ab17aecb6c391453,examples/ispy1/jsonld/ISPY1-patient-clinical-subset.instance.172.jsonld,extension:.jsonld,2986,6f0ed36a57fc06d1fddfa23c3e8f7df93f31f59b3e145fcdb94183a28b7dc136,fetched,parsed,json-ld,false,0,0,0,0,0,,
283326779,cancerDHC/csv2caDSR,1cc7dca72bedbed0b412e0c8ab17aecb6c391453,examples/ispy1/jsonld/ISPY1-patient-clinical-subset.instance.172.ttl,extension:.ttl,943,767f1714b09abd189067a208b96995801f9891fa92327f99c41c7ba87d860876,fetched,parsed,turtle,false,0,0,0,0,0,,
283326779,cancerDHC/csv2caDSR,1cc7dca72bedbed0b412e0c8ab17aecb6c391453,examples/ispy1/jsonld/ISPY1-patient-clinical-subset.instance.173.jsonld,extension:.jsonld,2980,0ff06f3f3a9299eb42f4db0a8dddbb1675bd7cb5e2fb4f3c4ba970b8000703f4,fetched,parsed,json-ld,false,0,0,0,0,0,,
283326779,cancerDHC/csv2caDSR,1cc7dca72bedbed0b412e0c8ab17aecb6c391453,examples/ispy1/jsonld/ISPY1-patient-clinical-subset.instance.173.ttl,extension:.ttl,949,10b55def7950331ef3b22000b623d7b766e0d1df0d08719a975d83d218319d38,fetched,parsed,turtle,false,0,0,0,0,0,,
283326779,cancerDHC/csv2caDSR,1cc7dca72bedbed0b412e0c8ab17aecb6c391453,examples/ispy1/jsonld/ISPY1-patient-clinical-subset.instance.174.jsonld,extension:.jsonld,2976,ed967b17f160753e1ec9bc3b23f7e3bb3e4c739fcea6ccc4f93e8f03e1522e8c,fetched,parsed,json-ld,false,0,0,0,0,0,,
457686615,OP-TED/ted-rdf-mapping,2004fef480fe38706a5f15dc8db89806d005077d,mappings/package_F03/output/form_number_F03_2021/000163-2021/000163-2021.ttl,extension:.ttl,13250,8de6eea5f9eb3cb394ef8c24978a94d4e48745a0951334c000dba31290e9fd25,fetched,parsed,turtle,false,0,0,0,0,0,,
457686615,OP-TED/ted-rdf-mapping,2004fef480fe38706a5f15dc8db89806d005077d,mappings/package_F03/output/form_number_F03_2021/002705-2021/002705-2021.ttl,extension:.ttl,84015,f43144357a9c24080b7fa478188a8b747c91cb9e7b19dfd3fd07b9d2e4e6301a,fetched,parsed,turtle,false,0,0,0,0,0,,
457686615,OP-TED/ted-rdf-mapping,2004fef480fe38706a5f15dc8db89806d005077d,mappings/package_F03/output/form_number_F03_2021/006737-2021/006737-2021.ttl,extension:.ttl,10981,4639992913cc338be39ce75c4b94beb4e8a4b8dc212cadf22d91edfaad114e43,fetched,parsed,turtle,false,0,0,0,0,0,,
457686615,OP-TED/ted-rdf-mapping,2004fef480fe38706a5f15dc8db89806d005077d,mappings/package_F03/output/form_number_F03_2021/013921-2021/013921-2021.ttl,extension:.ttl,13309,858433299fe9a1b38e010dacfe8a52bfa163515c2af9df896e289906c012384f,fetched,parsed,turtle,false,0,0,0,0,0,,
457686615,OP-TED/ted-rdf-mapping,2004fef480fe38706a5f15dc8db89806d005077d,mappings/package_F03/output/form_number_F03_2021/019698-2021/019698-2021.ttl,extension:.ttl,60836,4b4d8cfe32353300e1b95c7615a6d15e8091851aac4d73c7f671bfbce43e8ca1,fetched,parsed,turtle,false,0,0,0,0,0,,
457686615,OP-TED/ted-rdf-mapping,2004fef480fe38706a5f15dc8db89806d005077d,mappings/package_F03/output/form_number_F03_2021/029476-2021/029476-2021.ttl,extension:.ttl,19427,24bdc54e342618eec00da5ecdc0603c41eaa75a94041f72f335ec862247a7551,fetched,parsed,turtle,false,0,0,0,0,0,,
457686615,OP-TED/ted-rdf-mapping,2004fef480fe38706a5f15dc8db89806d005077d,mappings/package_F03/output/form_number_F03_2021/042126-2021/042126-2021.ttl,extension:.ttl,15355,25d5a65b3b4cdad91ad79ae21e687e4af9744ea2aa379092528ba38bbf75ab0f,fetched,parsed,turtle,false,0,0,0,0,0,,
457686615,OP-TED/ted-rdf-mapping,2004fef480fe38706a5f15dc8db89806d005077d,mappings/package_F03/output/form_number_F03_2021/046890-2021/046890-2021.ttl,extension:.ttl,15366,1bfb31035bfc577e19da31f3ffcd57db9ba6c2342930fadec664b41158e6974d,fetched,parsed,turtle,false,0,0,0,0,0,,
457686615,OP-TED/ted-rdf-mapping,2004fef480fe38706a5f15dc8db89806d005077d,mappings/package_F03/output/form_number_F03_2021/056148-2021/056148-2021.ttl,extension:.ttl,16145,d52732773d85d6ac1a44ca8339651eb6567b80aa6c4cd0cc63f4130d3c440581,fetched,parsed,turtle,false,0,0,0,0,0,,
457686615,OP-TED/ted-rdf-mapping,2004fef480fe38706a5f15dc8db89806d005077d,mappings/package_F03/output/form_number_F03_2021/131568-2021/131568-2021.ttl,extension:.ttl,28162,6c47c399470d3bb1809a0b3ab95cb2e80fef4152dda66da358ebad95a5080fe9,fetched,parsed,turtle,false,0,0,0,0,0,,
457686615,OP-TED/ted-rdf-mapping,2004fef480fe38706a5f15dc8db89806d005077d,mappings/package_F03/output/form_number_F03_2021/135100-2021/135100-2021.ttl,extension:.ttl,12152,b7e58f7d2308a5979409ffc390b7bab1fbde87039ce9f3bfccc998300ef1a5f8,fetched,parsed,turtle,false,0,0,0,0,0,,
457686615,OP-TED/ted-rdf-mapping,2004fef480fe38706a5f15dc8db89806d005077d,mappings/package_F03/output/form_number_F03_2021/148511-2021/148511-2021.ttl,extension:.ttl,84650,3b5e332d0bf03809a7bb83966b6af5b73562c7646b6aa41e3b3da75212a1e61c,fetched,parsed,turtle,false,0,0,0,0,0,,
457686615,OP-TED/ted-rdf-mapping,2004fef480fe38706a5f15dc8db89806d005077d,mappings/package_F03/output/form_number_F03_2021/160659-2021/160659-2021.ttl,extension:.ttl,10797,16ffe22825e85bb6079654339ca9b2bd958a91948489e8d93e71114b04739a13,fetched,parsed,turtle,false,0,0,0,0,0,,
457686615,OP-TED/ted-rdf-mapping,2004fef480fe38706a5f15dc8db89806d005077d,mappings/package_F03/output/form_number_F03_2021/183277-2021/183277-2021.ttl,extension:.ttl,9665,e7ef426117434fc4599ea4accb7512470d958b4add8f4863793b67e64912a956,fetched,parsed,turtle,false,0,0,0,0,0,,
457686615,OP-TED/ted-rdf-mapping,2004fef480fe38706a5f15dc8db89806d005077d,mappings/package_F03/output/form_number_F03_2021/214679-2021/214679-2021.ttl,extension:.ttl,14796,c1540f075ba034ddc0622316b14991abeb161b2cf30ad2d4614cdfe52641ee79,fetched,parsed,turtle,false,0,0,0,0,0,,
457686615,OP-TED/ted-rdf-mapping,2004fef480fe38706a5f15dc8db89806d005077d,mappings/package_F03/output/form_number_F03_2021/234762-2021/234762-2021.ttl,extension:.ttl,10682,5461504b1819dcb47e2dc1230a2966cc1ab92e7a4d0130aa8d8a2a763b5f2248,fetched,parsed,turtle,false,0,0,0,0,0,,
457686615,OP-TED/ted-rdf-mapping,2004fef480fe38706a5f15dc8db89806d005077d,mappings/package_F03/output/form_number_F03_2021/270899-2021/270899-2021.ttl,extension:.ttl,15201,2c15b0c3fb717c4562a6a2431519208b97586a9730cbb493db5a755fe3ab90ff,fetched,parsed,turtle,false,0,0,0,0,0,,
457686615,OP-TED/ted-rdf-mapping,2004fef480fe38706a5f15dc8db89806d005077d,mappings/package_F03/output/form_number_F03_2021/280011-2021/280011-2021.ttl,extension:.ttl,17997,02f01f3d9796c389ec51e20e969efbfe4af9171c4d2dba5b43e07f99dd636a27,fetched,parsed,turtle,false,0,0,0,0,0,,
457686615,OP-TED/ted-rdf-mapping,2004fef480fe38706a5f15dc8db89806d005077d,mappings/package_F03/output/form_number_F03_2021/292273-2021/292273-2021.ttl,extension:.ttl,11486,0c8f8e2f6da0c1c8b365b25a09265c867cb9589447d8f3bfb9c9dd2b4bd2b79c,fetched,parsed,turtle,false,0,0,0,0,0,,
457686615,OP-TED/ted-rdf-mapping,2004fef480fe38706a5f15dc8db89806d005077d,mappings/package_F03/output/form_number_F03_2021/292288-2021/292288-2021.ttl,extension:.ttl,27201,61fe63164243c29df28cbaf6f6824e0daf650d64b69d9f1bfe7193c691087ba6,fetched,parsed,turtle,false,0,0,0,0,0,,
457686615,OP-TED/ted-rdf-mapping,2004fef480fe38706a5f15dc8db89806d005077d,mappings/package_F03/output/form_number_F03_2021/300414-2021/300414-2021.ttl,extension:.ttl,12268,287132e4c78a4ca848dbbcf381c2d1a0aa39531a8ce3591f132ef61176c7176b,fetched,parsed,turtle,false,0,0,0,0,0,,
457686615,OP-TED/ted-rdf-mapping,2004fef480fe38706a5f15dc8db89806d005077d,mappings/package_F03/output/form_number_F03_2021/325008-2021/325008-2021.ttl,extension:.ttl,26670,7806cb9b232865dd09a39a4475a0c246c351b40b3c7ab43b6d84dfd52aee8d80,fetched,parsed,turtle,false,0,0,0,0,0,,
457686615,OP-TED/ted-rdf-mapping,2004fef480fe38706a5f15dc8db89806d005077d,mappings/package_F03/output/form_number_F03_2021/337360-2021/337360-2021.ttl,extension:.ttl,11773,822fcc3138fc83cd85936d785acbbc23442a0dfee15c3d5b6ba3706e15e79894,fetched,parsed,turtle,false,0,0,0,0,0,,
457686615,OP-TED/ted-rdf-mapping,2004fef480fe38706a5f15dc8db89806d005077d,mappings/package_F03/output/form_number_F03_2021/348503-2021/348503-2021.ttl,extension:.ttl,13658,96a4f36dff3b63448bbe166048245eaa514a59ed02a01671e0b9f145b6cbbca6,fetched,parsed,turtle,false,0,0,0,0,0,,
457686615,OP-TED/ted-rdf-mapping,2004fef480fe38706a5f15dc8db89806d005077d,mappings/package_F03/output/form_number_F03_2021/358415-2022/358415-2022.ttl,extension:.ttl,10332,5013c4c5bb98a29c16d44a3428842b73726edfd3b5ae2ca666f689eced23167d,fetched,parsed,turtle,false,0,0,0,0,0,,
457686615,OP-TED/ted-rdf-mapping,2004fef480fe38706a5f15dc8db89806d005077d,mappings/package_F03/output/form_number_F03_2021/366836-2021/366836-2021.ttl,extension:.ttl,30422,e3a09e43abbc048402a60e0b7d64b2fc2234755d4c6eec4653e30cafadbd1b7c,fetched,parsed,turtle,false,0,0,0,0,0,,
457686615,OP-TED/ted-rdf-mapping,2004fef480fe38706a5f15dc8db89806d005077d,mappings/package_F03/output/form_number_F03_2021/373713-2021/373713-2021.ttl,extension:.ttl,26849,52183f36668cb8ebab4f53eb6eb0e63c8bca5d0c23fc0c13768b5021572199b2,fetched,parsed,turtle,false,0,0,0,0,0,,
457686615,OP-TED/ted-rdf-mapping,2004fef480fe38706a5f15dc8db89806d005077d,mappings/package_F03/output/form_number_F03_2021/377668-2021/377668-2021.ttl,extension:.ttl,21437,cb1ab5b371f64b3d674844e3027df338adcdc12eb24a4e7665af715ee310783d,fetched,parsed,turtle,false,0,0,0,0,0,,
457686615,OP-TED/ted-rdf-mapping,2004fef480fe38706a5f15dc8db89806d005077d,mappings/package_F03/output/form_number_F03_2021/431462-2021/431462-2021.ttl,extension:.ttl,23539,a4a12053fe69f87b7ab44333141db52d9686566edc81df1fa132d2df0a97f8f1,fetched,parsed,turtle,false,0,0,0,0,0,,
457686615,OP-TED/ted-rdf-mapping,2004fef480fe38706a5f15dc8db89806d005077d,mappings/package_F03/output/form_number_F03_2021/503174-2021/503174-2021.ttl,extension:.ttl,12258,fbd6b6941a6265a3135483d49aa3b59c51f618186d15d8a536bea1ee7ffdc831,fetched,parsed,turtle,false,0,0,0,0,0,,
457686615,OP-TED/ted-rdf-mapping,2004fef480fe38706a5f15dc8db89806d005077d,mappings/package_F03/output/form_number_F03_2021/661127-2021/661127-2021.ttl,extension:.ttl,15871,b2ea143c811b38df7ec4f8de95579eaa6112086b6ada1cbd0d2e53628e1955b5,fetched,parsed,turtle,false,0,0,0,0,0,,
457686615,OP-TED/ted-rdf-mapping,2004fef480fe38706a5f15dc8db89806d005077d,mappings/package_F03/output/form_number_F03_2021/663165-2021/663165-2021.ttl,extension:.ttl,14979,7ffac7c7fca5c6ffc4b4e8c3af2a790c11da295cf2d3bf54add0f94542057cfd,fetched,parsed,turtle,false,0,0,0,0,0,,
457686615,OP-TED/ted-rdf-mapping,2004fef480fe38706a5f15dc8db89806d005077d,mappings/package_F03/output/form_number_F03_S01/025647-2017/025647-2017.ttl,extension:.ttl,28021,becbe0d06056a01dec88b8059b1568586e8c637223858f89cac6b4537c40ed6f,fetched,parsed,turtle,false,0,0,0,0,0,,
457686615,OP-TED/ted-rdf-mapping,2004fef480fe38706a5f15dc8db89806d005077d,mappings/package_F03/output/form_number_F03_S01/036613-2017/036613-2017.ttl,extension:.ttl,100926,62ca7f6c9cdc78c938c179f6054796921af840e691ae3b7a09377c76e341ec36,fetched,parsed,turtle,false,0,0,0,0,0,,
457686615,OP-TED/ted-rdf-mapping,2004fef480fe38706a5f15dc8db89806d005077d,mappings/package_F03/output/form_number_F03_S01/078788-2017/078788-2017.ttl,extension:.ttl,22197,734aab93963014af2637af3f8c7a5f16ebeb5f55aa5f724cacf5269e5c2ce728,fetched,parsed,turtle,false,0,0,0,0,0,,
457686615,OP-TED/ted-rdf-mapping,2004fef480fe38706a5f15dc8db89806d005077d,mappings/package_F03/output/form_number_F03_S01/095861-2017/095861-2017.ttl,extension:.ttl,20075,9324655f7bfc7304160a1c41b711b18d8aeda7aff2bc94251bc94b58b91b7cdd,fetched,parsed,turtle,false,0,0,0,0,0,,
457686615,OP-TED/ted-rdf-mapping,2004fef480fe38706a5f15dc8db89806d005077d,mappings/package_F03/output/form_number_F03_S01/142024-2017/142024-2017.ttl,extension:.ttl,10880,09a9eb06ab26efdcab3914772f196e44e3b5f41f5a5dd277aede8235c94607ba,fetched,parsed,turtle,false,0,0,0,0,0,,
457686615,OP-TED/ted-rdf-mapping,2004fef480fe38706a5f15dc8db89806d005077d,mappings/package_F03/output/form_number_F03_S01/146541-2017/146541-2017.ttl,extension:.ttl,53952,e267059383ba709656e165992e878f9f48322d0163228cf966b4f5675832017b,fetched,parsed,turtle,false,0,0,0,0,0,,
457686615,OP-TED/ted-rdf-mapping,2004fef480fe38706a5f15dc8db89806d005077d,mappings/package_F03/output/form_number_F03_S01/153994-2017/153994-2017.ttl,extension:.ttl,15099,09e5da0dba5fa956452c8edb7e32ce2e34349cd78d71478b2329ee8e354634a6,fetched,parsed,turtle,false,0,0,0,0,0,,
457686615,OP-TED/ted-rdf-mapping,2004fef480fe38706a5f15dc8db89806d005077d,mappings/package_F03/output/form_number_F03_S01/165110-2017/165110-2017.ttl,extension:.ttl,14413,b99865db18d5b8d416aae4b208149e0f4a8100d49acaf94a192f27c8dbd47e32,fetched,parsed,turtle,false,0,0,0,0,0,,
457686615,OP-TED/ted-rdf-mapping,2004fef480fe38706a5f15dc8db89806d005077d,mappings/package_F03/output/form_number_F03_S01/171746-2017/171746-2017.ttl,extension:.ttl,14666,d43b27395ee5997d061b9d54d3ccf1c4cc2a20b9471ff81e334ec8e7ae921dcc,fetched,parsed,turtle,false,0,0,0,0,0,,
457686615,OP-TED/ted-rdf-mapping,2004fef480fe38706a5f15dc8db89806d005077d,mappings/package_F03/output/form_number_F03_S01/207833-2017/207833-2017.ttl,extension:.ttl,11351,f80ce09f06786033d5f3aa5db8ca7b304cef2208ff9c90e0572bc7591f5c2c4d,fetched,parsed,turtle,false,0,0,0,0,0,,
457686615,OP-TED/ted-rdf-mapping,2004fef480fe38706a5f15dc8db89806d005077d,mappings/package_F03/output/form_number_F03_S01/223750-2017/223750-2017.ttl,extension:.ttl,16492,2a44a5cdb8376dc34749cfad6b0589d068f3afe74571da60c7d9d6a00a0619b9,fetched,parsed,turtle,false,0,0,0,0,0,,
457686615,OP-TED/ted-rdf-mapping,2004fef480fe38706a5f15dc8db89806d005077d,mappings/package_F03/output/form_number_F03_S01/273048-2016/273048-2016.ttl,extension:.ttl,12317,9c5dc04359fdcb71259dd96b1a11b17c417edc26bbc7321dbc19503a850afb42,fetched,parsed,turtle,false,0,0,0,0,0,,
457686615,OP-TED/ted-rdf-mapping,2004fef480fe38706a5f15dc8db89806d005077d,mappings/package_F03/output/form_number_F03_S01/280005-2016/280005-2016.ttl,extension:.ttl,56006,833bc2db2ac060538c8323bf07d06b732df3184c899a61a697d2575b67e6a23e,fetched,parsed,turtle,false,0,0,0,0,0,,
457686615,OP-TED/ted-rdf-mapping,2004fef480fe38706a5f15dc8db89806d005077d,mappings/package_F03/output/form_number_F03_S01/337268-2016/337268-2016.ttl,extension:.ttl,15141,b6416f5d9af4f886d6c92f3d38daddba05e69da470a15459260140368d073723,fetched,parsed,turtle,false,0,0,0,0,0,,
457686615,OP-TED/ted-rdf-mapping,2004fef480fe38706a5f15dc8db89806d005077d,mappings/package_F03/output/form_number_F03_S01/362730-2016/362730-2016.ttl,extension:.ttl,16204,155aed632a8ddb970c48a301b6d1a5ebce791c042e176af3fe9c34ee9be40e11,fetched,parsed,turtle,false,0,0,0,0,0,,
457686615,OP-TED/ted-rdf-mapping,2004fef480fe38706a5f15dc8db89806d005077d,mappings/package_F03/output/form_number_F03_S01/374848-2016/374848-2016.ttl,extension:.ttl,15566,6a91860ab75ef26c2e29d1367ed816a77b512b928dd5689fafb383c8fe4eb9cb,fetched,parsed,turtle,false,0,0,0,0,0,,
457686615,OP-TED/ted-rdf-mapping,2004fef480fe38706a5f15dc8db89806d005077d,mappings/package_F03/output/form_number_F03_S01/398934-2016/398934-2016.ttl,extension:.ttl,14579,47f39a2beb8cdd387fcdc3abbadf2d47f93ccf30e39dc591f9920c3d12260176,fetched,parsed,turtle,false,0,0,0,0,0,,
457686615,OP-TED/ted-rdf-mapping,2004fef480fe38706a5f15dc8db89806d005077d,mappings/package_F03/output/form_number_F03_S01/398963-2016/398963-2016.ttl,extension:.ttl,20892,bb8af9b019386edf908849fa2a137604347946c96ad6bcfa1d1301515118cba3,fetched,parsed,turtle,false,0,0,0,0,0,,
457686615,OP-TED/ted-rdf-mapping,2004fef480fe38706a5f15dc8db89806d005077d,mappings/package_F03/output/form_number_F03_S01/404576-2016/404576-2016.ttl,extension:.ttl,12024,976fe4ffa10014e474872c5397838e185bde5927a2895df4bd3689b60d3236c7,fetched,parsed,turtle,false,0,0,0,0,0,,
457686615,OP-TED/ted-rdf-mapping,2004fef480fe38706a5f15dc8db89806d005077d,mappings/package_F03/output/form_number_F03_S01/433728-2016/433728-2016.ttl,extension:.ttl,13007,e855b5ed1d6064ab85337215aa922542e7cd56ac6c4eac797236fa8dddadf4fa,fetched,parsed,turtle,false,0,0,0,0,0,,
457686615,OP-TED/ted-rdf-mapping,2004fef480fe38706a5f15dc8db89806d005077d,mappings/package_F03/output/form_number_F03_S02/018036-2018/018036-2018.ttl,extension:.ttl,10656,022535f44a3387fa737fce0c22e95feecd9a9dd8ec18f89207ff32e14416791a,fetched,parsed,turtle,false,0,0,0,0,0,,
457686615,OP-TED/ted-rdf-mapping,2004fef480fe38706a5f15dc8db89806d005077d,mappings/package_F03/output/form_number_F03_S02/021380-2018/021380-2018.ttl,extension:.ttl,10760,35178f27073aa157c774e0c4404ada4b4d926d9dfc888a23dfc35df581b5849a,fetched,parsed,turtle,false,0,0,0,0,0,,
457686615,OP-TED/ted-rdf-mapping,2004fef480fe38706a5f15dc8db89806d005077d,mappings/package_F03/output/form_number_F03_S02/083598-2018/083598-2018.ttl,extension:.ttl,14835,5fcc79a8e54f81feb8ae59a1946925023e25e4ce7de4db1e5afd25c397ad4369,fetched,parsed,turtle,false,0,0,0,0,0,,
457686615,OP-TED/ted-rdf-mapping,2004fef480fe38706a5f15dc8db89806d005077d,mappings/package_F03/output/form_number_F03_S02/095861-2018/095861-2018.ttl,extension:.ttl,15067,fa4e05e13bd7ca69fb18c9b4283c66b96848f9557584582405c2a8aef4367979,fetched,parsed,turtle,false,0,0,0,0,0,,
457686615,OP-TED/ted-rdf-mapping,2004fef480fe38706a5f15dc8db89806d005077d,mappings/package_F03/output/form_number_F03_S02/112330-2018/112330-2018.ttl,extension:.ttl,100984,9c222765960bb968ed09f84a79666b32c72001020e9c29e619c27b2937ef902f,fetched,parsed,turtle,false,0,0,0,0,0,,
457686615,OP-TED/ted-rdf-mapping,2004fef480fe38706a5f15dc8db89806d005077d,mappings/package_F03/output/form_number_F03_S02/122292-2018/122292-2018.ttl,extension:.ttl,21267,5b431be58f1b5ae1b9c431f380f4f6c14eceaffd764078123197572746cc55af,fetched,parsed,turtle,false,0,0,0,0,0,,
457686615,OP-TED/ted-rdf-mapping,2004fef480fe38706a5f15dc8db89806d005077d,mappings/package_F03/output/form_number_F03_S02/135288-2018/135288-2018.ttl,extension:.ttl,13594,1bb2c35dbc76df9e204c12c7d690bb95f4d012c5cc99a1d3f1b2128eb4ebaa0d,fetched,parsed,turtle,false,0,0,0,0,0,,
457686615,OP-TED/ted-rdf-mapping,2004fef480fe38706a5f15dc8db89806d005077d,mappings/package_F03/output/form_number_F03_S02/142968-2018/142968-2018.ttl,extension:.ttl,12609,28403a2c43fa957fed32813f0b690bfa490244e46025a9ddfc011b6ec8e5b2d8,fetched,parsed,turtle,false,0,0,0,0,0,,
457686615,OP-TED/ted-rdf-mapping,2004fef480fe38706a5f15dc8db89806d005077d,mappings/package_F03/output/form_number_F03_S02/236116-2017/236116-2017.ttl,extension:.ttl,60777,b472d595a4b8b0fb02dcbfd171f317c495c3a71f6014ce4374559bef724a2ff7,fetched,parsed,turtle,false,0,0,0,0,0,,
457686615,OP-TED/ted-rdf-mapping,2004fef480fe38706a5f15dc8db89806d005077d,mappings/package_F03/output/form_number_F03_S02/254891-2017/254891-2017.ttl,extension:.ttl,18005,1d1c9ecd1a8a14aaed0bfb0d1d5e00f19af5570213b18f3c9f927f8ec54108e6,fetched,parsed,turtle,false,0,0,0,0,0,,
457686615,OP-TED/ted-rdf-mapping,2004fef480fe38706a5f15dc8db89806d005077d,mappings/package_F03/output/form_number_F03_S02/267730-2017/267730-2017.ttl,extension:.ttl,34307,3dddea8b885154f2f812c21a05935ed8484756826133b41e38a338dfbfbdbe01,fetched,parsed,turtle,false,0,0,0,0,0,,
457686615,OP-TED/ted-rdf-mapping,2004fef480fe38706a5f15dc8db89806d005077d,mappings/package_F03/output/form_number_F03_S02/273248-2018/273248-2018.ttl,extension:.ttl,13767,5e7473eef23da427d2523384e3966b3bb2265f2d48c68112dfe5fc35751c2312,fetched,parsed,turtle,false,0,0,0,0,0,,
615214940,Informasjonsforvaltning/fdk-mqa-dcat-validator,11a7ac6e4ec0d7c721bf3bdfa309afb05cca8645,src/main/resources/dcat-ap-no_shacl-shapes-2.0.0.ttl,extension:.ttl,45676,e121dccd931330c07648bb23ce19429343622dc4f5ac51176f6be37910ce20fb,fetched,parsed,turtle,true,47,0,915,0,259,rdf:type sh:NodeShape|sh:and|sh:class|sh:datatype|sh:hasValue|sh:maxCount|sh:minCount|sh:node|sh:nodeKind|sh:or|sh:path|sh:pattern|sh:property|sh:qualifiedMinCount|sh:qualifiedValueShape|sh:targetClass|sh:targetObjectsOf,
615214940,Informasjonsforvaltning/fdk-mqa-dcat-validator,11a7ac6e4ec0d7c721bf3bdfa309afb05cca8645,src/test/resources/compliant-dataset-event.ttl,extension:.ttl,2581,17806f6f5485bb5c1119e4b2804107c53a5d56fa8fc8749ab0731905e90d57b5,fetched,parse_error,turtle,false,0,0,0,0,0,,"BadSyntax: at line 45 of <>:
Bad syntax (EOF found after object) at ^ in:
""b'@prefix adms: <http://www.w3.org/ns/adms#> . \n@prefix cpsv: <http://purl.org/vocab/cpsv#> . \n@prefix cpsvno: <https://data.norge.no/vocabulary/cpsvno#> . \n@prefix dcat: <http://www.w3.org/ns/dcat#> . \n@prefix dct: <http://purl.org/dc/terms/> . \n@prefix dqv: <http://www.w3.org/ns/dqv#> . \n@prefix mqa: <https://data.norge.no/vocabulary/dcatno-mqa#> . \n@prefix eli: <http://data.europa.eu/eli/ontology#> . \n@prefix f"
615214940,Informasjonsforvaltning/fdk-mqa-dcat-validator,11a7ac6e4ec0d7c721bf3bdfa309afb05cca8645,src/test/resources/compliant-mqa-event.ttl,extension:.ttl,778,7594ec50b1172edb8a79a1cbc9fbaf94843bf4d42cb00ef437624161e2e2a8a8,fetched,parsed,turtle,false,0,0,0,0,0,,
615214940,Informasjonsforvaltning/fdk-mqa-dcat-validator,11a7ac6e4ec0d7c721bf3bdfa309afb05cca8645,src/test/resources/invalid-dataset-event.ttl,extension:.ttl,3475,ba32a6a3a433236b302ffc98dc27d4496228e12abbbbef98417b5462121fa5b0,fetched,parsed,turtle,false,0,0,0,0,0,,
615214940,Informasjonsforvaltning/fdk-mqa-dcat-validator,11a7ac6e4ec0d7c721bf3bdfa309afb05cca8645,src/test/resources/non-compliant-dataset-event.ttl,extension:.ttl,3628,4d377790b6c52b3748f9fe638b14c695ffa9dff0c5ee81967a605b5ad87105e4,fetched,parsed,turtle,false,0,0,0,0,0,,
615214940,Informasjonsforvaltning/fdk-mqa-dcat-validator,11a7ac6e4ec0d7c721bf3bdfa309afb05cca8645,src/test/resources/non-compliant-mqa-event.ttl,extension:.ttl,759,9f1ed65191f10d97becea4dbf2185b8976dca621c7f4e4eb54e348ab9bd201ec,fetched,parsed,turtle,false,0,0,0,0,0,,
784023525,icsm-au/3d-csdm-profile-icsm,f85d5245f6cb589fde469ee8ccdede9e75bd1f8b,.ogc/catalog.ttl,extension:.ttl,973,2d193506cae3a501fea81f18f703e1246d7f1419933a245118aa4eaf32313989,fetched,parsed,turtle,false,0,0,0,0,0,,
784023525,icsm-au/3d-csdm-profile-icsm,f85d5245f6cb589fde469ee8ccdede9e75bd1f8b,_sources/common/context.jsonld,extension:.jsonld,1112,e14b883e4caa381744052dd72586c0d4717bba4155894ba47e04d1804d8fac50,fetched,parsed,json-ld,false,0,0,0,0,0,,
784023525,icsm-au/3d-csdm-profile-icsm,f85d5245f6cb589fde469ee8ccdede9e75bd1f8b,_sources/datatypes/address/context.jsonld,extension:.jsonld,599,b86c36fea9d447597d9b1278bde8945b934f251f75a7694a5fcd21c9294964dd,fetched,parsed,json-ld,false,0,0,0,0,0,,
784023525,icsm-au/3d-csdm-profile-icsm,f85d5245f6cb589fde469ee8ccdede9e75bd1f8b,_sources/icsm-2d/context.jsonld,extension:.jsonld,23,edb8daded5316f35a7bf34e2df083e7820eab03c0ec5aba737b271b08cfc9a1a,fetched,parsed,json-ld,false,0,0,0,0,0,,
784023525,icsm-au/3d-csdm-profile-icsm,f85d5245f6cb589fde469ee8ccdede9e75bd1f8b,_sources/icsm-3d/context.jsonld,extension:.jsonld,20,4188e2d1c0bc6d60fa580fe5c7bc90ee0cb9108503ae7bf66145fb8f494d0ff8,fetched,parsed,json-ld,false,0,0,0,0,0,,
784023525,icsm-au/3d-csdm-profile-icsm,f85d5245f6cb589fde469ee8ccdede9e75bd1f8b,_sources/icsm-3d/examples/3d-coords-fail.json,sniff:jsonld,4570,fcca53d85ce73a514f45a4695866ce99efc1d337852b70cae73f34380d7cc168,fetched,parsed,json-ld,false,0,0,0,0,0,,
784023525,icsm-au/3d-csdm-profile-icsm,f85d5245f6cb589fde469ee8ccdede9e75bd1f8b,_sources/icsm-3d/examples/3d-obs-fail.json,sniff:jsonld,4554,91839f42e700a0003935155d429e95bcde4061310d26715cbe4b90aacef4f856,fetched,parsed,json-ld,false,0,0,0,0,0,,
784023525,icsm-au/3d-csdm-profile-icsm,f85d5245f6cb589fde469ee8ccdede9e75bd1f8b,build/annotated/profiles/common/context.jsonld,extension:.jsonld,38954,92c7e800905f37442ac35da6a2ab00a7de28a5e6405893a17b118427a507ef6f,fetched,parsed,json-ld,false,0,0,0,0,0,,
784023525,icsm-au/3d-csdm-profile-icsm,f85d5245f6cb589fde469ee8ccdede9e75bd1f8b,build/annotated/profiles/datatypes/address/context.jsonld,extension:.jsonld,472,6ad4fee28e3601821add326c24923d4cde471b07fc7daded934c3a13f31fd4a5,fetched,parsed,json-ld,false,0,0,0,0,0,,
784023525,icsm-au/3d-csdm-profile-icsm,f85d5245f6cb589fde469ee8ccdede9e75bd1f8b,build/annotated/profiles/icsm-2d/context.jsonld,extension:.jsonld,37698,0fdb26fde0d2b2274d87fe9fb061518616db6c3deac8debf118d1a3351d9f5f9,fetched,parsed,json-ld,false,0,0,0,0,0,,
784023525,icsm-au/3d-csdm-profile-icsm,f85d5245f6cb589fde469ee8ccdede9e75bd1f8b,build/annotated/profiles/icsm-3d/context.jsonld,extension:.jsonld,36978,0eaf129b40349a5ec42ea45a42e553e7e96adb8c05c5c26d459692fd5b73db6e,fetched,parsed,json-ld,false,0,0,0,0,0,,
784023525,icsm-au/3d-csdm-profile-icsm,f85d5245f6cb589fde469ee8ccdede9e75bd1f8b,build/bblocks.jsonld,extension:.jsonld,20861,2ec1b518755fa963de39930f08ccd425c5a9343b0109cbeaa2a5f09a8686ee7d,fetched,parsed,json-ld,false,0,0,0,0,0,,
784023525,icsm-au/3d-csdm-profile-icsm,f85d5245f6cb589fde469ee8ccdede9e75bd1f8b,build/bblocks.ttl,extension:.ttl,12338,34c281e4a232a645c6ef7fa507522986836c2a6af3ed5791eb4551b7ec51f86d,fetched,parsed,turtle,false,0,0,0,0,0,,
784023525,icsm-au/3d-csdm-profile-icsm,f85d5245f6cb589fde469ee8ccdede9e75bd1f8b,build/tests/profiles/common/bearing-rotation-fail.jsonld,extension:.jsonld,544,e054cd8ac85add49706aff2f4511895489d4e7bd9e58fbdd4f3516a419751cc3,fetched,parsed,json-ld,false,0,0,0,0,0,,
784023525,icsm-au/3d-csdm-profile-icsm,f85d5245f6cb589fde469ee8ccdede9e75bd1f8b,build/tests/profiles/common/bearing-rotation-fail.ttl,extension:.ttl,765,3cb86585dfbad8ffeeb24a7b0f65763c4ce79b3c3d82a5624b283b4a9f82ba70,fetched,parsed,turtle,false,0,0,0,0,0,,
784023525,icsm-au/3d-csdm-profile-icsm,f85d5245f6cb589fde469ee8ccdede9e75bd1f8b,build/tests/profiles/common/parcel-address-fail.jsonld,extension:.jsonld,20023,d5617f94435f5906b32d6115ab5258cfd173201c55246412bada25972eeeba1f,fetched,parsed,json-ld,false,0,0,0,0,0,,
784023525,icsm-au/3d-csdm-profile-icsm,f85d5245f6cb589fde469ee8ccdede9e75bd1f8b,build/tests/profiles/common/parcel-address-fail.ttl,extension:.ttl,17894,487c5f8a7133d9354e9ac65864ab4fa389ed806d09ba67a2cab2e1ce0404e7f5,fetched,parsed,turtle,false,0,0,0,0,0,,
784023525,icsm-au/3d-csdm-profile-icsm,f85d5245f6cb589fde469ee8ccdede9e75bd1f8b,build/tests/profiles/common/vocabs-scheme-fail.jsonld,extension:.jsonld,1970,dd2fd8fc1b8a223b3549b39ab92d8f6762e412d975c54ac97c48b68d4e510af1,fetched,parsed,json-ld,false,0,0,0,0,0,,
784023525,icsm-au/3d-csdm-profile-icsm,f85d5245f6cb589fde469ee8ccdede9e75bd1f8b,build/tests/profiles/common/vocabs-scheme-fail.ttl,extension:.ttl,2175,2735a9f7fe29e4407d59a5c08cd609974fa1faf6f8a12003278c660c7b1a9703,fetched,parsed,turtle,false,0,0,0,0,0,,
784023525,icsm-au/3d-csdm-profile-icsm,f85d5245f6cb589fde469ee8ccdede9e75bd1f8b,build/tests/profiles/common/vocabs-term-fail.jsonld,extension:.jsonld,2330,3fed78fb7c73b70e81d4aa20ffc9a5922f7021bcde84213b87e4993d39916eac,fetched,parsed,json-ld,false,0,0,0,0,0,,
784023525,icsm-au/3d-csdm-profile-icsm,f85d5245f6cb589fde469ee8ccdede9e75bd1f8b,build/tests/profiles/common/vocabs-term-fail.ttl,extension:.ttl,2588,a373ca1a544c4c12e98002c8ec7bb9c5ff7d522f008c5360abed0667aad6ca66,fetched,parsed,turtle,false,0,0,0,0,0,,
784023525,icsm-au/3d-csdm-profile-icsm,f85d5245f6cb589fde469ee8ccdede9e75bd1f8b,build/tests/profiles/common/vocabs-uri-fail.jsonld,extension:.jsonld,1922,39adb969e6ffbb444342700ee4242bc0e8cf1fd91a2c2222b31c522b6d6f3452,fetched,parsed,json-ld,false,0,0,0,0,0,,
784023525,icsm-au/3d-csdm-profile-icsm,f85d5245f6cb589fde469ee8ccdede9e75bd1f8b,build/tests/profiles/common/vocabs-uri-fail.ttl,extension:.ttl,2156,c3164913ec50c282f7f6efbc0ddf6824d2f02152dbe3619ac4c129bac361c6db,fetched,parsed,turtle,false,0,0,0,0,0,,
784023525,icsm-au/3d-csdm-profile-icsm,f85d5245f6cb589fde469ee8ccdede9e75bd1f8b,build/tests/profiles/datatypes/address/example_1_1.jsonld,extension:.jsonld,293,c6555703059ccc088e05b970856c55081a2af6d4f57dbd7374e13cbc5c23b1cc,fetched,parsed,json-ld,false,0,0,0,0,0,,
784023525,icsm-au/3d-csdm-profile-icsm,f85d5245f6cb589fde469ee8ccdede9e75bd1f8b,build/tests/profiles/datatypes/address/example_1_1.ttl,extension:.ttl,280,4cb4353bc0edc2c3a636462cb9330bbae930746a2d62d85a06a1129f185dea0d,fetched,parsed,turtle,false,0,0,0,0,0,,
784023525,icsm-au/3d-csdm-profile-icsm,f85d5245f6cb589fde469ee8ccdede9e75bd1f8b,build/tests/profiles/datatypes/address/example_2_1.jsonld,extension:.jsonld,250,bf8f018e7b43db3453371e63d4163fb97ea6394b437c3c4141b55af9c1bc9e01,fetched,parsed,json-ld,false,0,0,0,0,0,,
784023525,icsm-au/3d-csdm-profile-icsm,f85d5245f6cb589fde469ee8ccdede9e75bd1f8b,build/tests/profiles/datatypes/address/example_2_1.ttl,extension:.ttl,208,59426c618aa7b248a757158cb0863262e59a809f43c754e198feb3a99a868ada,fetched,parsed,turtle,false,0,0,0,0,0,,
784023525,icsm-au/3d-csdm-profile-icsm,f85d5245f6cb589fde469ee8ccdede9e75bd1f8b,profiles/icsm-common.ttl,extension:.ttl,3110,6ebded857f0b2de8412b1357816540710eea2cc6fe747774d7d0ba7c8dffbd74,fetched,parsed,turtle,true,0,0,0,0,1,,
784023525,icsm-au/3d-csdm-profile-icsm,f85d5245f6cb589fde469ee8ccdede9e75bd1f8b,profiles/icsm-observation-properties.shacl,extension:.shacl,3360,b88b0bffcad266bee7cd103b92d343f7ed9141ee52ea89523b3c5fca8d9538dc,fetched,parsed,turtle,true,5,0,36,0,18,rdf:type sh:NodeShape|sh:maxCount|sh:minCount|sh:nodeKind|sh:path|sh:property|sh:targetClass|sh:targetObjectsOf|sh:targetSubjectsOf,
784023525,icsm-au/3d-csdm-profile-icsm,f85d5245f6cb589fde469ee8ccdede9e75bd1f8b,profiles/icsm-parcel-codetypes-shacl.ttl,extension:.ttl,1964,56fa0898ec74cac876910291d35014fc3118a6da3469ade160513bc34b130e1f,fetched,parsed,turtle,true,2,0,12,0,6,rdf:type sh:NodeShape|sh:minCount|sh:nodeKind|sh:path|sh:property|sh:targetObjectsOf|sh:targetSubjectsOf,
784023525,icsm-au/3d-csdm-profile-icsm,f85d5245f6cb589fde469ee8ccdede9e75bd1f8b,profiles/icsm-point-codetypes-shacl.ttl,extension:.ttl,3961,8131de423b6be2a7064647aac38b8049db90f11d110e456fbb34a44dacf9e886,fetched,parsed,turtle,true,6,0,37,0,21,rdf:type sh:NodeShape|sh:class|sh:path|sh:property|sh:targetClass|sh:targetObjectsOf,
784023525,icsm-au/3d-csdm-profile-icsm,f85d5245f6cb589fde469ee8ccdede9e75bd1f8b,profiles/icsm-profile-shacl.ttl,extension:.ttl,1398,55047578fe26d709f7db7a8962751172e87409e1fdd25435a750d4c7a6ba7b91,fetched,parsed,turtle,true,0,0,0,0,0,,
784023525,icsm-au/3d-csdm-profile-icsm,f85d5245f6cb589fde469ee8ccdede9e75bd1f8b,profiles/icsm-references-shacl.ttl,extension:.ttl,2354,6a27bf1cad605487ffd624d7c6f411368adaeb2ac579101b847810e810262a6b,fetched,parsed,turtle,true,1,0,2,2,2,rdf:type sh:NodeShape|sh:select|sh:sparql|sh:targetSubjectsOf,
784023525,icsm-au/3d-csdm-profile-icsm,f85d5245f6cb589fde469ee8ccdede9e75bd1f8b,profiles/icsm-survey-metadata-shacl.ttl,extension:.ttl,5848,577b7435e8fc715a9357017fd3d0d24c6c5e23193496f2c6be5a88d32e008fb7,fetched,parsed,turtle,true,6,0,50,0,23,rdf:type sh:NodeShape|sh:class|sh:minCount|sh:path|sh:property|sh:targetClass|sh:targetSubjectsOf,
784023525,icsm-au/3d-csdm-profile-icsm,f85d5245f6cb589fde469ee8ccdede9e75bd1f8b,profiles/icsm-vocab-bindings.jsonld,extension:.jsonld,2994,716d6f1381cf9be210b4b0f7b6cb66049954efd49bf6549c6a95c6163839924c,fetched,parsed,json-ld,true,0,0,3,0,0,sh:targetClass,
784023525,icsm-au/3d-csdm-profile-icsm,f85d5245f6cb589fde469ee8ccdede9e75bd1f8b,profiles/icsm-vocab-bindings.ttl,extension:.ttl,2539,f62a6f1c5d508ccb263aa9d164a02e059a62358d64a553bf233ffa1e81d2ff53,fetched,parsed,turtle,true,0,0,3,0,0,sh:targetClass,
784023525,icsm-au/3d-csdm-profile-icsm,f85d5245f6cb589fde469ee8ccdede9e75bd1f8b,profiles/icsm-vocab-labels.jsonld,extension:.jsonld,1810,6a93e968cf142e775a3ae59b2c1565f0660e8dc0bba5db2d8f23fd05e3d44ca3,fetched,parsed,json-ld,true,0,0,0,0,0,,
784023525,icsm-au/3d-csdm-profile-icsm,f85d5245f6cb589fde469ee8ccdede9e75bd1f8b,profiles/icsm-vocab-labels.ttl,extension:.ttl,1730,c598c0d1afb0238cca7704f1d16cac7c7e815a4b683dc51146ee74bde613f844,fetched,parsed,turtle,false,0,0,0,0,0,,
938809221,sebastians1999/federated-sparql-rag-agent,a064b7529e66a7f30504ce243d96961d52603900,experiments/experiment_data/LtM backup runs/run_1/ev_2025-05-06_22-14-46/109_Distribution_of_reactions_according_to_the_first_level_of_enzyme_classification_comparison.ttl,extension:.ttl,1554,39b0e64c774a75aaa27a4fcc75e01e255e324afaaa8ca480213e46a3169a9f5d,fetched,parse_error,turtle,false,0,0,0,0,0,,"BadSyntax: at line 4 of <>:
Bad syntax (expected directive or statement) at ^ in:
""b'\n# Natural Language Question\n# =======================\n'^b'Distribution of reactions according to the first level of en'..."""
938809221,sebastians1999/federated-sparql-rag-agent,a064b7529e66a7f30504ce243d96961d52603900,experiments/experiment_data/LtM backup runs/run_1/ev_2025-05-06_22-14-46/112_Total_number_of_reaction_ec_protein_links_comparison.ttl,extension:.ttl,1211,ee46981349bed2bc980aa0a8fe52cdde5c9e1bbcdc0cb4b08becef352ab1d291,fetched,parse_error,turtle,false,0,0,0,0,0,,"BadSyntax: at line 4 of <>:
Bad syntax (expected directive or statement) at ^ in:
""b'\n# Natural Language Question\n# =======================\n'^b'Total number of <reaction> <ec> <protein> links\n\n# Target En'..."""
938809221,sebastians1999/federated-sparql-rag-agent,a064b7529e66a7f30504ce243d96961d52603900,experiments/experiment_data/LtM backup runs/run_1/ev_2025-05-06_22-14-46/115_Retrieve_the_set_of_metabolites_involved_in_reactions_catalyzed_by_human_genes_HUMAN_reference_proteome_comparison.ttl,extension:.ttl,2262,e4ba22384e2d915d12d2c6c61d661e8b0def98de857cba9594b9cdc09a354e47,fetched,parse_error,turtle,false,0,0,0,0,0,,"BadSyntax: at line 4 of <>:
Bad syntax (expected directive or statement) at ^ in:
""b'\n# Natural Language Question\n# =======================\n'^b'Retrieve the set of metabolites involved in reactions cataly'..."""
938809221,sebastians1999/federated-sparql-rag-agent,a064b7529e66a7f30504ce243d96961d52603900,experiments/experiment_data/LtM backup runs/run_1/ev_2025-05-06_22-14-46/116_biosodafrontend_rabit_mouse_orthologs_comparison.ttl,extension:.ttl,2419,0043ea1c5021b9f2b550544e12e632ea1ffd47274a7a8eecbe9aa927ae1a48ad,fetched,parse_error,turtle,false,0,0,0,0,0,,"BadSyntax: at line 4 of <>:
Bad syntax (expected directive or statement) at ^ in:
""b'\n# Natural Language Question\n# =======================\n'^b""Rabbit's proteins encoded by genes that are orthologous to M""..."""
938809221,sebastians1999/federated-sparql-rag-agent,a064b7529e66a7f30504ce243d96961d52603900,experiments/experiment_data/LtM backup runs/run_1/ev_2025-05-06_22-14-46/117_Retrieve_parent_reactions_and_their_catalyzing_enzymes_for_a_metabolite_that_is_not_directly_involved_in_a_reaction_comparison.ttl,extension:.ttl,3163,468e9ae9e1e85060a4f87c5a7d3d5f86b2a805a2ff89b6e67e36cbe90440cc79,fetched,parse_error,turtle,false,0,0,0,0,0,,"BadSyntax: at line 4 of <>:
Bad syntax (expected directive or statement) at ^ in:
""b'\n# Natural Language Question\n# =======================\n'^b'Retrieve parent reactions (and their catalyzing enzymes) for'..."""
938809221,sebastians1999/federated-sparql-rag-agent,a064b7529e66a7f30504ce243d96961d52603900,experiments/experiment_data/LtM backup runs/run_1/ev_2025-05-06_22-14-46/117_biosodafrontend_glioblastoma_orthologs_rat_comparison.ttl,extension:.ttl,2576,2d69c3aba388e5f091e4c556ca745b703f2a39633112f6ae49a09f94dcc5dcae,fetched,parse_error,turtle,false,0,0,0,0,0,,"BadSyntax: at line 4 of <>:
Bad syntax (expected directive or statement) at ^ in:
""b'\n# Natural Language Question\n# =======================\n'^b'Which are the proteins associated with glioblastoma and the '..."""
938809221,sebastians1999/federated-sparql-rag-agent,a064b7529e66a7f30504ce243d96961d52603900,experiments/experiment_data/LtM backup runs/run_1/ev_2025-05-06_22-14-46/118_biosodafrontend_rat_brain_human_cancer_comparison.ttl,extension:.ttl,3045,bfe76195df8ea772fcd434c5faf82a13a2381e805e191d452274ef8b2960a15d,fetched,parse_error,turtle,false,0,0,0,0,0,,"BadSyntax: at line 4 of <>:
Bad syntax (expected directive or statement) at ^ in:
""b'\n# Natural Language Question\n# =======================\n'^b'What are the Homo sapiens genes associated with cancer and t'..."""
938809221,sebastians1999/federated-sparql-rag-agent,a064b7529e66a7f30504ce243d96961d52603900,experiments/experiment_data/LtM backup runs/run_1/ev_2025-05-06_22-14-46/11_comparison.ttl,extension:.ttl,1736,945da306282e1d1d7d428b41b69e4c36fe0bed61851706c3f03d73b998529998,fetched,parse_error,turtle,false,0,0,0,0,0,,"BadSyntax: at line 4 of <>:
Bad syntax (expected directive or statement) at ^ in:
""b'\n# Natural Language Question\n# =======================\n'^b'Distribution of reactions according to the first class of th'..."""
938809221,sebastians1999/federated-sparql-rag-agent,a064b7529e66a7f30504ce243d96961d52603900,experiments/experiment_data/LtM backup runs/run_1/ev_2025-05-06_22-14-46/12_comparison.ttl,extension:.ttl,1549,b2d1339b0139cff541658ada6e8c60fb607d35f49f58a967a129df95e20aebc5,fetched,parse_error,turtle,false,0,0,0,0,0,,"BadSyntax: at line 4 of <>:
Bad syntax (expected directive or statement) at ^ in:
""b'\n# Natural Language Question\n# =======================\n'^b'Select all Rhea reactions linked to protein sequences (enzym'..."""
938809221,sebastians1999/federated-sparql-rag-agent,a064b7529e66a7f30504ce243d96961d52603900,experiments/experiment_data/LtM backup runs/run_1/ev_2025-05-06_22-14-46/16_comparison.ttl,extension:.ttl,2344,78871f36e63d83c78df18e8c9214cd0dcad137a7c786177fa76303f5e3ad3974,fetched,parse_error,turtle,false,0,0,0,0,0,,"BadSyntax: at line 4 of <>:
Bad syntax (expected directive or statement) at ^ in:
""b'\n# Natural Language Question\n# =======================\n'^b'For a given lipid (SWISSLIPID:000399814, Ceramide), return a'..."""
938809221,sebastians1999/federated-sparql-rag-agent,a064b7529e66a7f30504ce243d96961d52603900,experiments/experiment_data/LtM backup runs/run_1/ev_2025-05-06_22-14-46/18_comparison.ttl,extension:.ttl,1741,92c7201dbb17f67e853d203b176c35c94b37ac8841957bb857d165596392eeab,fetched,parse_error,turtle,false,0,0,0,0,0,,"BadSyntax: at line 4 of <>:
Bad syntax (expected directive or statement) at ^ in:
""b'\n# Natural Language Question\n# =======================\n'^b'Use <a href=""https://idsm.elixir-czech.cz/sparql"">IDSM Sache'..."""
938809221,sebastians1999/federated-sparql-rag-agent,a064b7529e66a7f30504ce243d96961d52603900,experiments/experiment_data/LtM backup runs/run_1/ev_2025-05-06_22-14-46/19_draft_human_metabolome_comparison.ttl,extension:.ttl,1207,78b8ea85fb63600d7cf7a2f52f068a2e46eea0e799a57775685cde855008d424,fetched,parse_error,turtle,true,0,0,0,0,0,,"BadSyntax: at line 4 of <>:
Bad syntax (expected directive or statement) at ^ in:
""b'\n# Natural Language Question\n# =======================\n'^b'Generate a draft human metabolome\n\n# Target Endpoint\n# ====='..."""
938809221,sebastians1999/federated-sparql-rag-agent,a064b7529e66a7f30504ce243d96961d52603900,experiments/experiment_data/LtM backup runs/run_1/ev_2025-05-06_22-14-46/20_search_chemical_names_in_japanese_comparison.ttl,extension:.ttl,1252,0ee4fbb278c925f7186677c15c000a2764b4ffc73f5855299fbecd1fd14f6701,fetched,parse_error,turtle,false,0,0,0,0,0,,"BadSyntax: at line 4 of <>:
Bad syntax (expected directive or statement) at ^ in:
""b'\n# Natural Language Question\n# =======================\n'^b'Search for Chemical names starting in Japanese, translated t'..."""
938809221,sebastians1999/federated-sparql-rag-agent,a064b7529e66a7f30504ce243d96961d52603900,experiments/experiment_data/LtM backup runs/run_1/ev_2025-05-06_22-14-46/29_comparison.ttl,extension:.ttl,1613,173c3d5afb40366d493864eb0d543555ae1f55f6b18f4e6c2a119c14e36e39b9,fetched,parse_error,turtle,false,0,0,0,0,0,,"BadSyntax: at line 4 of <>:
Bad syntax (expected directive or statement) at ^ in:
""b'\n# Natural Language Question\n# =======================\n'^b'Use <a href=""http://allie.dbcls.jp/"">ALLIE</a> a service for'..."""
938809221,sebastians1999/federated-sparql-rag-agent,a064b7529e66a7f30504ce243d96961d52603900,experiments/experiment_data/LtM backup runs/run_1/ev_2025-05-06_22-14-46/34_comparison.ttl,extension:.ttl,1601,f363cc373b50c4b861805b1388acded11916237b032b988fe0a6b235ec8b43bb,fetched,parse_error,turtle,false,0,0,0,0,0,,"BadSyntax: at line 4 of <>:
Bad syntax (expected directive or statement) at ^ in:
""b'\n# Natural Language Question\n# =======================\n'^b'Lipids affected by human enzymes\n\n# Target Endpoint\n# ======'..."""
938809221,sebastians1999/federated-sparql-rag-agent,a064b7529e66a7f30504ce243d96961d52603900,experiments/experiment_data/LtM backup runs/run_1/ev_2025-05-06_22-14-46/36_comparison.ttl,extension:.ttl,1607,e42ba2f4e26cadc9536f54b13cf6a23b61a683857f31506f7e4a57a9c8760a8f,fetched,parse_error,turtle,false,0,0,0,0,0,,"BadSyntax: at line 4 of <>:
Bad syntax (expected directive or statement) at ^ in:
""b'\n# Natural Language Question\n# =======================\n'^b'Find the orthologous proteins for UniProtKB entry P05067 usi'..."""
938809221,sebastians1999/federated-sparql-rag-agent,a064b7529e66a7f30504ce243d96961d52603900,experiments/experiment_data/LtM backup runs/run_1/ev_2025-05-06_22-14-46/38_comparison.ttl,extension:.ttl,1922,dbd7bcff716be3c633fda374aff2c7115bc65d952ca0f8d427c2e8b8355a2d5f,fetched,parse_error,turtle,false,0,0,0,0,0,,"BadSyntax: at line 4 of <>:
Bad syntax (expected directive or statement) at ^ in:
""b'\n# Natural Language Question\n# =======================\n'^b'For the human entry P05067 (Amyloid-beta precursor protein) '..."""
938809221,sebastians1999/federated-sparql-rag-agent,a064b7529e66a7f30504ce243d96961d52603900,experiments/experiment_data/LtM backup runs/run_1/ev_2025-05-06_22-14-46/40_comparison.ttl,extension:.ttl,2179,57f2b3cd8efe46fb8ee974509ad670f81666865abec52e406e40a0b593df8e44,fetched,parse_error,turtle,false,0,0,0,0,0,,"BadSyntax: at line 4 of <>:
Bad syntax (expected directive or statement) at ^ in:
""b'\n# Natural Language Question\n# =======================\n'^b'Retrieve human enzymes that metabolize sphingolipids and are'..."""
938809221,sebastians1999/federated-sparql-rag-agent,a064b7529e66a7f30504ce243d96961d52603900,experiments/experiment_data/LtM backup runs/run_1/ev_2025-05-06_22-14-46/42_comparison.ttl,extension:.ttl,1484,b8720507647374d645722c914e9a6d203012b591a22c13993c183311ef4aefd6,fetched,parse_error,turtle,false,0,0,0,0,0,,"BadSyntax: at line 4 of <>:
Bad syntax (expected directive or statement) at ^ in:
""b'\n# Natural Language Question\n# =======================\n'^b'Connect patents cited in UniProtKB with those in the patent '..."""
938809221,sebastians1999/federated-sparql-rag-agent,a064b7529e66a7f30504ce243d96961d52603900,experiments/experiment_data/LtM backup runs/run_1/ev_2025-05-06_22-14-46/43_comparison.ttl,extension:.ttl,1867,dbb91ac22afb020aaee2aaa4d5897641ffba4f3939196ee3593037e4eb549638,fetched,parse_error,turtle,false,0,0,0,0,0,,"BadSyntax: at line 4 of <>:
Bad syntax (expected directive or statement) at ^ in:
""b'\n# Natural Language Question\n# =======================\n'^b'Connect patents cited in UniProtKB with those in the patent '..."""
938809221,sebastians1999/federated-sparql-rag-agent,a064b7529e66a7f30504ce243d96961d52603900,experiments/experiment_data/LtM backup runs/run_1/ev_2025-05-06_22-14-46/45_comparison.ttl,extension:.ttl,3833,39b867c9fb5033b01111de27e2b096687458de0b4685be22136df81cb33998b4,fetched,parse_error,turtle,false,0,0,0,0,0,,"BadSyntax: at line 4 of <>:
Bad syntax (expected directive or statement) at ^ in:
""b'\n# Natural Language Question\n# =======================\n'^b'Retrieve drugs that target human enzymes involved in sterol '..."""
938809221,sebastians1999/federated-sparql-rag-agent,a064b7529e66a7f30504ce243d96961d52603900,experiments/experiment_data/LtM backup runs/run_1/ev_2025-05-06_22-14-46/49_comparison.ttl,extension:.ttl,2851,591ccb35c53213482c215f82f2b2931b84441b0b0292733a2a452b79ac4222cc,fetched,parse_error,turtle,false,0,0,0,0,0,,"BadSyntax: at line 4 of <>:
Bad syntax (expected directive or statement) at ^ in:
""b'\n# Natural Language Question\n# =======================\n'^b'Retrieve the UniProtKB proteins, their catalyzed Rhea reacti'..."""
938809221,sebastians1999/federated-sparql-rag-agent,a064b7529e66a7f30504ce243d96961d52603900,experiments/experiment_data/LtM backup runs/run_1/ev_2025-05-06_22-14-46/51_comparison.ttl,extension:.ttl,1554,b338e5ba468cc79c3c3005b1692b80496feefb8f03ae134ded0a4d3fc04e705d,fetched,parse_error,turtle,false,0,0,0,0,0,,"BadSyntax: at line 4 of <>:
Bad syntax (expected directive or statement) at ^ in:
""b'\n# Natural Language Question\n# =======================\n'^b'Find all proteins linked to arachidonate (CHEBI:32395)\n\n# Ta'..."""
938809221,sebastians1999/federated-sparql-rag-agent,a064b7529e66a7f30504ce243d96961d52603900,experiments/experiment_data/LtM backup runs/run_1/ev_2025-05-06_22-14-46/52_comparison.ttl,extension:.ttl,4234,5b0ff1708df59630af540715587242ca13e453ee1f9422db50ddbdf57f819eda,fetched,parse_error,turtle,false,0,0,0,0,0,,"BadSyntax: at line 4 of <>:
Bad syntax (expected directive or statement) at ^ in:
""b'\n# Natural Language Question\n# =======================\n'^b'Retrieve drugs that target human enzymes involved in sterol '..."""
938809221,sebastians1999/federated-sparql-rag-agent,a064b7529e66a7f30504ce243d96961d52603900,experiments/experiment_data/LtM backup runs/run_1/ev_2025-05-06_22-14-46/53_comparison.ttl,extension:.ttl,3218,639dfc0d1e0bf37159721cbe80c1ce581a5ba77ba55492ad118d32d02f530c1d,fetched,parse_error,turtle,false,0,0,0,0,0,,"BadSyntax: at line 4 of <>:
Bad syntax (expected directive or statement) at ^ in:
""b'\n# Natural Language Question\n# =======================\n'^b'Find mouse homologs in OMABrowser of human enzymes that cata'..."""
938809221,sebastians1999/federated-sparql-rag-agent,a064b7529e66a7f30504ce243d96961d52603900,experiments/experiment_data/LtM backup runs/run_1/ev_2025-05-06_22-14-46/54_comparison.ttl,extension:.ttl,1827,6627ddb3253d7f78cbcdcc3f4d992ec9ed72c2042321d075070ab20003d4a633,fetched,parse_error,turtle,false,0,0,0,0,0,,"BadSyntax: at line 4 of <>:
Bad syntax (expected directive or statement) at ^ in:
""b'\n# Natural Language Question\n# =======================\n'^b'Proteins with binding sites for ligands similar to heme\n\n# T'..."""
938809221,sebastians1999/federated-sparql-rag-agent,a064b7529e66a7f30504ce243d96961d52603900,experiments/experiment_data/LtM backup runs/run_1/ev_2025-05-06_22-14-46/5_comparison.ttl,extension:.ttl,1729,11c22cc3623806322f48cbc6efbbaf9c738bd56501300e1338baee0e204b2b07,fetched,parse_error,turtle,false,0,0,0,0,0,,"BadSyntax: at line 4 of <>:
Bad syntax (expected directive or statement) at ^ in:
""b'\n# Natural Language Question\n# =======================\n'^b'For a given lipid (SWISSLIPID:000399814, Ceramide), return a'..."""
938809221,sebastians1999/federated-sparql-rag-agent,a064b7529e66a7f30504ce243d96961d52603900,experiments/experiment_data/LtM backup runs/run_1/ev_2025-05-06_22-14-46/60_comparison.ttl,extension:.ttl,2402,df71444dfa6e2565678c73d18132ad635cb78fc099ff0c1385aaeb70b429f70f,fetched,parse_error,turtle,false,0,0,0,0,0,,"BadSyntax: at line 4 of <>:
Bad syntax (expected directive or statement) at ^ in:
""b'\n# Natural Language Question\n# =======================\n'^b'Find human proteins that catalyze reactions where substrates'..."""
938809221,sebastians1999/federated-sparql-rag-agent,a064b7529e66a7f30504ce243d96961d52603900,experiments/experiment_data/LtM backup runs/run_1/ev_2025-05-06_22-14-46/67_draft_human_metabolome_comparison.ttl,extension:.ttl,1129,843138e6c5c3b1e833e177f3dd756855234668881025adbfbc799d0bb90038be,fetched,parse_error,turtle,true,0,0,0,0,0,,"BadSyntax: at line 4 of <>:
Bad syntax (expected directive or statement) at ^ in:
""b'\n# Natural Language Question\n# =======================\n'^b'Generate a draft human metabolome\n\n# Target Endpoint\n# ====='..."""
938809221,sebastians1999/federated-sparql-rag-agent,a064b7529e66a7f30504ce243d96961d52603900,experiments/experiment_data/LtM backup runs/run_1/ev_2025-05-06_22-14-46/6_comparison.ttl,extension:.ttl,2577,7635ebea420cadd489432bff9161e57cdb2bfdb31dee0f95414e652831d5a0ac,fetched,parse_error,turtle,false,0,0,0,0,0,,"BadSyntax: at line 4 of <>:
Bad syntax (expected directive or statement) at ^ in:
""b'\n# Natural Language Question\n# =======================\n'^b'For a given lipid (SWISSLIPID:000399814, Ceramide), return a'..."""
938809221,sebastians1999/federated-sparql-rag-agent,a064b7529e66a7f30504ce243d96961d52603900,experiments/experiment_data/LtM backup runs/run_1/ev_2025-05-06_22-14-46/70_enzymes_interacting_with_molecules_similar_to_dopamine_comparison.ttl,extension:.ttl,1929,247a392e5bd8823a34bd9f5044d9274d3591fe1383eb20f966fbc48ce08d4d99,fetched,parse_error,turtle,false,0,0,0,0,0,,"BadSyntax: at line 4 of <>:
Bad syntax (expected directive or statement) at ^ in:
""b'\n# Natural Language Question\n# =======================\n'^b'Look for enzymes catalyzing reactions with molecules similar'..."""
938809221,sebastians1999/federated-sparql-rag-agent,a064b7529e66a7f30504ce243d96961d52603900,experiments/experiment_data/LtM backup runs/run_1/ev_2025-05-06_22-14-46/94_Select_all_approved_reactions_with_CHEBI_or_one_of_its_descendant_optional_UniProtKB_reviewed_EC_comparison.ttl,extension:.ttl,1942,736cea93916cf18768c47f3685411be957a974188a6f2e6628186d5c37a596a1,fetched,parse_error,turtle,false,0,0,0,0,0,,"BadSyntax: at line 4 of <>:
Bad syntax (expected directive or statement) at ^ in:
""b'\n# Natural Language Question\n# =======================\n'^b'Select all approved reactions with CHEBI:17815 (a 1,2-diacyl'..."""
938809221,sebastians1999/federated-sparql-rag-agent,a064b7529e66a7f30504ce243d96961d52603900,experiments/experiment_data/LtM backup runs/run_2/ev_2025-05-07_00-25-38/109_Distribution_of_reactions_according_to_the_first_level_of_enzyme_classification_comparison.ttl,extension:.ttl,1575,c65a85c79b70dcdd309b4207558f8e2d3e0f4565547d3876bbbb862fd125cc60,fetched,parse_error,turtle,false,0,0,0,0,0,,"BadSyntax: at line 4 of <>:
Bad syntax (expected directive or statement) at ^ in:
""b'\n# Natural Language Question\n# =======================\n'^b'Distribution of reactions according to the first level of en'..."""
938809221,sebastians1999/federated-sparql-rag-agent,a064b7529e66a7f30504ce243d96961d52603900,experiments/experiment_data/LtM backup runs/run_2/ev_2025-05-07_00-25-38/112_Total_number_of_reaction_ec_protein_links_comparison.ttl,extension:.ttl,1138,eb361188cccd4dd2f5e30ab0fa182b1f78489bdaf9effd8860a14777a8df99c5,fetched,parse_error,turtle,false,0,0,0,0,0,,"BadSyntax: at line 4 of <>:
Bad syntax (expected directive or statement) at ^ in:
""b'\n# Natural Language Question\n# =======================\n'^b'Total number of <reaction> <ec> <protein> links\n\n# Target En'..."""
938809221,sebastians1999/federated-sparql-rag-agent,a064b7529e66a7f30504ce243d96961d52603900,experiments/experiment_data/LtM backup runs/run_2/ev_2025-05-07_00-25-38/115_Retrieve_the_set_of_metabolites_involved_in_reactions_catalyzed_by_human_genes_HUMAN_reference_proteome_comparison.ttl,extension:.ttl,2292,6978015e27a991abf6fd97a6eb84104d66728fa7a8d6cf2b4c21e70724fd132b,fetched,parse_error,turtle,false,0,0,0,0,0,,"BadSyntax: at line 4 of <>:
Bad syntax (expected directive or statement) at ^ in:
""b'\n# Natural Language Question\n# =======================\n'^b'Retrieve the set of metabolites involved in reactions cataly'..."""
938809221,sebastians1999/federated-sparql-rag-agent,a064b7529e66a7f30504ce243d96961d52603900,experiments/experiment_data/LtM backup runs/run_2/ev_2025-05-07_00-25-38/116_biosodafrontend_rabit_mouse_orthologs_comparison.ttl,extension:.ttl,2437,98cb144bfed96cad03bab1f6831f61b4f20a1bd60c5dfad17ce07a1c5280b282,fetched,parse_error,turtle,false,0,0,0,0,0,,"BadSyntax: at line 4 of <>:
Bad syntax (expected directive or statement) at ^ in:
""b'\n# Natural Language Question\n# =======================\n'^b""Rabbit's proteins encoded by genes that are orthologous to M""..."""
938809221,sebastians1999/federated-sparql-rag-agent,a064b7529e66a7f30504ce243d96961d52603900,experiments/experiment_data/LtM backup runs/run_2/ev_2025-05-07_00-25-38/117_Retrieve_parent_reactions_and_their_catalyzing_enzymes_for_a_metabolite_that_is_not_directly_involved_in_a_reaction_comparison.ttl,extension:.ttl,3143,fb735cd5119c7aedc2964d51ee8c8e90cda9969713df7acafef06388d5b25550,fetched,parse_error,turtle,false,0,0,0,0,0,,"BadSyntax: at line 4 of <>:
Bad syntax (expected directive or statement) at ^ in:
""b'\n# Natural Language Question\n# =======================\n'^b'Retrieve parent reactions (and their catalyzing enzymes) for'..."""
938809221,sebastians1999/federated-sparql-rag-agent,a064b7529e66a7f30504ce243d96961d52603900,experiments/experiment_data/LtM backup runs/run_2/ev_2025-05-07_00-25-38/117_biosodafrontend_glioblastoma_orthologs_rat_comparison.ttl,extension:.ttl,2247,6305c0bcf88f9a065e411e97ec5ea89a711f5bc8c6dc3883dcbf8d9ff52899f7,fetched,parse_error,turtle,false,0,0,0,0,0,,"BadSyntax: at line 4 of <>:
Bad syntax (expected directive or statement) at ^ in:
""b'\n# Natural Language Question\n# =======================\n'^b'Which are the proteins associated with glioblastoma and the '..."""
938809221,sebastians1999/federated-sparql-rag-agent,a064b7529e66a7f30504ce243d96961d52603900,experiments/experiment_data/LtM backup runs/run_2/ev_2025-05-07_00-25-38/118_biosodafrontend_rat_brain_human_cancer_comparison.ttl,extension:.ttl,2862,1e85eea2c4cc5f7ec9ef604ac9f997546929685f448045c82f1994be11c8c87c,fetched,parse_error,turtle,false,0,0,0,0,0,,"BadSyntax: at line 4 of <>:
Bad syntax (expected directive or statement) at ^ in:
""b'\n# Natural Language Question\n# =======================\n'^b'What are the Homo sapiens genes associated with cancer and t'..."""
938809221,sebastians1999/federated-sparql-rag-agent,a064b7529e66a7f30504ce243d96961d52603900,experiments/experiment_data/LtM backup runs/run_2/ev_2025-05-07_00-25-38/11_comparison.ttl,extension:.ttl,1808,de621d005d7052005a387f878c08af97a40ccd8af6bce5c2b2bb7f81e92ff163,fetched,parse_error,turtle,false,0,0,0,0,0,,"BadSyntax: at line 4 of <>:
Bad syntax (expected directive or statement) at ^ in:
""b'\n# Natural Language Question\n# =======================\n'^b'Distribution of reactions according to the first class of th'..."""
938809221,sebastians1999/federated-sparql-rag-agent,a064b7529e66a7f30504ce243d96961d52603900,experiments/experiment_data/LtM backup runs/run_2/ev_2025-05-07_00-25-38/12_comparison.ttl,extension:.ttl,1455,718d3a66b6fc00768d54d72753046419206cf7a241f50632d015bc686066dc4d,fetched,parse_error,turtle,false,0,0,0,0,0,,"BadSyntax: at line 4 of <>:
Bad syntax (expected directive or statement) at ^ in:
""b'\n# Natural Language Question\n# =======================\n'^b'Select all Rhea reactions linked to protein sequences (enzym'..."""
938809221,sebastians1999/federated-sparql-rag-agent,a064b7529e66a7f30504ce243d96961d52603900,experiments/experiment_data/LtM backup runs/run_2/ev_2025-05-07_00-25-38/16_comparison.ttl,extension:.ttl,2290,db0cbf111ef07e7135f33ffbd59dbe3007ac795b9e8f0b3b6a91a0ca5649b8c6,fetched,parse_error,turtle,false,0,0,0,0,0,,"BadSyntax: at line 4 of <>:
Bad syntax (expected directive or statement) at ^ in:
""b'\n# Natural Language Question\n# =======================\n'^b'For a given lipid (SWISSLIPID:000399814, Ceramide), return a'..."""
938809221,sebastians1999/federated-sparql-rag-agent,a064b7529e66a7f30504ce243d96961d52603900,experiments/experiment_data/LtM backup runs/run_2/ev_2025-05-07_00-25-38/18_comparison.ttl,extension:.ttl,1807,6324a73e16919f9a1eb6132ce88c6b5eafc1fd6b6e9e3215e548f16bc8465595,fetched,parse_error,turtle,false,0,0,0,0,0,,"BadSyntax: at line 4 of <>:
Bad syntax (expected directive or statement) at ^ in:
""b'\n# Natural Language Question\n# =======================\n'^b'Use <a href=""https://idsm.elixir-czech.cz/sparql"">IDSM Sache'..."""
938809221,sebastians1999/federated-sparql-rag-agent,a064b7529e66a7f30504ce243d96961d52603900,experiments/experiment_data/LtM backup runs/run_2/ev_2025-05-07_00-25-38/19_draft_human_metabolome_comparison.ttl,extension:.ttl,1651,455ee723cbfdbbd5e3a17aa1b4ce602b0e71f7030c38a972e802c367923f79d4,fetched,parse_error,turtle,true,0,0,0,0,0,,"BadSyntax: at line 4 of <>:
Bad syntax (expected directive or statement) at ^ in:
""b'\n# Natural Language Question\n# =======================\n'^b'Generate a draft human metabolome\n\n# Target Endpoint\n# ====='..."""
938809221,sebastians1999/federated-sparql-rag-agent,a064b7529e66a7f30504ce243d96961d52603900,experiments/experiment_data/LtM backup runs/run_2/ev_2025-05-07_00-25-38/20_search_chemical_names_in_japanese_comparison.ttl,extension:.ttl,1184,636198aef684f74ef0aa046bfaa492d410d9244bf7861395440feefabe925001,fetched,parse_error,turtle,false,0,0,0,0,0,,"BadSyntax: at line 4 of <>:
Bad syntax (expected directive or statement) at ^ in:
""b'\n# Natural Language Question\n# =======================\n'^b'Search for Chemical names starting in Japanese, translated t'..."""
938809221,sebastians1999/federated-sparql-rag-agent,a064b7529e66a7f30504ce243d96961d52603900,experiments/experiment_data/LtM backup runs/run_2/ev_2025-05-07_00-25-38/29_comparison.ttl,extension:.ttl,1788,f2dea1fd85be67d13c543a7d882d6163ba105c766e04dc907019c81a64b270e5,fetched,parse_error,turtle,false,0,0,0,0,0,,"BadSyntax: at line 4 of <>:
Bad syntax (expected directive or statement) at ^ in:
""b'\n# Natural Language Question\n# =======================\n'^b'Use <a href=""http://allie.dbcls.jp/"">ALLIE</a> a service for'..."""
938809221,sebastians1999/federated-sparql-rag-agent,a064b7529e66a7f30504ce243d96961d52603900,experiments/experiment_data/LtM backup runs/run_2/ev_2025-05-07_00-25-38/34_comparison.ttl,extension:.ttl,1607,1947e2d4ead1fb3830b1d981727044e491ba7cda7af32a23b383da387403023e,fetched,parse_error,turtle,false,0,0,0,0,0,,"BadSyntax: at line 4 of <>:
Bad syntax (expected directive or statement) at ^ in:
""b'\n# Natural Language Question\n# =======================\n'^b'Lipids affected by human enzymes\n\n# Target Endpoint\n# ======'..."""
938809221,sebastians1999/federated-sparql-rag-agent,a064b7529e66a7f30504ce243d96961d52603900,experiments/experiment_data/LtM backup runs/run_2/ev_2025-05-07_00-25-38/36_comparison.ttl,extension:.ttl,1607,e42ba2f4e26cadc9536f54b13cf6a23b61a683857f31506f7e4a57a9c8760a8f,fetched,parse_error,turtle,false,0,0,0,0,0,,"BadSyntax: at line 4 of <>:
Bad syntax (expected directive or statement) at ^ in:
""b'\n# Natural Language Question\n# =======================\n'^b'Find the orthologous proteins for UniProtKB entry P05067 usi'..."""
938809221,sebastians1999/federated-sparql-rag-agent,a064b7529e66a7f30504ce243d96961d52603900,experiments/experiment_data/LtM backup runs/run_2/ev_2025-05-07_00-25-38/38_comparison.ttl,extension:.ttl,1775,5ca008500d6a9d69a8b02d42435154eccf89c91a552bf59ab19a711c61af445c,fetched,parse_error,turtle,false,0,0,0,0,0,,"BadSyntax: at line 4 of <>:
Bad syntax (expected directive or statement) at ^ in:
""b'\n# Natural Language Question\n# =======================\n'^b'For the human entry P05067 (Amyloid-beta precursor protein) '..."""
938809221,sebastians1999/federated-sparql-rag-agent,a064b7529e66a7f30504ce243d96961d52603900,experiments/experiment_data/LtM backup runs/run_2/ev_2025-05-07_00-25-38/40_comparison.ttl,extension:.ttl,2218,669b04ad444dd07cb74d0a57c2f887fa9aa621d13a6bd8f7a975826b7c1f9715,fetched,parse_error,turtle,false,0,0,0,0,0,,"BadSyntax: at line 4 of <>:
Bad syntax (expected directive or statement) at ^ in:
""b'\n# Natural Language Question\n# =======================\n'^b'Retrieve human enzymes that metabolize sphingolipids and are'..."""
938809221,sebastians1999/federated-sparql-rag-agent,a064b7529e66a7f30504ce243d96961d52603900,experiments/experiment_data/LtM backup runs/run_2/ev_2025-05-07_00-25-38/42_comparison.ttl,extension:.ttl,1534,9f41687ef1e47da9ab62207762c3185667a861b617b96443396154fa59917035,fetched,parse_error,turtle,false,0,0,0,0,0,,"BadSyntax: at line 4 of <>:
Bad syntax (expected directive or statement) at ^ in:
""b'\n# Natural Language Question\n# =======================\n'^b'Connect patents cited in UniProtKB with those in the patent '..."""
938809221,sebastians1999/federated-sparql-rag-agent,a064b7529e66a7f30504ce243d96961d52603900,experiments/experiment_data/LtM backup runs/run_2/ev_2025-05-07_00-25-38/43_comparison.ttl,extension:.ttl,1791,bbbbbdc83eacd1ce97451eb5f752c0a7c4ddf84c02e5320b141d91caf2ec1e0b,fetched,parse_error,turtle,false,0,0,0,0,0,,"BadSyntax: at line 4 of <>:
Bad syntax (expected directive or statement) at ^ in:
""b'\n# Natural Language Question\n# =======================\n'^b'Connect patents cited in UniProtKB with those in the patent '..."""
938809221,sebastians1999/federated-sparql-rag-agent,a064b7529e66a7f30504ce243d96961d52603900,experiments/experiment_data/LtM backup runs/run_2/ev_2025-05-07_00-25-38/45_comparison.ttl,extension:.ttl,3606,d9c30f1dc7cf73cba0a3d86fb73bfb01527e6353077cb55fc533aaecc3cf1949,fetched,parse_error,turtle,false,0,0,0,0,0,,"BadSyntax: at line 4 of <>:
Bad syntax (expected directive or statement) at ^ in:
""b'\n# Natural Language Question\n# =======================\n'^b'Retrieve drugs that target human enzymes involved in sterol '..."""
938809221,sebastians1999/federated-sparql-rag-agent,a064b7529e66a7f30504ce243d96961d52603900,experiments/experiment_data/LtM backup runs/run_2/ev_2025-05-07_00-25-38/49_comparison.ttl,extension:.ttl,2928,15121cd83581da036240e952e42116b7816c1503581b264135e8aba23cf55d3e,fetched,parse_error,turtle,false,0,0,0,0,0,,"BadSyntax: at line 4 of <>:
Bad syntax (expected directive or statement) at ^ in:
""b'\n# Natural Language Question\n# =======================\n'^b'Retrieve the UniProtKB proteins, their catalyzed Rhea reacti'..."""
938809221,sebastians1999/federated-sparql-rag-agent,a064b7529e66a7f30504ce243d96961d52603900,experiments/experiment_data/LtM backup runs/run_2/ev_2025-05-07_00-25-38/51_comparison.ttl,extension:.ttl,1627,3b2769747157653ac6852e9f845d234a1eb3f2ce553d6964e3e60ec5147ca1e0,fetched,parse_error,turtle,false,0,0,0,0,0,,"BadSyntax: at line 4 of <>:
Bad syntax (expected directive or statement) at ^ in:
""b'\n# Natural Language Question\n# =======================\n'^b'Find all proteins linked to arachidonate (CHEBI:32395)\n\n# Ta'..."""
938809221,sebastians1999/federated-sparql-rag-agent,a064b7529e66a7f30504ce243d96961d52603900,experiments/experiment_data/LtM backup runs/run_2/ev_2025-05-07_00-25-38/52_comparison.ttl,extension:.ttl,4265,9fb7e4d14ac1a3519e7499ee083b89e8c04c6be6dbfbe1c3b8acf37fceda212f,fetched,parse_error,turtle,false,0,0,0,0,0,,"BadSyntax: at line 4 of <>:
Bad syntax (expected directive or statement) at ^ in:
""b'\n# Natural Language Question\n# =======================\n'^b'Retrieve drugs that target human enzymes involved in sterol '..."""
938809221,sebastians1999/federated-sparql-rag-agent,a064b7529e66a7f30504ce243d96961d52603900,experiments/experiment_data/LtM backup runs/run_2/ev_2025-05-07_00-25-38/53_comparison.ttl,extension:.ttl,3114,d7b7482e76beb2c03a81cdf7a02b8cf732c4ab75a4990b312aa7917b2a49c041,fetched,parse_error,turtle,false,0,0,0,0,0,,"BadSyntax: at line 4 of <>:
Bad syntax (expected directive or statement) at ^ in:
""b'\n# Natural Language Question\n# =======================\n'^b'Find mouse homologs in OMABrowser of human enzymes that cata'..."""
938809221,sebastians1999/federated-sparql-rag-agent,a064b7529e66a7f30504ce243d96961d52603900,experiments/experiment_data/LtM backup runs/run_2/ev_2025-05-07_00-25-38/54_comparison.ttl,extension:.ttl,1854,ed2a4fd94cad4d84a9483c9a427d5df380fd576dc30384087b384c953827d320,fetched,parse_error,turtle,false,0,0,0,0,0,,"BadSyntax: at line 4 of <>:
Bad syntax (expected directive or statement) at ^ in:
""b'\n# Natural Language Question\n# =======================\n'^b'Proteins with binding sites for ligands similar to heme\n\n# T'..."""
938809221,sebastians1999/federated-sparql-rag-agent,a064b7529e66a7f30504ce243d96961d52603900,experiments/experiment_data/LtM backup runs/run_2/ev_2025-05-07_00-25-38/5_comparison.ttl,extension:.ttl,1993,575878ccc98b72a29e386076614ec6a05bbda6e527d6699e7f0050c840f0ad59,fetched,parse_error,turtle,false,0,0,0,0,0,,"BadSyntax: at line 4 of <>:
Bad syntax (expected directive or statement) at ^ in:
""b'\n# Natural Language Question\n# =======================\n'^b'For a given lipid (SWISSLIPID:000399814, Ceramide), return a'..."""
938809221,sebastians1999/federated-sparql-rag-agent,a064b7529e66a7f30504ce243d96961d52603900,experiments/experiment_data/LtM backup runs/run_2/ev_2025-05-07_00-25-38/60_comparison.ttl,extension:.ttl,2469,325b32b557aef9d63992d0bd413a13bf5c76030dafe3ed1165ec054c0848e44b,fetched,parse_error,turtle,false,0,0,0,0,0,,"BadSyntax: at line 4 of <>:
Bad syntax (expected directive or statement) at ^ in:
""b'\n# Natural Language Question\n# =======================\n'^b'Find human proteins that catalyze reactions where substrates'..."""
938809221,sebastians1999/federated-sparql-rag-agent,a064b7529e66a7f30504ce243d96961d52603900,experiments/experiment_data/LtM backup runs/run_2/ev_2025-05-07_00-25-38/67_draft_human_metabolome_comparison.ttl,extension:.ttl,1698,5368d14a4e37ad921663de5966d39ae6f868800dbad89584a76cd004b5f4808a,fetched,parse_error,turtle,true,0,0,0,0,0,,"BadSyntax: at line 4 of <>:
Bad syntax (expected directive or statement) at ^ in:
""b'\n# Natural Language Question\n# =======================\n'^b'Generate a draft human metabolome\n\n# Target Endpoint\n# ====='..."""
938809221,sebastians1999/federated-sparql-rag-agent,a064b7529e66a7f30504ce243d96961d52603900,experiments/experiment_data/LtM backup runs/run_2/ev_2025-05-07_00-25-38/6_comparison.ttl,extension:.ttl,2644,67be87a2c073fa1e868037845650973d11f0fc58d366264df3e02c545835d2a2,fetched,parse_error,turtle,false,0,0,0,0,0,,"BadSyntax: at line 4 of <>:
Bad syntax (expected directive or statement) at ^ in:
""b'\n# Natural Language Question\n# =======================\n'^b'For a given lipid (SWISSLIPID:000399814, Ceramide), return a'..."""
938809221,sebastians1999/federated-sparql-rag-agent,a064b7529e66a7f30504ce243d96961d52603900,experiments/experiment_data/LtM backup runs/run_2/ev_2025-05-07_00-25-38/70_enzymes_interacting_with_molecules_similar_to_dopamine_comparison.ttl,extension:.ttl,1877,a70cef446bcb31964defd248e9b59409804c1bcf7aaecc476d2bdeaf6bc9bd6f,fetched,parse_error,turtle,false,0,0,0,0,0,,"BadSyntax: at line 4 of <>:
Bad syntax (expected directive or statement) at ^ in:
""b'\n# Natural Language Question\n# =======================\n'^b'Look for enzymes catalyzing reactions with molecules similar'..."""
938809221,sebastians1999/federated-sparql-rag-agent,a064b7529e66a7f30504ce243d96961d52603900,experiments/experiment_data/LtM backup runs/run_2/ev_2025-05-07_00-25-38/94_Select_all_approved_reactions_with_CHEBI_or_one_of_its_descendant_optional_UniProtKB_reviewed_EC_comparison.ttl,extension:.ttl,1948,5b0d92346b2a14c8dcc4f89f1cc51e51f8be37866c9f5efcc573b4ef718b0e30,fetched,parse_error,turtle,false,0,0,0,0,0,,"BadSyntax: at line 4 of <>:
Bad syntax (expected directive or statement) at ^ in:
""b'\n# Natural Language Question\n# =======================\n'^b'Select all approved reactions with CHEBI:17815 (a 1,2-diacyl'..."""
938809221,sebastians1999/federated-sparql-rag-agent,a064b7529e66a7f30504ce243d96961d52603900,experiments/experiment_data/LtM backup runs/run_3/ev_2025-05-07_02-45-49/109_Distribution_of_reactions_according_to_the_first_level_of_enzyme_classification_comparison.ttl,extension:.ttl,1555,6bb4797d68b4656e9e3bbcedbd691b754b22cc3cd5e224964668c456e2976154,fetched,parse_error,turtle,false,0,0,0,0,0,,"BadSyntax: at line 4 of <>:
Bad syntax (expected directive or statement) at ^ in:
""b'\n# Natural Language Question\n# =======================\n'^b'Distribution of reactions according to the first level of en'..."""
938809221,sebastians1999/federated-sparql-rag-agent,a064b7529e66a7f30504ce243d96961d52603900,experiments/experiment_data/LtM backup runs/run_3/ev_2025-05-07_02-45-49/112_Total_number_of_reaction_ec_protein_links_comparison.ttl,extension:.ttl,1060,2c07489920e4a99bccc8c4fb2d008ee8bb5f6f10e2f83c35abf0f5e19e96829b,fetched,parse_error,turtle,false,0,0,0,0,0,,"BadSyntax: at line 4 of <>:
Bad syntax (expected directive or statement) at ^ in:
""b'\n# Natural Language Question\n# =======================\n'^b'Total number of <reaction> <ec> <protein> links\n\n# Target En'..."""
938809221,sebastians1999/federated-sparql-rag-agent,a064b7529e66a7f30504ce243d96961d52603900,experiments/experiment_data/LtM backup runs/run_3/ev_2025-05-07_02-45-49/115_Retrieve_the_set_of_metabolites_involved_in_reactions_catalyzed_by_human_genes_HUMAN_reference_proteome_comparison.ttl,extension:.ttl,2307,02c174a6a54f992d9efd2d5ee8fdbf6060aa7f42a267b9504a83cc2c1687effe,fetched,parse_error,turtle,false,0,0,0,0,0,,"BadSyntax: at line 4 of <>:
Bad syntax (expected directive or statement) at ^ in:
""b'\n# Natural Language Question\n# =======================\n'^b'Retrieve the set of metabolites involved in reactions cataly'..."""
938809221,sebastians1999/federated-sparql-rag-agent,a064b7529e66a7f30504ce243d96961d52603900,experiments/experiment_data/LtM backup runs/run_3/ev_2025-05-07_02-45-49/116_biosodafrontend_rabit_mouse_orthologs_comparison.ttl,extension:.ttl,1278,8eb8b7f86a3824a465e57ed2a321b357e065cb615cca5b08536630d2522455c9,fetched,parse_error,turtle,false,0,0,0,0,0,,"BadSyntax: at line 4 of <>:
Bad syntax (expected directive or statement) at ^ in:
""b'\n# Natural Language Question\n# =======================\n'^b""Rabbit's proteins encoded by genes that are orthologous to M""..."""
938809221,sebastians1999/federated-sparql-rag-agent,a064b7529e66a7f30504ce243d96961d52603900,experiments/experiment_data/LtM backup runs/run_3/ev_2025-05-07_02-45-49/117_Retrieve_parent_reactions_and_their_catalyzing_enzymes_for_a_metabolite_that_is_not_directly_involved_in_a_reaction_comparison.ttl,extension:.ttl,3040,161bf5327be597000e9c432ddc53484b9ebeb775f0bab62077cb574e135a3bef,fetched,parse_error,turtle,false,0,0,0,0,0,,"BadSyntax: at line 4 of <>:
Bad syntax (expected directive or statement) at ^ in:
""b'\n# Natural Language Question\n# =======================\n'^b'Retrieve parent reactions (and their catalyzing enzymes) for'..."""
938809221,sebastians1999/federated-sparql-rag-agent,a064b7529e66a7f30504ce243d96961d52603900,experiments/experiment_data/LtM backup runs/run_3/ev_2025-05-07_02-45-49/117_biosodafrontend_glioblastoma_orthologs_rat_comparison.ttl,extension:.ttl,2425,3f02eba41270acc68e96dc208f3de2adb391fe1e574f812a0c8fc9609168b9f0,fetched,parse_error,turtle,false,0,0,0,0,0,,"BadSyntax: at line 4 of <>:
Bad syntax (expected directive or statement) at ^ in:
""b'\n# Natural Language Question\n# =======================\n'^b'Which are the proteins associated with glioblastoma and the '..."""
938809221,sebastians1999/federated-sparql-rag-agent,a064b7529e66a7f30504ce243d96961d52603900,experiments/experiment_data/LtM backup runs/run_3/ev_2025-05-07_02-45-49/118_biosodafrontend_rat_brain_human_cancer_comparison.ttl,extension:.ttl,3001,2059e60ca99bb78acbf3ad01b9789b6a4f00735369ea959ab64d7e1d5a5b2a85,fetched,parse_error,turtle,false,0,0,0,0,0,,"BadSyntax: at line 4 of <>:
Bad syntax (expected directive or statement) at ^ in:
""b'\n# Natural Language Question\n# =======================\n'^b'What are the Homo sapiens genes associated with cancer and t'..."""
938809221,sebastians1999/federated-sparql-rag-agent,a064b7529e66a7f30504ce243d96961d52603900,experiments/experiment_data/LtM backup runs/run_3/ev_2025-05-07_02-45-49/11_comparison.ttl,extension:.ttl,1808,de621d005d7052005a387f878c08af97a40ccd8af6bce5c2b2bb7f81e92ff163,fetched,parse_error,turtle,false,0,0,0,0,0,,"BadSyntax: at line 4 of <>:
Bad syntax (expected directive or statement) at ^ in:
""b'\n# Natural Language Question\n# =======================\n'^b'Distribution of reactions according to the first class of th'..."""
938809221,sebastians1999/federated-sparql-rag-agent,a064b7529e66a7f30504ce243d96961d52603900,experiments/experiment_data/LtM backup runs/run_3/ev_2025-05-07_02-45-49/12_comparison.ttl,extension:.ttl,1484,a457db2da5d7ea7ca60556058811000a247f096add6453a9e18f1c09fdee6468,fetched,parse_error,turtle,false,0,0,0,0,0,,"BadSyntax: at line 4 of <>:
Bad syntax (expected directive or statement) at ^ in:
""b'\n# Natural Language Question\n# =======================\n'^b'Select all Rhea reactions linked to protein sequences (enzym'..."""
938809221,sebastians1999/federated-sparql-rag-agent,a064b7529e66a7f30504ce243d96961d52603900,experiments/experiment_data/LtM backup runs/run_3/ev_2025-05-07_02-45-49/16_comparison.ttl,extension:.ttl,2309,49b09e3519dee067967b98b1e02775d1fed62b8fca981a3073c2f60e5c3843e0,fetched,parse_error,turtle,false,0,0,0,0,0,,"BadSyntax: at line 4 of <>:
Bad syntax (expected directive or statement) at ^ in:
""b'\n# Natural Language Question\n# =======================\n'^b'For a given lipid (SWISSLIPID:000399814, Ceramide), return a'..."""
938809221,sebastians1999/federated-sparql-rag-agent,a064b7529e66a7f30504ce243d96961d52603900,experiments/experiment_data/LtM backup runs/run_3/ev_2025-05-07_02-45-49/18_comparison.ttl,extension:.ttl,1882,5b4dc7e282a9644b293e4946563129accc2c2ec96c8e643d99fbb4ec43bb515f,fetched,parse_error,turtle,false,0,0,0,0,0,,"BadSyntax: at line 4 of <>:
Bad syntax (expected directive or statement) at ^ in:
""b'\n# Natural Language Question\n# =======================\n'^b'Use <a href=""https://idsm.elixir-czech.cz/sparql"">IDSM Sache'..."""
938809221,sebastians1999/federated-sparql-rag-agent,a064b7529e66a7f30504ce243d96961d52603900,experiments/experiment_data/LtM backup runs/run_3/ev_2025-05-07_02-45-49/19_draft_human_metabolome_comparison.ttl,extension:.ttl,1719,4bc1caffe31ee88fd00b8a6703dae9c756a9aa48a8dac4359b41550f75b5c8cc,fetched,parse_error,turtle,true,0,0,0,0,0,,"BadSyntax: at line 4 of <>:
Bad syntax (expected directive or statement) at ^ in:
""b'\n# Natural Language Question\n# =======================\n'^b'Generate a draft human metabolome\n\n# Target Endpoint\n# ====='..."""
938809221,sebastians1999/federated-sparql-rag-agent,a064b7529e66a7f30504ce243d96961d52603900,experiments/experiment_data/LtM backup runs/run_3/ev_2025-05-07_02-45-49/20_search_chemical_names_in_japanese_comparison.ttl,extension:.ttl,1373,479bf33f87a54de54bc4093c2731aeed5c7de43e4ff8298eac4e5292a6fe4b67,fetched,parse_error,turtle,false,0,0,0,0,0,,"BadSyntax: at line 4 of <>:
Bad syntax (expected directive or statement) at ^ in:
""b'\n# Natural Language Question\n# =======================\n'^b'Search for Chemical names starting in Japanese, translated t'..."""
938809221,sebastians1999/federated-sparql-rag-agent,a064b7529e66a7f30504ce243d96961d52603900,experiments/experiment_data/LtM backup runs/run_3/ev_2025-05-07_02-45-49/29_comparison.ttl,extension:.ttl,1656,f674b6c5cdc75a94de5b4bf5bf7978af69a3de19e8bdd3fa51bafd3a3833814f,fetched,parse_error,turtle,false,0,0,0,0,0,,"BadSyntax: at line 4 of <>:
Bad syntax (expected directive or statement) at ^ in:
""b'\n# Natural Language Question\n# =======================\n'^b'Use <a href=""http://allie.dbcls.jp/"">ALLIE</a> a service for'..."""
938809221,sebastians1999/federated-sparql-rag-agent,a064b7529e66a7f30504ce243d96961d52603900,experiments/experiment_data/LtM backup runs/run_3/ev_2025-05-07_02-45-49/34_comparison.ttl,extension:.ttl,1601,14a4fe1e0386e5d24790c8e766dfde979b3d54a33400b7268699beb0cea954ae,fetched,parse_error,turtle,false,0,0,0,0,0,,"BadSyntax: at line 4 of <>:
Bad syntax (expected directive or statement) at ^ in:
""b'\n# Natural Language Question\n# =======================\n'^b'Lipids affected by human enzymes\n\n# Target Endpoint\n# ======'..."""
938809221,sebastians1999/federated-sparql-rag-agent,a064b7529e66a7f30504ce243d96961d52603900,experiments/experiment_data/LtM backup runs/run_3/ev_2025-05-07_02-45-49/36_comparison.ttl,extension:.ttl,2161,35556410a2a2773c41bba97bd8ffcf0c8fd97332cdcc4af69819d8fbea46e4f9,fetched,parse_error,turtle,false,0,0,0,0,0,,"BadSyntax: at line 4 of <>:
Bad syntax (expected directive or statement) at ^ in:
""b'\n# Natural Language Question\n# =======================\n'^b'Find the orthologous proteins for UniProtKB entry P05067 usi'..."""
938809221,sebastians1999/federated-sparql-rag-agent,a064b7529e66a7f30504ce243d96961d52603900,experiments/experiment_data/LtM backup runs/run_3/ev_2025-05-07_02-45-49/38_comparison.ttl,extension:.ttl,1920,5eedd032974d7c0c069a507e81781777bd83536c70e50828c090e73d69a7e7c3,fetched,parse_error,turtle,false,0,0,0,0,0,,"BadSyntax: at line 4 of <>:
Bad syntax (expected directive or statement) at ^ in:
""b'\n# Natural Language Question\n# =======================\n'^b'For the human entry P05067 (Amyloid-beta precursor protein) '..."""
938809221,sebastians1999/federated-sparql-rag-agent,a064b7529e66a7f30504ce243d96961d52603900,experiments/experiment_data/LtM backup runs/run_3/ev_2025-05-07_02-45-49/40_comparison.ttl,extension:.ttl,2220,14cf312b12914e4f7263f0a743fd574f788801dc575ac7c85d080f1e7a84fbce,fetched,parse_error,turtle,false,0,0,0,0,0,,"BadSyntax: at line 4 of <>:
Bad syntax (expected directive or statement) at ^ in:
""b'\n# Natural Language Question\n# =======================\n'^b'Retrieve human enzymes that metabolize sphingolipids and are'..."""
938809221,sebastians1999/federated-sparql-rag-agent,a064b7529e66a7f30504ce243d96961d52603900,experiments/experiment_data/LtM backup runs/run_3/ev_2025-05-07_02-45-49/42_comparison.ttl,extension:.ttl,1323,e1ef967fbb40b0bc2b867e3d213fcc0e47dcee70d24b5c0b0a0822f8846154c5,fetched,parse_error,turtle,false,0,0,0,0,0,,"BadSyntax: at line 4 of <>:
Bad syntax (expected directive or statement) at ^ in:
""b'\n# Natural Language Question\n# =======================\n'^b'Connect patents cited in UniProtKB with those in the patent '..."""
938809221,sebastians1999/federated-sparql-rag-agent,a064b7529e66a7f30504ce243d96961d52603900,experiments/experiment_data/LtM backup runs/run_3/ev_2025-05-07_02-45-49/43_comparison.ttl,extension:.ttl,1791,87010c4ce07367e7a116b46e416ee819f57ec6ff3084e4cfc2c512735846dd0b,fetched,parse_error,turtle,false,0,0,0,0,0,,"BadSyntax: at line 4 of <>:
Bad syntax (expected directive or statement) at ^ in:
""b'\n# Natural Language Question\n# =======================\n'^b'Connect patents cited in UniProtKB with those in the patent '..."""
938809221,sebastians1999/federated-sparql-rag-agent,a064b7529e66a7f30504ce243d96961d52603900,experiments/experiment_data/LtM backup runs/run_3/ev_2025-05-07_02-45-49/45_comparison.ttl,extension:.ttl,3823,8eedc40895e31a82eec5a4cc57ca6655ebc70242e5d7949af5a83c05683e52a9,fetched,parse_error,turtle,false,0,0,0,0,0,,"BadSyntax: at line 4 of <>:
Bad syntax (expected directive or statement) at ^ in:
""b'\n# Natural Language Question\n# =======================\n'^b'Retrieve drugs that target human enzymes involved in sterol '..."""
938809221,sebastians1999/federated-sparql-rag-agent,a064b7529e66a7f30504ce243d96961d52603900,experiments/experiment_data/LtM backup runs/run_3/ev_2025-05-07_02-45-49/49_comparison.ttl,extension:.ttl,2965,da3f2bbe4d1f044a64bf9e750b22bcb001797007659380b367eae4ed7b9fccb8,fetched,parse_error,turtle,false,0,0,0,0,0,,"BadSyntax: at line 4 of <>:
Bad syntax (expected directive or statement) at ^ in:
""b'\n# Natural Language Question\n# =======================\n'^b'Retrieve the UniProtKB proteins, their catalyzed Rhea reacti'..."""
938809221,sebastians1999/federated-sparql-rag-agent,a064b7529e66a7f30504ce243d96961d52603900,experiments/experiment_data/LtM backup runs/run_3/ev_2025-05-07_02-45-49/51_comparison.ttl,extension:.ttl,1554,0bf042247e9dfb0dc4dd1ce70a5acfd5dd638f8520d8cfb5c63ca2cd24da22bb,fetched,parse_error,turtle,false,0,0,0,0,0,,"BadSyntax: at line 4 of <>:
Bad syntax (expected directive or statement) at ^ in:
""b'\n# Natural Language Question\n# =======================\n'^b'Find all proteins linked to arachidonate (CHEBI:32395)\n\n# Ta'..."""
938809221,sebastians1999/federated-sparql-rag-agent,a064b7529e66a7f30504ce243d96961d52603900,experiments/experiment_data/LtM backup runs/run_3/ev_2025-05-07_02-45-49/52_comparison.ttl,extension:.ttl,3895,722f3287161ad6d40de6785d9b51d3d3e2a0bc11b51cd540eba5ace0f56a72b9,fetched,parse_error,turtle,false,0,0,0,0,0,,"BadSyntax: at line 4 of <>:
Bad syntax (expected directive or statement) at ^ in:
""b'\n# Natural Language Question\n# =======================\n'^b'Retrieve drugs that target human enzymes involved in sterol '..."""
938809221,sebastians1999/federated-sparql-rag-agent,a064b7529e66a7f30504ce243d96961d52603900,experiments/experiment_data/LtM backup runs/run_3/ev_2025-05-07_02-45-49/53_comparison.ttl,extension:.ttl,2864,28b6b6ea2aa7ec82392cdbcb07ec7a6dbf3961db2a4662708b07f03a98a4d747,fetched,parse_error,turtle,false,0,0,0,0,0,,"BadSyntax: at line 4 of <>:
Bad syntax (expected directive or statement) at ^ in:
""b'\n# Natural Language Question\n# =======================\n'^b'Find mouse homologs in OMABrowser of human enzymes that cata'..."""
938809221,sebastians1999/federated-sparql-rag-agent,a064b7529e66a7f30504ce243d96961d52603900,experiments/experiment_data/LtM backup runs/run_3/ev_2025-05-07_02-45-49/54_comparison.ttl,extension:.ttl,1819,12025dda5f6d14a8c07c1c5502f31bfaa20ab03d9f9599f617d3bbad3a84184d,fetched,parse_error,turtle,false,0,0,0,0,0,,"BadSyntax: at line 4 of <>:
Bad syntax (expected directive or statement) at ^ in:
""b'\n# Natural Language Question\n# =======================\n'^b'Proteins with binding sites for ligands similar to heme\n\n# T'..."""
938809221,sebastians1999/federated-sparql-rag-agent,a064b7529e66a7f30504ce243d96961d52603900,experiments/experiment_data/LtM backup runs/run_3/ev_2025-05-07_02-45-49/5_comparison.ttl,extension:.ttl,1670,bc44274452a98199f6eccdaa4b325938240348bef0471ef4dd74e1ce5154f689,fetched,parse_error,turtle,false,0,0,0,0,0,,"BadSyntax: at line 4 of <>:
Bad syntax (expected directive or statement) at ^ in:
""b'\n# Natural Language Question\n# =======================\n'^b'For a given lipid (SWISSLIPID:000399814, Ceramide), return a'..."""
938809221,sebastians1999/federated-sparql-rag-agent,a064b7529e66a7f30504ce243d96961d52603900,experiments/experiment_data/LtM backup runs/run_3/ev_2025-05-07_02-45-49/60_comparison.ttl,extension:.ttl,2474,e47d5d20c36248f73fc553b86e9ab1e425625a08041b754861195905a57e0098,fetched,parse_error,turtle,false,0,0,0,0,0,,"BadSyntax: at line 4 of <>:
Bad syntax (expected directive or statement) at ^ in:
""b'\n# Natural Language Question\n# =======================\n'^b'Find human proteins that catalyze reactions where substrates'..."""
938809221,sebastians1999/federated-sparql-rag-agent,a064b7529e66a7f30504ce243d96961d52603900,experiments/experiment_data/LtM backup runs/run_3/ev_2025-05-07_02-45-49/67_draft_human_metabolome_comparison.ttl,extension:.ttl,1746,e36d5edc1e2b230af6b239a51eb51855b626621d0e1db9ffeea4222bf0ba47e2,fetched,parse_error,turtle,true,0,0,0,0,0,,"BadSyntax: at line 4 of <>:
Bad syntax (expected directive or statement) at ^ in:
""b'\n# Natural Language Question\n# =======================\n'^b'Generate a draft human metabolome\n\n# Target Endpoint\n# ====='..."""
938809221,sebastians1999/federated-sparql-rag-agent,a064b7529e66a7f30504ce243d96961d52603900,experiments/experiment_data/LtM backup runs/run_3/ev_2025-05-07_02-45-49/6_comparison.ttl,extension:.ttl,2534,8891b4dcfb84c2c0681c7307c28e069347a2873d1a0f9d4ed4854dd42d0663e4,fetched,parse_error,turtle,false,0,0,0,0,0,,"BadSyntax: at line 4 of <>:
Bad syntax (expected directive or statement) at ^ in:
""b'\n# Natural Language Question\n# =======================\n'^b'For a given lipid (SWISSLIPID:000399814, Ceramide), return a'..."""
938809221,sebastians1999/federated-sparql-rag-agent,a064b7529e66a7f30504ce243d96961d52603900,experiments/experiment_data/LtM backup runs/run_3/ev_2025-05-07_02-45-49/70_enzymes_interacting_with_molecules_similar_to_dopamine_comparison.ttl,extension:.ttl,1845,289bc9846083f86c02565a475a99298ebe062462f690fb82914bd12c3e555d71,fetched,parse_error,turtle,false,0,0,0,0,0,,"BadSyntax: at line 4 of <>:
Bad syntax (expected directive or statement) at ^ in:
""b'\n# Natural Language Question\n# =======================\n'^b'Look for enzymes catalyzing reactions with molecules similar'..."""
938809221,sebastians1999/federated-sparql-rag-agent,a064b7529e66a7f30504ce243d96961d52603900,experiments/experiment_data/LtM backup runs/run_3/ev_2025-05-07_02-45-49/94_Select_all_approved_reactions_with_CHEBI_or_one_of_its_descendant_optional_UniProtKB_reviewed_EC_comparison.ttl,extension:.ttl,1918,7ad8046d04effcd9b1bbd9d1810ae8e4bd6cc91c5f88ba742659dd7cbd328df6,fetched,parse_error,turtle,false,0,0,0,0,0,,"BadSyntax: at line 4 of <>:
Bad syntax (expected directive or statement) at ^ in:
""b'\n# Natural Language Question\n# =======================\n'^b'Select all approved reactions with CHEBI:17815 (a 1,2-diacyl'..."""
938809221,sebastians1999/federated-sparql-rag-agent,a064b7529e66a7f30504ce243d96961d52603900,experiments/experiment_data/ev_2025-04-21_18-31-20/109_Distribution_of_reactions_according_to_the_first_level_of_enzyme_classification_comparison.ttl,extension:.ttl,1487,c441d0e50e61796d0e2226e8ebd6759f97a5438e8e0ad1abb572d9676e9e48b6,fetched,parse_error,turtle,false,0,0,0,0,0,,"BadSyntax: at line 4 of <>:
Bad syntax (expected directive or statement) at ^ in:
""b'\n# Natural Language Question\n# =======================\n'^b'Distribution of reactions according to the first level of en'..."""
938809221,sebastians1999/federated-sparql-rag-agent,a064b7529e66a7f30504ce243d96961d52603900,experiments/experiment_data/ev_2025-04-21_18-31-20/112_Total_number_of_reaction_ec_protein_links_comparison.ttl,extension:.ttl,1031,af3dcf9f5b71c604bd24fa1d941e6948c770c82cb9844fe63056796e20fe00ea,fetched,parse_error,turtle,false,0,0,0,0,0,,"BadSyntax: at line 4 of <>:
Bad syntax (expected directive or statement) at ^ in:
""b'\n# Natural Language Question\n# =======================\n'^b'Total number of <reaction> <ec> <protein> links\n\n# Target En'..."""
938809221,sebastians1999/federated-sparql-rag-agent,a064b7529e66a7f30504ce243d96961d52603900,experiments/experiment_data/ev_2025-04-21_18-31-20/115_Retrieve_the_set_of_metabolites_involved_in_reactions_catalyzed_by_human_genes_HUMAN_reference_proteome_comparison.ttl,extension:.ttl,3147,09ff3fb720ce28965a380fac710aa5c4d3d53b4202f7ea23472e89b71f0f4f14,fetched,parse_error,turtle,false,0,0,0,0,0,,"BadSyntax: at line 4 of <>:
Bad syntax (expected directive or statement) at ^ in:
""b'\n# Natural Language Question\n# =======================\n'^b'Retrieve the set of metabolites involved in reactions cataly'..."""
938809221,sebastians1999/federated-sparql-rag-agent,a064b7529e66a7f30504ce243d96961d52603900,experiments/experiment_data/ev_2025-04-21_18-31-20/116_biosodafrontend_rabit_mouse_orthologs_comparison.ttl,extension:.ttl,2414,221ae4d71faf198fddb63ebf33e151e91676bc4f372fe87c8b7769e6d8509b45,fetched,parse_error,turtle,false,0,0,0,0,0,,"BadSyntax: at line 4 of <>:
Bad syntax (expected directive or statement) at ^ in:
""b'\n# Natural Language Question\n# =======================\n'^b""Rabbit's proteins encoded by genes that are orthologous to M""..."""
938809221,sebastians1999/federated-sparql-rag-agent,a064b7529e66a7f30504ce243d96961d52603900,experiments/experiment_data/ev_2025-04-21_18-31-20/117_Retrieve_parent_reactions_and_their_catalyzing_enzymes_for_a_metabolite_that_is_not_directly_involved_in_a_reaction_comparison.ttl,extension:.ttl,2180,175ee35c028bb844c5ab2bf686ad4405242a0bd13f7e5611f26efb042ad7d3fa,fetched,parse_error,turtle,false,0,0,0,0,0,,"BadSyntax: at line 4 of <>:
Bad syntax (expected directive or statement) at ^ in:
""b'\n# Natural Language Question\n# =======================\n'^b'Retrieve parent reactions (and their catalyzing enzymes) for'..."""
938809221,sebastians1999/federated-sparql-rag-agent,a064b7529e66a7f30504ce243d96961d52603900,experiments/experiment_data/ev_2025-04-21_18-31-20/117_biosodafrontend_glioblastoma_orthologs_rat_comparison.ttl,extension:.ttl,2811,9dc3872172b0fee3977153147efc083ecb76ec88ccf6de22fe41036d154c7235,fetched,parse_error,turtle,false,0,0,0,0,0,,"BadSyntax: at line 4 of <>:
Bad syntax (expected directive or statement) at ^ in:
""b'\n# Natural Language Question\n# =======================\n'^b'Which are the proteins associated with glioblastoma and the '..."""
938809221,sebastians1999/federated-sparql-rag-agent,a064b7529e66a7f30504ce243d96961d52603900,experiments/experiment_data/ev_2025-04-21_18-31-20/118_biosodafrontend_rat_brain_human_cancer_comparison.ttl,extension:.ttl,3537,c49e88503fdde1f27d765f619efc073009ac786e5c1ee91ef89be22ac3382a0d,fetched,parse_error,turtle,false,0,0,0,0,0,,"BadSyntax: at line 4 of <>:
Bad syntax (expected directive or statement) at ^ in:
""b'\n# Natural Language Question\n# =======================\n'^b'What are the Homo sapiens genes associated with cancer and t'..."""
938809221,sebastians1999/federated-sparql-rag-agent,a064b7529e66a7f30504ce243d96961d52603900,experiments/experiment_data/ev_2025-04-21_18-31-20/11_comparison.ttl,extension:.ttl,1664,961479ce1e6a4464b77e92112726caa6752a194e371b73dd8ed0780c3aa36236,fetched,parse_error,turtle,false,0,0,0,0,0,,"BadSyntax: at line 4 of <>:
Bad syntax (expected directive or statement) at ^ in:
""b'\n# Natural Language Question\n# =======================\n'^b'Distribution of reactions according to the first class of th'..."""
938809221,sebastians1999/federated-sparql-rag-agent,a064b7529e66a7f30504ce243d96961d52603900,experiments/experiment_data/ev_2025-04-21_18-31-20/12_comparison.ttl,extension:.ttl,1354,e598fa9fd04c27f84a94d34d4103a9867c760faf843a1470f585f4d4e17b9d61,fetched,parse_error,turtle,false,0,0,0,0,0,,"BadSyntax: at line 4 of <>:
Bad syntax (expected directive or statement) at ^ in:
""b'\n# Natural Language Question\n# =======================\n'^b'Select all Rhea reactions linked to protein sequences (enzym'..."""
938809221,sebastians1999/federated-sparql-rag-agent,a064b7529e66a7f30504ce243d96961d52603900,experiments/experiment_data/ev_2025-04-21_18-31-20/16_comparison.ttl,extension:.ttl,1716,b093309818fdfb491fad7be9a56a8f29f05126b23354e972195dd05832afae53,fetched,parse_error,turtle,false,0,0,0,0,0,,"BadSyntax: at line 4 of <>:
Bad syntax (expected directive or statement) at ^ in:
""b'\n# Natural Language Question\n# =======================\n'^b'For a given lipid (SWISSLIPID:000399814, Ceramide), return a'..."""
938809221,sebastians1999/federated-sparql-rag-agent,a064b7529e66a7f30504ce243d96961d52603900,experiments/experiment_data/ev_2025-04-21_18-31-20/18_comparison.ttl,extension:.ttl,1449,8c43a6889d4ee903a972687ce76121dc35c8b52c497f1dbbdf5b470977e2ad9d,fetched,parse_error,turtle,false,0,0,0,0,0,,"BadSyntax: at line 4 of <>:
Bad syntax (expected directive or statement) at ^ in:
""b'\n# Natural Language Question\n# =======================\n'^b'Use <a href=""https://idsm.elixir-czech.cz/sparql"">IDSM Sache'..."""
938809221,sebastians1999/federated-sparql-rag-agent,a064b7529e66a7f30504ce243d96961d52603900,experiments/experiment_data/ev_2025-04-21_18-31-20/19_draft_human_metabolome_comparison.ttl,extension:.ttl,1717,00d36d0632986a5214c7e4b5b77ca85a3b5db5c814854a8dc152daca857f37f0,fetched,parse_error,turtle,true,0,0,0,0,0,,"BadSyntax: at line 4 of <>:
Bad syntax (expected directive or statement) at ^ in:
""b'\n# Natural Language Question\n# =======================\n'^b'Generate a draft human metabolome\n\n# Target Endpoint\n# ====='..."""
938809221,sebastians1999/federated-sparql-rag-agent,a064b7529e66a7f30504ce243d96961d52603900,experiments/experiment_data/ev_2025-04-21_18-31-20/20_search_chemical_names_in_japanese_comparison.ttl,extension:.ttl,1078,86a5fb498b802598fea8df6946eaf6c7b6adf2526fad18ae1a2743f3af68396e,fetched,parse_error,turtle,false,0,0,0,0,0,,"BadSyntax: at line 4 of <>:
Bad syntax (expected directive or statement) at ^ in:
""b'\n# Natural Language Question\n# =======================\n'^b'Search for Chemical names starting in Japanese, translated t'..."""
938809221,sebastians1999/federated-sparql-rag-agent,a064b7529e66a7f30504ce243d96961d52603900,experiments/experiment_data/ev_2025-04-21_18-31-20/29_comparison.ttl,extension:.ttl,1169,87a19c2ecdd3af83bc9994b725b9816fa9234247d43b6ec5e99d89a2faf8b226,fetched,parse_error,turtle,false,0,0,0,0,0,,"BadSyntax: at line 4 of <>:
Bad syntax (expected directive or statement) at ^ in:
""b'\n# Natural Language Question\n# =======================\n'^b'Use <a href=""http://allie.dbcls.jp/"">ALLIE</a> a service for'..."""
938809221,sebastians1999/federated-sparql-rag-agent,a064b7529e66a7f30504ce243d96961d52603900,experiments/experiment_data/ev_2025-04-21_18-31-20/34_comparison.ttl,extension:.ttl,1664,d674ef920103f274f005af8f4fde212e9680bac249ec317c76ecb3976089f47c,fetched,parse_error,turtle,false,0,0,0,0,0,,"BadSyntax: at line 4 of <>:
Bad syntax (expected directive or statement) at ^ in:
""b'\n# Natural Language Question\n# =======================\n'^b'Lipids affected by human enzymes\n\n# Target Endpoint\n# ======'..."""
938809221,sebastians1999/federated-sparql-rag-agent,a064b7529e66a7f30504ce243d96961d52603900,experiments/experiment_data/ev_2025-04-21_18-31-20/36_comparison.ttl,extension:.ttl,1815,c1d76f345b2d8c4e23174d74f42901246ba98a7b53100f5d159f73a1959eb464,fetched,parse_error,turtle,false,0,0,0,0,0,,"BadSyntax: at line 4 of <>:
Bad syntax (expected directive or statement) at ^ in:
""b'\n# Natural Language Question\n# =======================\n'^b'Find the orthologous proteins for UniProtKB entry P05067 usi'..."""
938809221,sebastians1999/federated-sparql-rag-agent,a064b7529e66a7f30504ce243d96961d52603900,experiments/experiment_data/ev_2025-04-21_18-31-20/38_comparison.ttl,extension:.ttl,1816,a7659e4251416df34f8df8c64020989f2b99d67390cd3016325b685382f22464,fetched,parse_error,turtle,false,0,0,0,0,0,,"BadSyntax: at line 4 of <>:
Bad syntax (expected directive or statement) at ^ in:
""b'\n# Natural Language Question\n# =======================\n'^b'For the human entry P05067 (Amyloid-beta precursor protein) '..."""
938809221,sebastians1999/federated-sparql-rag-agent,a064b7529e66a7f30504ce243d96961d52603900,experiments/experiment_data/ev_2025-04-21_18-31-20/40_comparison.ttl,extension:.ttl,1651,be657b9dbb28f9e34f3d0b2af82e7b2b63d7956158838f5fc43f1d4f7d926063,fetched,parse_error,turtle,false,0,0,0,0,0,,"BadSyntax: at line 4 of <>:
Bad syntax (expected directive or statement) at ^ in:
""b'\n# Natural Language Question\n# =======================\n'^b'Retrieve human enzymes that metabolize sphingolipids and are'..."""
938809221,sebastians1999/federated-sparql-rag-agent,a064b7529e66a7f30504ce243d96961d52603900,experiments/experiment_data/ev_2025-04-21_18-31-20/42_comparison.ttl,extension:.ttl,1438,00a0990d5f3ab49fbb24e65f499f58ceaee993ac4d36878a074da5790f3ef11c,fetched,parse_error,turtle,false,0,0,0,0,0,,"BadSyntax: at line 4 of <>:
Bad syntax (expected directive or statement) at ^ in:
""b'\n# Natural Language Question\n# =======================\n'^b'Connect patents cited in UniProtKB with those in the patent '..."""
938809221,sebastians1999/federated-sparql-rag-agent,a064b7529e66a7f30504ce243d96961d52603900,experiments/experiment_data/ev_2025-04-21_18-31-20/43_comparison.ttl,extension:.ttl,1811,e9ef71ad44e6b4c488d05d8e3dce66a9e0dd1713b86da1147e72ab4a5cae6d59,fetched,parse_error,turtle,false,0,0,0,0,0,,"BadSyntax: at line 4 of <>:
Bad syntax (expected directive or statement) at ^ in:
""b'\n# Natural Language Question\n# =======================\n'^b'Connect patents cited in UniProtKB with those in the patent '..."""
938809221,sebastians1999/federated-sparql-rag-agent,a064b7529e66a7f30504ce243d96961d52603900,experiments/experiment_data/ev_2025-04-21_18-31-20/45_comparison.ttl,extension:.ttl,2974,28479e04a4f39fed51e9e64ec3f6f9f8f52fd810f729e5813649212513f98fa7,fetched,parse_error,turtle,false,0,0,0,0,0,,"BadSyntax: at line 4 of <>:
Bad syntax (expected directive or statement) at ^ in:
""b'\n# Natural Language Question\n# =======================\n'^b'Retrieve drugs that target human enzymes involved in sterol '..."""
938809221,sebastians1999/federated-sparql-rag-agent,a064b7529e66a7f30504ce243d96961d52603900,experiments/experiment_data/ev_2025-04-21_18-31-20/49_comparison.ttl,extension:.ttl,2539,9d229d672fb10bd4599e7f31568cf5b1a66aa2516317d0387fef699c19826d5c,fetched,parse_error,turtle,false,0,0,0,0,0,,"BadSyntax: at line 4 of <>:
Bad syntax (expected directive or statement) at ^ in:
""b'\n# Natural Language Question\n# =======================\n'^b'Retrieve the UniProtKB proteins, their catalyzed Rhea reacti'..."""
938809221,sebastians1999/federated-sparql-rag-agent,a064b7529e66a7f30504ce243d96961d52603900,experiments/experiment_data/ev_2025-04-21_18-31-20/51_comparison.ttl,extension:.ttl,1892,b52d882d635405810ae61a25cf1d572d43df01b76e57aae4805316f5718cda17,fetched,parse_error,turtle,false,0,0,0,0,0,,"BadSyntax: at line 4 of <>:
Bad syntax (expected directive or statement) at ^ in:
""b'\n# Natural Language Question\n# =======================\n'^b'Find all proteins linked to arachidonate (CHEBI:32395)\n\n# Ta'..."""
938809221,sebastians1999/federated-sparql-rag-agent,a064b7529e66a7f30504ce243d96961d52603900,experiments/experiment_data/ev_2025-04-21_18-31-20/52_comparison.ttl,extension:.ttl,4054,994d4218d02e6521b6fb5804415085f529088d30cfe29f81a0f1cefea707b556,fetched,parse_error,turtle,false,0,0,0,0,0,,"BadSyntax: at line 4 of <>:
Bad syntax (expected directive or statement) at ^ in:
""b'\n# Natural Language Question\n# =======================\n'^b'Retrieve drugs that target human enzymes involved in sterol '..."""
938809221,sebastians1999/federated-sparql-rag-agent,a064b7529e66a7f30504ce243d96961d52603900,experiments/experiment_data/ev_2025-04-21_18-31-20/53_comparison.ttl,extension:.ttl,2987,a66f9eeb1abf0d23cd1e13861463b632e70b7501a859382968b2f6d3e35f6224,fetched,parse_error,turtle,false,0,0,0,0,0,,"BadSyntax: at line 4 of <>:
Bad syntax (expected directive or statement) at ^ in:
""b'\n# Natural Language Question\n# =======================\n'^b'Find mouse homologs in OMABrowser of human enzymes that cata'..."""
938809221,sebastians1999/federated-sparql-rag-agent,a064b7529e66a7f30504ce243d96961d52603900,experiments/experiment_data/ev_2025-04-21_18-31-20/54_comparison.ttl,extension:.ttl,1853,9d9fdbff60c222d15108e26535fe9a46d3e518ae9db12ecd72ac861d7cb341a7,fetched,parse_error,turtle,false,0,0,0,0,0,,"BadSyntax: at line 4 of <>:
Bad syntax (expected directive or statement) at ^ in:
""b'\n# Natural Language Question\n# =======================\n'^b'Proteins with binding sites for ligands similar to heme\n\n# T'..."""
938809221,sebastians1999/federated-sparql-rag-agent,a064b7529e66a7f30504ce243d96961d52603900,experiments/experiment_data/ev_2025-04-21_18-31-20/5_comparison.ttl,extension:.ttl,1656,8b366216d7595dbe49ce9c9a342ab37ba073fede910009f59652ac74b022758a,fetched,parse_error,turtle,false,0,0,0,0,0,,"BadSyntax: at line 4 of <>:
Bad syntax (expected directive or statement) at ^ in:
""b'\n# Natural Language Question\n# =======================\n'^b'For a given lipid (SWISSLIPID:000399814, Ceramide), return a'..."""
938809221,sebastians1999/federated-sparql-rag-agent,a064b7529e66a7f30504ce243d96961d52603900,experiments/experiment_data/ev_2025-04-21_18-31-20/60_comparison.ttl,extension:.ttl,2593,2d3a6c55a790ce9d6e05634487e9cf45818769e852460de9e3f1a31b9cffef7e,fetched,parse_error,turtle,false,0,0,0,0,0,,"BadSyntax: at line 4 of <>:
Bad syntax (expected directive or statement) at ^ in:
""b'\n# Natural Language Question\n# =======================\n'^b'Find human proteins that catalyze reactions where substrates'..."""
938809221,sebastians1999/federated-sparql-rag-agent,a064b7529e66a7f30504ce243d96961d52603900,experiments/experiment_data/ev_2025-04-21_18-31-20/67_draft_human_metabolome_comparison.ttl,extension:.ttl,1363,8ce45f5d4d422250ff35df7816b753b42154790c71fb7a08138259d58736d3bc,fetched,parse_error,turtle,true,0,0,0,0,0,,"BadSyntax: at line 4 of <>:
Bad syntax (expected directive or statement) at ^ in:
""b'\n# Natural Language Question\n# =======================\n'^b'Generate a draft human metabolome\n\n# Target Endpoint\n# ====='..."""
938809221,sebastians1999/federated-sparql-rag-agent,a064b7529e66a7f30504ce243d96961d52603900,experiments/experiment_data/ev_2025-04-21_18-31-20/6_comparison.ttl,extension:.ttl,2267,f8ee385901a4c633db588941bd2e17d905eebdb67201fc36c6b16e2775481b30,fetched,parse_error,turtle,false,0,0,0,0,0,,"BadSyntax: at line 4 of <>:
Bad syntax (expected directive or statement) at ^ in:
""b'\n# Natural Language Question\n# =======================\n'^b'For a given lipid (SWISSLIPID:000399814, Ceramide), return a'..."""
938809221,sebastians1999/federated-sparql-rag-agent,a064b7529e66a7f30504ce243d96961d52603900,experiments/experiment_data/ev_2025-04-21_18-31-20/70_enzymes_interacting_with_molecules_similar_to_dopamine_comparison.ttl,extension:.ttl,1710,62e9c3f490e2aa0d13a594bfd81de1677b5b61ea9642806d7144e3b929c330dd,fetched,parse_error,turtle,false,0,0,0,0,0,,"BadSyntax: at line 4 of <>:
Bad syntax (expected directive or statement) at ^ in:
""b'\n# Natural Language Question\n# =======================\n'^b'Look for enzymes catalyzing reactions with molecules similar'..."""
938809221,sebastians1999/federated-sparql-rag-agent,a064b7529e66a7f30504ce243d96961d52603900,experiments/experiment_data/ev_2025-04-21_18-31-20/94_Select_all_approved_reactions_with_CHEBI_or_one_of_its_descendant_optional_UniProtKB_reviewed_EC_comparison.ttl,extension:.ttl,1786,25f43702fc42458be1db9bfe296d87e9d853d219df11fd95a5d17bede2b5ad2e,fetched,parse_error,turtle,false,0,0,0,0,0,,"BadSyntax: at line 4 of <>:
Bad syntax (expected directive or statement) at ^ in:
""b'\n# Natural Language Question\n# =======================\n'^b'Select all approved reactions with CHEBI:17815 (a 1,2-diacyl'..."""
938809221,sebastians1999/federated-sparql-rag-agent,a064b7529e66a7f30504ce243d96961d52603900,experiments/experiment_data/ev_2025-04-22_00-01-22/109_Distribution_of_reactions_according_to_the_first_level_of_enzyme_classification_comparison.ttl,extension:.ttl,1800,dce13e21cc5b6be58b864c6fd8c488a86a1ec1490b7cb022977612b6ca419624,fetched,parse_error,turtle,false,0,0,0,0,0,,"BadSyntax: at line 4 of <>:
Bad syntax (expected directive or statement) at ^ in:
""b'\n# Natural Language Question\n# =======================\n'^b'Distribution of reactions according to the first level of en'..."""
938809221,sebastians1999/federated-sparql-rag-agent,a064b7529e66a7f30504ce243d96961d52603900,experiments/experiment_data/ev_2025-04-22_00-01-22/112_Total_number_of_reaction_ec_protein_links_comparison.ttl,extension:.ttl,1623,84aaefd803a782106e97065b1d81ad37b358a55a8baa3c128f88d7ae4784dda1,fetched,parse_error,turtle,false,0,0,0,0,0,,"BadSyntax: at line 4 of <>:
Bad syntax (expected directive or statement) at ^ in:
""b'\n# Natural Language Question\n# =======================\n'^b'Total number of <reaction> <ec> <protein> links\n\n# Target En'..."""
938809221,sebastians1999/federated-sparql-rag-agent,a064b7529e66a7f30504ce243d96961d52603900,experiments/experiment_data/ev_2025-04-22_00-01-22/115_Retrieve_the_set_of_metabolites_involved_in_reactions_catalyzed_by_human_genes_HUMAN_reference_proteome_comparison.ttl,extension:.ttl,2712,bc527341fa24363b8fa7bac89aa2a758c1bbab0af5d61ec15354136847b35b8d,fetched,parse_error,turtle,false,0,0,0,0,0,,"BadSyntax: at line 4 of <>:
Bad syntax (expected directive or statement) at ^ in:
""b'\n# Natural Language Question\n# =======================\n'^b'Retrieve the set of metabolites involved in reactions cataly'..."""
938809221,sebastians1999/federated-sparql-rag-agent,a064b7529e66a7f30504ce243d96961d52603900,experiments/experiment_data/ev_2025-04-22_00-01-22/116_biosodafrontend_rabit_mouse_orthologs_comparison.ttl,extension:.ttl,2515,96fba9a95e404526361a80779ab54d6be00850cd436c680c3f9518c3e8ada148,fetched,parse_error,turtle,false,0,0,0,0,0,,"BadSyntax: at line 4 of <>:
Bad syntax (expected directive or statement) at ^ in:
""b'\n# Natural Language Question\n# =======================\n'^b""Rabbit's proteins encoded by genes that are orthologous to M""..."""
938809221,sebastians1999/federated-sparql-rag-agent,a064b7529e66a7f30504ce243d96961d52603900,experiments/experiment_data/ev_2025-04-22_00-01-22/117_Retrieve_parent_reactions_and_their_catalyzing_enzymes_for_a_metabolite_that_is_not_directly_involved_in_a_reaction_comparison.ttl,extension:.ttl,2441,021128c6723e489e5011a6e2141496b03f643339352958fcd010a03e381b908d,fetched,parse_error,turtle,false,0,0,0,0,0,,"BadSyntax: at line 4 of <>:
Bad syntax (expected directive or statement) at ^ in:
""b'\n# Natural Language Question\n# =======================\n'^b'Retrieve parent reactions (and their catalyzing enzymes) for'..."""
938809221,sebastians1999/federated-sparql-rag-agent,a064b7529e66a7f30504ce243d96961d52603900,experiments/experiment_data/ev_2025-04-22_00-01-22/117_biosodafrontend_glioblastoma_orthologs_rat_comparison.ttl,extension:.ttl,2713,aaf08c23253b387ec120ebcc74025984b9f9772a965aca5818dc397b8a0c7cc5,fetched,parse_error,turtle,false,0,0,0,0,0,,"BadSyntax: at line 4 of <>:
Bad syntax (expected directive or statement) at ^ in:
""b'\n# Natural Language Question\n# =======================\n'^b'Which are the proteins associated with glioblastoma and the '..."""
938809221,sebastians1999/federated-sparql-rag-agent,a064b7529e66a7f30504ce243d96961d52603900,experiments/experiment_data/ev_2025-04-22_00-01-22/118_biosodafrontend_rat_brain_human_cancer_comparison.ttl,extension:.ttl,3333,406db04a61fe936e9d4c0cdf520aa2f8b8b6ca6c4cd0d1ddc1367bf5fc47ae11,fetched,parse_error,turtle,false,0,0,0,0,0,,"BadSyntax: at line 4 of <>:
Bad syntax (expected directive or statement) at ^ in:
""b'\n# Natural Language Question\n# =======================\n'^b'What are the Homo sapiens genes associated with cancer and t'..."""
938809221,sebastians1999/federated-sparql-rag-agent,a064b7529e66a7f30504ce243d96961d52603900,experiments/experiment_data/ev_2025-04-22_00-01-22/11_comparison.ttl,extension:.ttl,1735,108af3c959be6aba05758ee6ab94a399466ee967c4d9abccac3db7af551f30a8,fetched,parse_error,turtle,false,0,0,0,0,0,,"BadSyntax: at line 4 of <>:
Bad syntax (expected directive or statement) at ^ in:
""b'\n# Natural Language Question\n# =======================\n'^b'Distribution of reactions according to the first class of th'..."""
938809221,sebastians1999/federated-sparql-rag-agent,a064b7529e66a7f30504ce243d96961d52603900,experiments/experiment_data/ev_2025-04-22_00-01-22/12_comparison.ttl,extension:.ttl,1822,405542e2cebcbd4719b4adda52c8d148581466d8f1850b90e0271de733aed90d,fetched,parse_error,turtle,false,0,0,0,0,0,,"BadSyntax: at line 4 of <>:
Bad syntax (expected directive or statement) at ^ in:
""b'\n# Natural Language Question\n# =======================\n'^b'Select all Rhea reactions linked to protein sequences (enzym'..."""
938809221,sebastians1999/federated-sparql-rag-agent,a064b7529e66a7f30504ce243d96961d52603900,experiments/experiment_data/ev_2025-04-22_00-01-22/16_comparison.ttl,extension:.ttl,2430,033ad95fdf2b289a734d8c33497af5f67d3934c8348f3ab173c8d750db76654b,fetched,parse_error,turtle,false,0,0,0,0,0,,"BadSyntax: at line 4 of <>:
Bad syntax (expected directive or statement) at ^ in:
""b'\n# Natural Language Question\n# =======================\n'^b'For a given lipid (SWISSLIPID:000399814, Ceramide), return a'..."""
938809221,sebastians1999/federated-sparql-rag-agent,a064b7529e66a7f30504ce243d96961d52603900,experiments/experiment_data/ev_2025-04-22_00-01-22/18_comparison.ttl,extension:.ttl,2021,7a77b9265b4c9179dc1d2374c1a518fe28e23aa4411564d8a04bed86d194185a,fetched,parse_error,turtle,false,0,0,0,0,0,,"BadSyntax: at line 4 of <>:
Bad syntax (expected directive or statement) at ^ in:
""b'\n# Natural Language Question\n# =======================\n'^b'Use <a href=""https://idsm.elixir-czech.cz/sparql"">IDSM Sache'..."""
938809221,sebastians1999/federated-sparql-rag-agent,a064b7529e66a7f30504ce243d96961d52603900,experiments/experiment_data/ev_2025-04-22_00-01-22/19_draft_human_metabolome_comparison.ttl,extension:.ttl,2370,b1fc2043650ea8a95db818b22ed4b5e4e3f387d2f9b2c2ff1490aa3fe7c3a59b,fetched,parse_error,turtle,true,0,0,0,0,0,,"BadSyntax: at line 4 of <>:
Bad syntax (expected directive or statement) at ^ in:
""b'\n# Natural Language Question\n# =======================\n'^b'Generate a draft human metabolome\n\n# Target Endpoint\n# ====='..."""
938809221,sebastians1999/federated-sparql-rag-agent,a064b7529e66a7f30504ce243d96961d52603900,experiments/experiment_data/ev_2025-04-22_00-01-22/20_search_chemical_names_in_japanese_comparison.ttl,extension:.ttl,1641,8fde369551fb0b9605e8046814a2943f738718f529321fb52079af992fc8e257,fetched,parse_error,turtle,false,0,0,0,0,0,,"BadSyntax: at line 4 of <>:
Bad syntax (expected directive or statement) at ^ in:
""b'\n# Natural Language Question\n# =======================\n'^b'Search for Chemical names starting in Japanese, translated t'..."""
938809221,sebastians1999/federated-sparql-rag-agent,a064b7529e66a7f30504ce243d96961d52603900,experiments/experiment_data/ev_2025-04-22_00-01-22/29_comparison.ttl,extension:.ttl,1169,87a19c2ecdd3af83bc9994b725b9816fa9234247d43b6ec5e99d89a2faf8b226,fetched,parse_error,turtle,false,0,0,0,0,0,,"BadSyntax: at line 4 of <>:
Bad syntax (expected directive or statement) at ^ in:
""b'\n# Natural Language Question\n# =======================\n'^b'Use <a href=""http://allie.dbcls.jp/"">ALLIE</a> a service for'..."""
938809221,sebastians1999/federated-sparql-rag-agent,a064b7529e66a7f30504ce243d96961d52603900,experiments/experiment_data/ev_2025-04-22_00-01-22/34_comparison.ttl,extension:.ttl,1746,d2ce5dc76ddc75ce6958ba209e98615f339e2c428465bf69b4f5f8bf3e726d35,fetched,parse_error,turtle,false,0,0,0,0,0,,"BadSyntax: at line 4 of <>:
Bad syntax (expected directive or statement) at ^ in:
""b'\n# Natural Language Question\n# =======================\n'^b'Lipids affected by human enzymes\n\n# Target Endpoint\n# ======'..."""
938809221,sebastians1999/federated-sparql-rag-agent,a064b7529e66a7f30504ce243d96961d52603900,experiments/experiment_data/ev_2025-04-22_00-01-22/36_comparison.ttl,extension:.ttl,2621,86f50e0b934cc48c6369f4ebe63a9f5dc244791b7b98dbbd8a397fe0a8cd5336,fetched,parse_error,turtle,false,0,0,0,0,0,,"BadSyntax: at line 4 of <>:
Bad syntax (expected directive or statement) at ^ in:
""b'\n# Natural Language Question\n# =======================\n'^b'Find the orthologous proteins for UniProtKB entry P05067 usi'..."""
938809221,sebastians1999/federated-sparql-rag-agent,a064b7529e66a7f30504ce243d96961d52603900,experiments/experiment_data/ev_2025-04-22_00-01-22/38_comparison.ttl,extension:.ttl,2277,a3895335a18b0461a0698509ef5377a93fb66d29ebc6c0ba386e9487f1712eb2,fetched,parse_error,turtle,false,0,0,0,0,0,,"BadSyntax: at line 4 of <>:
Bad syntax (expected directive or statement) at ^ in:
""b'\n# Natural Language Question\n# =======================\n'^b'For the human entry P05067 (Amyloid-beta precursor protein) '..."""
938809221,sebastians1999/federated-sparql-rag-agent,a064b7529e66a7f30504ce243d96961d52603900,experiments/experiment_data/ev_2025-04-22_00-01-22/40_comparison.ttl,extension:.ttl,2268,042c81d184434c9e7cce7aedc8d8a0e7faf795d5146b58cfbd761e67ab348ece,fetched,parse_error,turtle,false,0,0,0,0,0,,"BadSyntax: at line 4 of <>:
Bad syntax (expected directive or statement) at ^ in:
""b'\n# Natural Language Question\n# =======================\n'^b'Retrieve human enzymes that metabolize sphingolipids and are'..."""
938809221,sebastians1999/federated-sparql-rag-agent,a064b7529e66a7f30504ce243d96961d52603900,experiments/experiment_data/ev_2025-04-22_00-01-22/42_comparison.ttl,extension:.ttl,1997,717f8a6a6a46b9f0f9087974f1a2cd9b13ededea48e9e6571e4ebea951230633,fetched,parse_error,turtle,false,0,0,0,0,0,,"BadSyntax: at line 4 of <>:
Bad syntax (expected directive or statement) at ^ in:
""b'\n# Natural Language Question\n# =======================\n'^b'Connect patents cited in UniProtKB with those in the patent '..."""
938809221,sebastians1999/federated-sparql-rag-agent,a064b7529e66a7f30504ce243d96961d52603900,experiments/experiment_data/ev_2025-04-22_00-01-22/43_comparison.ttl,extension:.ttl,2993,8042c84342d078122c203e7a764873e3383bb1ee6dc25b336018b466cfd108cb,fetched,parse_error,turtle,false,0,0,0,0,0,,"BadSyntax: at line 4 of <>:
Bad syntax (expected directive or statement) at ^ in:
""b'\n# Natural Language Question\n# =======================\n'^b'Connect patents cited in UniProtKB with those in the patent '..."""
938809221,sebastians1999/federated-sparql-rag-agent,a064b7529e66a7f30504ce243d96961d52603900,experiments/experiment_data/ev_2025-04-22_00-01-22/45_comparison.ttl,extension:.ttl,4276,d81321d552d108eac65710e4b69d4b786da643ed4d2ed9a5af81dd67bb567360,fetched,parse_error,turtle,false,0,0,0,0,0,,"BadSyntax: at line 4 of <>:
Bad syntax (expected directive or statement) at ^ in:
""b'\n# Natural Language Question\n# =======================\n'^b'Retrieve drugs that target human enzymes involved in sterol '..."""
938809221,sebastians1999/federated-sparql-rag-agent,a064b7529e66a7f30504ce243d96961d52603900,experiments/experiment_data/ev_2025-04-22_00-01-22/49_comparison.ttl,extension:.ttl,3662,bfe858635aef8244cadd89b9fb5c6fe0533866a5aff44bc73bcca837d77967f4,fetched,parse_error,turtle,false,0,0,0,0,0,,"BadSyntax: at line 4 of <>:
Bad syntax (expected directive or statement) at ^ in:
""b'\n# Natural Language Question\n# =======================\n'^b'Retrieve the UniProtKB proteins, their catalyzed Rhea reacti'..."""
938809221,sebastians1999/federated-sparql-rag-agent,a064b7529e66a7f30504ce243d96961d52603900,experiments/experiment_data/ev_2025-04-22_00-01-22/51_comparison.ttl,extension:.ttl,1824,b4c5b00af18ea24bb1186a79901b252364d5ebac16c50f1a96229fe8002017ad,fetched,parse_error,turtle,false,0,0,0,0,0,,"BadSyntax: at line 4 of <>:
Bad syntax (expected directive or statement) at ^ in:
""b'\n# Natural Language Question\n# =======================\n'^b'Find all proteins linked to arachidonate (CHEBI:32395)\n\n# Ta'..."""
938809221,sebastians1999/federated-sparql-rag-agent,a064b7529e66a7f30504ce243d96961d52603900,experiments/experiment_data/ev_2025-04-22_00-01-22/52_comparison.ttl,extension:.ttl,4991,f96b6dd7e59929df4884c9e0bb9d6c3f0967e960c687d5d38831488252972622,fetched,parse_error,turtle,false,0,0,0,0,0,,"BadSyntax: at line 4 of <>:
Bad syntax (expected directive or statement) at ^ in:
""b'\n# Natural Language Question\n# =======================\n'^b'Retrieve drugs that target human enzymes involved in sterol '..."""
938809221,sebastians1999/federated-sparql-rag-agent,a064b7529e66a7f30504ce243d96961d52603900,experiments/experiment_data/ev_2025-04-22_00-01-22/53_comparison.ttl,extension:.ttl,2929,8a7920626dafbfd1249658f119b0e1721c878160367d334bb696f60d3da0e23d,fetched,parse_error,turtle,false,0,0,0,0,0,,"BadSyntax: at line 4 of <>:
Bad syntax (expected directive or statement) at ^ in:
""b'\n# Natural Language Question\n# =======================\n'^b'Find mouse homologs in OMABrowser of human enzymes that cata'..."""
938809221,sebastians1999/federated-sparql-rag-agent,a064b7529e66a7f30504ce243d96961d52603900,experiments/experiment_data/ev_2025-04-22_00-01-22/54_comparison.ttl,extension:.ttl,2113,bbac991913688f346da958f9207c1d9b3c59e33780cbf275dfa9407ccb9d530a,fetched,parse_error,turtle,false,0,0,0,0,0,,"BadSyntax: at line 4 of <>:
Bad syntax (expected directive or statement) at ^ in:
""b'\n# Natural Language Question\n# =======================\n'^b'Proteins with binding sites for ligands similar to heme\n\n# T'..."""
938809221,sebastians1999/federated-sparql-rag-agent,a064b7529e66a7f30504ce243d96961d52603900,experiments/experiment_data/ev_2025-04-22_00-01-22/5_comparison.ttl,extension:.ttl,2446,a0f54560882c27b0161d623b6511f4b27ac9508b38c35459f05d45675c635803,fetched,parse_error,turtle,false,0,0,0,0,0,,"BadSyntax: at line 4 of <>:
Bad syntax (expected directive or statement) at ^ in:
""b'\n# Natural Language Question\n# =======================\n'^b'For a given lipid (SWISSLIPID:000399814, Ceramide), return a'..."""
938809221,sebastians1999/federated-sparql-rag-agent,a064b7529e66a7f30504ce243d96961d52603900,experiments/experiment_data/ev_2025-04-22_00-01-22/60_comparison.ttl,extension:.ttl,2946,319b1d53ae2aa0c87ba0b90974b7829eb754df4354b22defa97ca0d89fcc5de7,fetched,parse_error,turtle,false,0,0,0,0,0,,"BadSyntax: at line 4 of <>:
Bad syntax (expected directive or statement) at ^ in:
""b'\n# Natural Language Question\n# =======================\n'^b'Find human proteins that catalyze reactions where substrates'..."""
938809221,sebastians1999/federated-sparql-rag-agent,a064b7529e66a7f30504ce243d96961d52603900,experiments/experiment_data/ev_2025-04-22_00-01-22/67_draft_human_metabolome_comparison.ttl,extension:.ttl,3035,f5f7ae08c0210d5debe1d23387b8ea31f74e318c70b62ddee5ebca9cea0fb457,fetched,parse_error,turtle,true,0,0,0,0,0,,"BadSyntax: at line 4 of <>:
Bad syntax (expected directive or statement) at ^ in:
""b'\n# Natural Language Question\n# =======================\n'^b'Generate a draft human metabolome\n\n# Target Endpoint\n# ====='..."""
938809221,sebastians1999/federated-sparql-rag-agent,a064b7529e66a7f30504ce243d96961d52603900,experiments/experiment_data/ev_2025-04-22_00-01-22/6_comparison.ttl,extension:.ttl,2652,36ed423dce82375bca66171261679cd393005e93d04aa54eb13a2105502a868a,fetched,parse_error,turtle,false,0,0,0,0,0,,"BadSyntax: at line 4 of <>:
Bad syntax (expected directive or statement) at ^ in:
""b'\n# Natural Language Question\n# =======================\n'^b'For a given lipid (SWISSLIPID:000399814, Ceramide), return a'..."""
938809221,sebastians1999/federated-sparql-rag-agent,a064b7529e66a7f30504ce243d96961d52603900,experiments/experiment_data/ev_2025-04-22_00-01-22/70_enzymes_interacting_with_molecules_similar_to_dopamine_comparison.ttl,extension:.ttl,2058,550ac999276b6515d5955f8d1c6b546f9ef7726181f5ea2b2cb787c4a138c659,fetched,parse_error,turtle,false,0,0,0,0,0,,"BadSyntax: at line 4 of <>:
Bad syntax (expected directive or statement) at ^ in:
""b'\n# Natural Language Question\n# =======================\n'^b'Look for enzymes catalyzing reactions with molecules similar'..."""
938809221,sebastians1999/federated-sparql-rag-agent,a064b7529e66a7f30504ce243d96961d52603900,experiments/experiment_data/ev_2025-04-22_00-01-22/94_Select_all_approved_reactions_with_CHEBI_or_one_of_its_descendant_optional_UniProtKB_reviewed_EC_comparison.ttl,extension:.ttl,2325,2fc6378dbddda9f4e4bb26627f4ba10715323cf54f066592f1d022867e72a0f5,fetched,parse_error,turtle,false,0,0,0,0,0,,"BadSyntax: at line 4 of <>:
Bad syntax (expected directive or statement) at ^ in:
""b'\n# Natural Language Question\n# =======================\n'^b'Select all approved reactions with CHEBI:17815 (a 1,2-diacyl'..."""
938809221,sebastians1999/federated-sparql-rag-agent,a064b7529e66a7f30504ce243d96961d52603900,experiments/experiment_data/ev_2025-04-22_02-04-22/109_Distribution_of_reactions_according_to_the_first_level_of_enzyme_classification_comparison.ttl,extension:.ttl,1991,ca2596152c5a98b10e480822e5a37d90a5bc9bfcd95386535831d65a7db74abb,fetched,parse_error,turtle,false,0,0,0,0,0,,"BadSyntax: at line 4 of <>:
Bad syntax (expected directive or statement) at ^ in:
""b'\n# Natural Language Question\n# =======================\n'^b'Distribution of reactions according to the first level of en'..."""
938809221,sebastians1999/federated-sparql-rag-agent,a064b7529e66a7f30504ce243d96961d52603900,experiments/experiment_data/ev_2025-04-22_02-04-22/112_Total_number_of_reaction_ec_protein_links_comparison.ttl,extension:.ttl,1346,7317be166c0f97216e861ee9b16e3dbabf88d14ddeaa4df5a635d38e8411e15f,fetched,parse_error,turtle,false,0,0,0,0,0,,"BadSyntax: at line 4 of <>:
Bad syntax (expected directive or statement) at ^ in:
""b'\n# Natural Language Question\n# =======================\n'^b'Total number of <reaction> <ec> <protein> links\n\n# Target En'..."""
938809221,sebastians1999/federated-sparql-rag-agent,a064b7529e66a7f30504ce243d96961d52603900,experiments/experiment_data/ev_2025-04-22_02-04-22/115_Retrieve_the_set_of_metabolites_involved_in_reactions_catalyzed_by_human_genes_HUMAN_reference_proteome_comparison.ttl,extension:.ttl,2939,976897ad441c5d217a941f80b4735b44dd108fc1574d81170fe4feb3e7025ab1,fetched,parse_error,turtle,false,0,0,0,0,0,,"BadSyntax: at line 4 of <>:
Bad syntax (expected directive or statement) at ^ in:
""b'\n# Natural Language Question\n# =======================\n'^b'Retrieve the set of metabolites involved in reactions cataly'..."""
938809221,sebastians1999/federated-sparql-rag-agent,a064b7529e66a7f30504ce243d96961d52603900,experiments/experiment_data/ev_2025-04-22_02-04-22/116_biosodafrontend_rabit_mouse_orthologs_comparison.ttl,extension:.ttl,1278,8eb8b7f86a3824a465e57ed2a321b357e065cb615cca5b08536630d2522455c9,fetched,parse_error,turtle,false,0,0,0,0,0,,"BadSyntax: at line 4 of <>:
Bad syntax (expected directive or statement) at ^ in:
""b'\n# Natural Language Question\n# =======================\n'^b""Rabbit's proteins encoded by genes that are orthologous to M""..."""
938809221,sebastians1999/federated-sparql-rag-agent,a064b7529e66a7f30504ce243d96961d52603900,experiments/experiment_data/ev_2025-04-22_02-04-22/117_Retrieve_parent_reactions_and_their_catalyzing_enzymes_for_a_metabolite_that_is_not_directly_involved_in_a_reaction_comparison.ttl,extension:.ttl,2305,13d7792fb10df7271fe74a28f6b29aec11600aef55c072be4b24c28178374701,fetched,parse_error,turtle,false,0,0,0,0,0,,"BadSyntax: at line 4 of <>:
Bad syntax (expected directive or statement) at ^ in:
""b'\n# Natural Language Question\n# =======================\n'^b'Retrieve parent reactions (and their catalyzing enzymes) for'..."""
938809221,sebastians1999/federated-sparql-rag-agent,a064b7529e66a7f30504ce243d96961d52603900,experiments/experiment_data/ev_2025-04-22_02-04-22/117_biosodafrontend_glioblastoma_orthologs_rat_comparison.ttl,extension:.ttl,2970,c70c7f21a83124df91b520e42fe0de12217adbacc3b90efb34184c16373e299b,fetched,parse_error,turtle,false,0,0,0,0,0,,"BadSyntax: at line 4 of <>:
Bad syntax (expected directive or statement) at ^ in:
""b'\n# Natural Language Question\n# =======================\n'^b'Which are the proteins associated with glioblastoma and the '..."""
938809221,sebastians1999/federated-sparql-rag-agent,a064b7529e66a7f30504ce243d96961d52603900,experiments/experiment_data/ev_2025-04-22_02-04-22/118_biosodafrontend_rat_brain_human_cancer_comparison.ttl,extension:.ttl,1952,88b5bedeabbfa9a90e73401814f5c0c955bc0912b0ee6077aca447e11c5cb749,fetched,parse_error,turtle,false,0,0,0,0,0,,"BadSyntax: at line 4 of <>:
Bad syntax (expected directive or statement) at ^ in:
""b'\n# Natural Language Question\n# =======================\n'^b'What are the Homo sapiens genes associated with cancer and t'..."""
938809221,sebastians1999/federated-sparql-rag-agent,a064b7529e66a7f30504ce243d96961d52603900,experiments/experiment_data/ev_2025-04-22_02-04-22/11_comparison.ttl,extension:.ttl,1785,ed9afe3d901748bb3d99c8f18a536a907c706bc0fa8a60ca65e19839f2c08767,fetched,parse_error,turtle,false,0,0,0,0,0,,"BadSyntax: at line 4 of <>:
Bad syntax (expected directive or statement) at ^ in:
""b'\n# Natural Language Question\n# =======================\n'^b'Distribution of reactions according to the first class of th'..."""
938809221,sebastians1999/federated-sparql-rag-agent,a064b7529e66a7f30504ce243d96961d52603900,experiments/experiment_data/ev_2025-04-22_02-04-22/12_comparison.ttl,extension:.ttl,1526,a296c2bf77b6c96550d2f64691c619ba8b3f3b2a3a33d270bdd37cf260e6a98b,fetched,parse_error,turtle,false,0,0,0,0,0,,"BadSyntax: at line 4 of <>:
Bad syntax (expected directive or statement) at ^ in:
""b'\n# Natural Language Question\n# =======================\n'^b'Select all Rhea reactions linked to protein sequences (enzym'..."""
938809221,sebastians1999/federated-sparql-rag-agent,a064b7529e66a7f30504ce243d96961d52603900,experiments/experiment_data/ev_2025-04-22_02-04-22/16_comparison.ttl,extension:.ttl,2129,d89781fe47fe6397bd30f83223c7d80eb8e90897f216cac86311ebc1b5c7275f,fetched,parse_error,turtle,false,0,0,0,0,0,,"BadSyntax: at line 4 of <>:
Bad syntax (expected directive or statement) at ^ in:
""b'\n# Natural Language Question\n# =======================\n'^b'For a given lipid (SWISSLIPID:000399814, Ceramide), return a'..."""
938809221,sebastians1999/federated-sparql-rag-agent,a064b7529e66a7f30504ce243d96961d52603900,experiments/experiment_data/ev_2025-04-22_02-04-22/18_comparison.ttl,extension:.ttl,1703,6dc7518863711ad9f358a89f431a7343bf99b9e7979fdc622123b582046b6494,fetched,parse_error,turtle,false,0,0,0,0,0,,"BadSyntax: at line 4 of <>:
Bad syntax (expected directive or statement) at ^ in:
""b'\n# Natural Language Question\n# =======================\n'^b'Use <a href=""https://idsm.elixir-czech.cz/sparql"">IDSM Sache'..."""
938809221,sebastians1999/federated-sparql-rag-agent,a064b7529e66a7f30504ce243d96961d52603900,experiments/experiment_data/ev_2025-04-22_02-04-22/19_draft_human_metabolome_comparison.ttl,extension:.ttl,2118,372547bfc461275f8dfe79b1383e136cd9e1acc3f58a287d01dd89c9a128a99d,fetched,parse_error,turtle,true,0,0,0,0,0,,"BadSyntax: at line 4 of <>:
Bad syntax (expected directive or statement) at ^ in:
""b'\n# Natural Language Question\n# =======================\n'^b'Generate a draft human metabolome\n\n# Target Endpoint\n# ====='..."""
938809221,sebastians1999/federated-sparql-rag-agent,a064b7529e66a7f30504ce243d96961d52603900,experiments/experiment_data/ev_2025-04-22_02-04-22/20_search_chemical_names_in_japanese_comparison.ttl,extension:.ttl,1673,eaf821a53cd65b2094baf4760273fe24b73fcf0adbc9df7a8eb52937fe6cc420,fetched,parse_error,turtle,false,0,0,0,0,0,,"BadSyntax: at line 4 of <>:
Bad syntax (expected directive or statement) at ^ in:
""b'\n# Natural Language Question\n# =======================\n'^b'Search for Chemical names starting in Japanese, translated t'..."""
938809221,sebastians1999/federated-sparql-rag-agent,a064b7529e66a7f30504ce243d96961d52603900,experiments/experiment_data/ev_2025-04-22_02-04-22/29_comparison.ttl,extension:.ttl,3098,64dd4f690ee355d965b5f426c14d243ee593738af2ea7ee8d98aa7ad42707a42,fetched,parse_error,turtle,false,0,0,0,0,0,,"BadSyntax: at line 4 of <>:
Bad syntax (expected directive or statement) at ^ in:
""b'\n# Natural Language Question\n# =======================\n'^b'Use <a href=""http://allie.dbcls.jp/"">ALLIE</a> a service for'..."""
938809221,sebastians1999/federated-sparql-rag-agent,a064b7529e66a7f30504ce243d96961d52603900,experiments/experiment_data/ev_2025-04-22_02-04-22/34_comparison.ttl,extension:.ttl,2253,0aa5b370cf90fb04aad92dac07cffd3ff28340c2fe8b853fadf0b519c1f60a41,fetched,parse_error,turtle,false,0,0,0,0,0,,"BadSyntax: at line 4 of <>:
Bad syntax (expected directive or statement) at ^ in:
""b'\n# Natural Language Question\n# =======================\n'^b'Lipids affected by human enzymes\n\n# Target Endpoint\n# ======'..."""
938809221,sebastians1999/federated-sparql-rag-agent,a064b7529e66a7f30504ce243d96961d52603900,experiments/experiment_data/ev_2025-04-22_02-04-22/36_comparison.ttl,extension:.ttl,2474,b98fae8831cdd0e7fcb2e3e798d4a56737d4b964bfbb6c6e0d5b21c6f1c44d90,fetched,parse_error,turtle,false,0,0,0,0,0,,"BadSyntax: at line 4 of <>:
Bad syntax (expected directive or statement) at ^ in:
""b'\n# Natural Language Question\n# =======================\n'^b'Find the orthologous proteins for UniProtKB entry P05067 usi'..."""
938809221,sebastians1999/federated-sparql-rag-agent,a064b7529e66a7f30504ce243d96961d52603900,experiments/experiment_data/ev_2025-04-22_02-04-22/38_comparison.ttl,extension:.ttl,2250,bf63e306fa5c2999d36b404d17e08e38b8631571aebc0146416d263f78cc112b,fetched,parse_error,turtle,false,0,0,0,0,0,,"BadSyntax: at line 4 of <>:
Bad syntax (expected directive or statement) at ^ in:
""b'\n# Natural Language Question\n# =======================\n'^b'For the human entry P05067 (Amyloid-beta precursor protein) '..."""
938809221,sebastians1999/federated-sparql-rag-agent,a064b7529e66a7f30504ce243d96961d52603900,experiments/experiment_data/ev_2025-04-22_02-04-22/40_comparison.ttl,extension:.ttl,2203,544cba0cc89edabf9d0c1d160f6e70c32c06c4fa310faa2398378228f6e7d8c7,fetched,parse_error,turtle,false,0,0,0,0,0,,"BadSyntax: at line 4 of <>:
Bad syntax (expected directive or statement) at ^ in:
""b'\n# Natural Language Question\n# =======================\n'^b'Retrieve human enzymes that metabolize sphingolipids and are'..."""
938809221,sebastians1999/federated-sparql-rag-agent,a064b7529e66a7f30504ce243d96961d52603900,experiments/experiment_data/ev_2025-04-22_02-04-22/42_comparison.ttl,extension:.ttl,1441,24a350e7c79105ed1b0433b49a02388eacc1921905b208c5c35c9c87a169eacb,fetched,parse_error,turtle,false,0,0,0,0,0,,"BadSyntax: at line 4 of <>:
Bad syntax (expected directive or statement) at ^ in:
""b'\n# Natural Language Question\n# =======================\n'^b'Connect patents cited in UniProtKB with those in the patent '..."""
938809221,sebastians1999/federated-sparql-rag-agent,a064b7529e66a7f30504ce243d96961d52603900,experiments/experiment_data/ev_2025-04-22_02-04-22/43_comparison.ttl,extension:.ttl,2499,83652b42ff5f930a2d6b22f8275bc28fa5da3189d93a275381b194d70c0a164d,fetched,parse_error,turtle,false,0,0,0,0,0,,"BadSyntax: at line 4 of <>:
Bad syntax (expected directive or statement) at ^ in:
""b'\n# Natural Language Question\n# =======================\n'^b'Connect patents cited in UniProtKB with those in the patent '..."""
938809221,sebastians1999/federated-sparql-rag-agent,a064b7529e66a7f30504ce243d96961d52603900,experiments/experiment_data/ev_2025-04-22_02-04-22/45_comparison.ttl,extension:.ttl,3778,1bce3fdd5b1804ef06f510419a557051f67a15223be78a350396ec5592db6653,fetched,parse_error,turtle,false,0,0,0,0,0,,"BadSyntax: at line 4 of <>:
Bad syntax (expected directive or statement) at ^ in:
""b'\n# Natural Language Question\n# =======================\n'^b'Retrieve drugs that target human enzymes involved in sterol '..."""
938809221,sebastians1999/federated-sparql-rag-agent,a064b7529e66a7f30504ce243d96961d52603900,experiments/experiment_data/ev_2025-04-22_02-04-22/49_comparison.ttl,extension:.ttl,3575,aa7f7888f4835405100918aa8650ffc0173c65f4e74ea453158927b3ad73406f,fetched,parse_error,turtle,false,0,0,0,0,0,,"BadSyntax: at line 4 of <>:
Bad syntax (expected directive or statement) at ^ in:
""b'\n# Natural Language Question\n# =======================\n'^b'Retrieve the UniProtKB proteins, their catalyzed Rhea reacti'..."""
938809221,sebastians1999/federated-sparql-rag-agent,a064b7529e66a7f30504ce243d96961d52603900,experiments/experiment_data/ev_2025-04-22_02-04-22/51_comparison.ttl,extension:.ttl,1564,29e43ab34d2c490da0aab9b8e6fcd1465a1c543a47a8518d8c89f4daa459d252,fetched,parse_error,turtle,false,0,0,0,0,0,,"BadSyntax: at line 4 of <>:
Bad syntax (expected directive or statement) at ^ in:
""b'\n# Natural Language Question\n# =======================\n'^b'Find all proteins linked to arachidonate (CHEBI:32395)\n\n# Ta'..."""
938809221,sebastians1999/federated-sparql-rag-agent,a064b7529e66a7f30504ce243d96961d52603900,experiments/experiment_data/ev_2025-04-22_02-04-22/52_comparison.ttl,extension:.ttl,4660,2ed6fb195c1c838963603c74a2fecdfb978deb988f28e78a913a3f1f408d77d2,fetched,parse_error,turtle,false,0,0,0,0,0,,"BadSyntax: at line 4 of <>:
Bad syntax (expected directive or statement) at ^ in:
""b'\n# Natural Language Question\n# =======================\n'^b'Retrieve drugs that target human enzymes involved in sterol '..."""
938809221,sebastians1999/federated-sparql-rag-agent,a064b7529e66a7f30504ce243d96961d52603900,experiments/experiment_data/ev_2025-04-22_02-04-22/53_comparison.ttl,extension:.ttl,2736,4df89e9c75b36b1a7e7b94767bb90d7d4c1ebb3df1678330a9d8080253c233e1,fetched,parse_error,turtle,false,0,0,0,0,0,,"BadSyntax: at line 4 of <>:
Bad syntax (expected directive or statement) at ^ in:
""b'\n# Natural Language Question\n# =======================\n'^b'Find mouse homologs in OMABrowser of human enzymes that cata'..."""
938809221,sebastians1999/federated-sparql-rag-agent,a064b7529e66a7f30504ce243d96961d52603900,experiments/experiment_data/ev_2025-04-22_02-04-22/54_comparison.ttl,extension:.ttl,1332,dcd871270ebfab884d8ce1cf4fc45bb4a65e05855e81e5183ed51b8a506579fe,fetched,parse_error,turtle,false,0,0,0,0,0,,"BadSyntax: at line 4 of <>:
Bad syntax (expected directive or statement) at ^ in:
""b'\n# Natural Language Question\n# =======================\n'^b'Proteins with binding sites for ligands similar to heme\n\n# T'..."""
938809221,sebastians1999/federated-sparql-rag-agent,a064b7529e66a7f30504ce243d96961d52603900,experiments/experiment_data/ev_2025-04-22_02-04-22/5_comparison.ttl,extension:.ttl,2371,c0959d7e7e91da5d05d569c9a2667ae0c74a3b9a4fba6c85bdb326f066b793ad,fetched,parse_error,turtle,false,0,0,0,0,0,,"BadSyntax: at line 4 of <>:
Bad syntax (expected directive or statement) at ^ in:
""b'\n# Natural Language Question\n# =======================\n'^b'For a given lipid (SWISSLIPID:000399814, Ceramide), return a'..."""
938809221,sebastians1999/federated-sparql-rag-agent,a064b7529e66a7f30504ce243d96961d52603900,experiments/experiment_data/ev_2025-04-22_02-04-22/60_comparison.ttl,extension:.ttl,2911,5aa759f339856ea0204f3d48df835ea25c04f284def59d0420829c16b2361a9e,fetched,parse_error,turtle,false,0,0,0,0,0,,"BadSyntax: at line 4 of <>:
Bad syntax (expected directive or statement) at ^ in:
""b'\n# Natural Language Question\n# =======================\n'^b'Find human proteins that catalyze reactions where substrates'..."""
938809221,sebastians1999/federated-sparql-rag-agent,a064b7529e66a7f30504ce243d96961d52603900,experiments/experiment_data/ev_2025-04-22_02-04-22/67_draft_human_metabolome_comparison.ttl,extension:.ttl,912,81850c523d47cbb0a2c092f7ea48028dee94abcc8e572d9dd7b124bb3b94460a,fetched,parse_error,turtle,true,0,0,0,0,0,,"BadSyntax: at line 4 of <>:
Bad syntax (expected directive or statement) at ^ in:
""b'\n# Natural Language Question\n# =======================\n'^b'Generate a draft human metabolome\n\n# Target Endpoint\n# ====='..."""
938809221,sebastians1999/federated-sparql-rag-agent,a064b7529e66a7f30504ce243d96961d52603900,experiments/experiment_data/ev_2025-04-22_02-04-22/6_comparison.ttl,extension:.ttl,1516,3c1a944d5d5646c431b9aa6a5c1d079deacc544571a4aafa352698835b06f679,fetched,parse_error,turtle,false,0,0,0,0,0,,"BadSyntax: at line 4 of <>:
Bad syntax (expected directive or statement) at ^ in:
""b'\n# Natural Language Question\n# =======================\n'^b'For a given lipid (SWISSLIPID:000399814, Ceramide), return a'..."""
938809221,sebastians1999/federated-sparql-rag-agent,a064b7529e66a7f30504ce243d96961d52603900,experiments/experiment_data/ev_2025-04-22_02-04-22/70_enzymes_interacting_with_molecules_similar_to_dopamine_comparison.ttl,extension:.ttl,2155,556e29ed23f4b0cca687e67586cc6f4b31a3353a2b6a1d454ebef3f5cfc3c263,fetched,parse_error,turtle,false,0,0,0,0,0,,"BadSyntax: at line 4 of <>:
Bad syntax (expected directive or statement) at ^ in:
""b'\n# Natural Language Question\n# =======================\n'^b'Look for enzymes catalyzing reactions with molecules similar'..."""
938809221,sebastians1999/federated-sparql-rag-agent,a064b7529e66a7f30504ce243d96961d52603900,experiments/experiment_data/ev_2025-04-22_02-04-22/94_Select_all_approved_reactions_with_CHEBI_or_one_of_its_descendant_optional_UniProtKB_reviewed_EC_comparison.ttl,extension:.ttl,2558,224de2383ecddc2d9a5ad62702bb3e2d40835823711d148b35ed599c4408eaa2,fetched,parse_error,turtle,false,0,0,0,0,0,,"BadSyntax: at line 4 of <>:
Bad syntax (expected directive or statement) at ^ in:
""b'\n# Natural Language Question\n# =======================\n'^b'Select all approved reactions with CHEBI:17815 (a 1,2-diacyl'..."""
938809221,sebastians1999/federated-sparql-rag-agent,a064b7529e66a7f30504ce243d96961d52603900,experiments/experiment_data/ev_2025-04-22_16-27-37/109_Distribution_of_reactions_according_to_the_first_level_of_enzyme_classification_comparison.ttl,extension:.ttl,2146,ce752dd6ebcefea6c08ac3c165b5de06d0dd3559f1479f3d38bf41538638b698,fetched,parse_error,turtle,false,0,0,0,0,0,,"BadSyntax: at line 4 of <>:
Bad syntax (expected directive or statement) at ^ in:
""b'\n# Natural Language Question\n# =======================\n'^b'Distribution of reactions according to the first level of en'..."""
938809221,sebastians1999/federated-sparql-rag-agent,a064b7529e66a7f30504ce243d96961d52603900,experiments/experiment_data/ev_2025-04-22_16-27-37/112_Total_number_of_reaction_ec_protein_links_comparison.ttl,extension:.ttl,1894,5408ff3287bac22592ad48b21ae417f5a4e121308f3df0b50acd350e2c7c7340,fetched,parse_error,turtle,false,0,0,0,0,0,,"BadSyntax: at line 4 of <>:
Bad syntax (expected directive or statement) at ^ in:
""b'\n# Natural Language Question\n# =======================\n'^b'Total number of <reaction> <ec> <protein> links\n\n# Target En'..."""
938809221,sebastians1999/federated-sparql-rag-agent,a064b7529e66a7f30504ce243d96961d52603900,experiments/experiment_data/ev_2025-04-22_16-27-37/115_Retrieve_the_set_of_metabolites_involved_in_reactions_catalyzed_by_human_genes_HUMAN_reference_proteome_comparison.ttl,extension:.ttl,2756,b6270b970adad88bb080a56c618e5ecbb3fee4c1d309ba5aaf98f78862d6dc03,fetched,parse_error,turtle,false,0,0,0,0,0,,"BadSyntax: at line 4 of <>:
Bad syntax (expected directive or statement) at ^ in:
""b'\n# Natural Language Question\n# =======================\n'^b'Retrieve the set of metabolites involved in reactions cataly'..."""
938809221,sebastians1999/federated-sparql-rag-agent,a064b7529e66a7f30504ce243d96961d52603900,experiments/experiment_data/ev_2025-04-22_16-27-37/116_biosodafrontend_rabit_mouse_orthologs_comparison.ttl,extension:.ttl,2564,35a96385c7957fffe6aa1391af407eee42b5cfd96fccd38ef89c52b663efe353,fetched,parse_error,turtle,false,0,0,0,0,0,,"BadSyntax: at line 4 of <>:
Bad syntax (expected directive or statement) at ^ in:
""b'\n# Natural Language Question\n# =======================\n'^b""Rabbit's proteins encoded by genes that are orthologous to M""..."""
938809221,sebastians1999/federated-sparql-rag-agent,a064b7529e66a7f30504ce243d96961d52603900,experiments/experiment_data/ev_2025-04-22_16-27-37/117_Retrieve_parent_reactions_and_their_catalyzing_enzymes_for_a_metabolite_that_is_not_directly_involved_in_a_reaction_comparison.ttl,extension:.ttl,3134,d5e721e8bb9f153900474b5dcb7c9cf8faf4fa2f0167caa651996ddf0585f4b1,fetched,parse_error,turtle,false,0,0,0,0,0,,"BadSyntax: at line 4 of <>:
Bad syntax (expected directive or statement) at ^ in:
""b'\n# Natural Language Question\n# =======================\n'^b'Retrieve parent reactions (and their catalyzing enzymes) for'..."""
938809221,sebastians1999/federated-sparql-rag-agent,a064b7529e66a7f30504ce243d96961d52603900,experiments/experiment_data/ev_2025-04-22_16-27-37/117_biosodafrontend_glioblastoma_orthologs_rat_comparison.ttl,extension:.ttl,3530,992a1db84c81198f4579945c9c6846db0658f4e74ee10c0f159ff7e896fd07e5,fetched,parse_error,turtle,false,0,0,0,0,0,,"BadSyntax: at line 4 of <>:
Bad syntax (expected directive or statement) at ^ in:
""b'\n# Natural Language Question\n# =======================\n'^b'Which are the proteins associated with glioblastoma and the '..."""
938809221,sebastians1999/federated-sparql-rag-agent,a064b7529e66a7f30504ce243d96961d52603900,experiments/experiment_data/ev_2025-04-22_16-27-37/118_biosodafrontend_rat_brain_human_cancer_comparison.ttl,extension:.ttl,3907,bc913957a5b313f862052cfc0175795607635fd855fb08adf8812e1b6eb6de62,fetched,parse_error,turtle,false,0,0,0,0,0,,"BadSyntax: at line 4 of <>:
Bad syntax (expected directive or statement) at ^ in:
""b'\n# Natural Language Question\n# =======================\n'^b'What are the Homo sapiens genes associated with cancer and t'..."""
938809221,sebastians1999/federated-sparql-rag-agent,a064b7529e66a7f30504ce243d96961d52603900,experiments/experiment_data/ev_2025-04-22_16-27-37/11_comparison.ttl,extension:.ttl,2771,efb9f8ef36cb44aaf5111e4b74fadfd769f70a3dac57ee73b82c06757e03a518,fetched,parse_error,turtle,false,0,0,0,0,0,,"BadSyntax: at line 4 of <>:
Bad syntax (expected directive or statement) at ^ in:
""b'\n# Natural Language Question\n# =======================\n'^b'Distribution of reactions according to the first class of th'..."""
938809221,sebastians1999/federated-sparql-rag-agent,a064b7529e66a7f30504ce243d96961d52603900,experiments/experiment_data/ev_2025-04-22_16-27-37/12_comparison.ttl,extension:.ttl,1934,5f3b07a3b405fd9a4123ac29d03983ad3fc439cee105b513222d3adee52ba426,fetched,parse_error,turtle,false,0,0,0,0,0,,"BadSyntax: at line 4 of <>:
Bad syntax (expected directive or statement) at ^ in:
""b'\n# Natural Language Question\n# =======================\n'^b'Select all Rhea reactions linked to protein sequences (enzym'..."""
938809221,sebastians1999/federated-sparql-rag-agent,a064b7529e66a7f30504ce243d96961d52603900,experiments/experiment_data/ev_2025-04-22_16-27-37/16_comparison.ttl,extension:.ttl,3230,2d80919e4c67fff75ae00eb6b6aea4411330b4fe992c0311e9d2630eddea8e4c,fetched,parse_error,turtle,false,0,0,0,0,0,,"BadSyntax: at line 4 of <>:
Bad syntax (expected directive or statement) at ^ in:
""b'\n# Natural Language Question\n# =======================\n'^b'For a given lipid (SWISSLIPID:000399814, Ceramide), return a'..."""
938809221,sebastians1999/federated-sparql-rag-agent,a064b7529e66a7f30504ce243d96961d52603900,experiments/experiment_data/ev_2025-04-22_16-27-37/19_draft_human_metabolome_comparison.ttl,extension:.ttl,3024,a11df905f6140d5cba9a42eb4d16a63c8029e2a774b78b665a5341a48fd5a15c,fetched,parse_error,turtle,true,0,0,0,0,0,,"BadSyntax: at line 4 of <>:
Bad syntax (expected directive or statement) at ^ in:
""b'\n# Natural Language Question\n# =======================\n'^b'Generate a draft human metabolome\n\n# Target Endpoint\n# ====='..."""
938809221,sebastians1999/federated-sparql-rag-agent,a064b7529e66a7f30504ce243d96961d52603900,experiments/experiment_data/ev_2025-04-22_16-27-37/20_search_chemical_names_in_japanese_comparison.ttl,extension:.ttl,2981,2f8c647cb34d53d44142f902177b9724ce887635475cf39de59caef01dd10244,fetched,parse_error,turtle,false,0,0,0,0,0,,"BadSyntax: at line 4 of <>:
Bad syntax (expected directive or statement) at ^ in:
""b'\n# Natural Language Question\n# =======================\n'^b'Search for Chemical names starting in Japanese, translated t'..."""
938809221,sebastians1999/federated-sparql-rag-agent,a064b7529e66a7f30504ce243d96961d52603900,experiments/experiment_data/ev_2025-04-22_16-27-37/29_comparison.ttl,extension:.ttl,1169,87a19c2ecdd3af83bc9994b725b9816fa9234247d43b6ec5e99d89a2faf8b226,fetched,parse_error,turtle,false,0,0,0,0,0,,"BadSyntax: at line 4 of <>:
Bad syntax (expected directive or statement) at ^ in:
""b'\n# Natural Language Question\n# =======================\n'^b'Use <a href=""http://allie.dbcls.jp/"">ALLIE</a> a service for'..."""
938809221,sebastians1999/federated-sparql-rag-agent,a064b7529e66a7f30504ce243d96961d52603900,experiments/experiment_data/ev_2025-04-22_16-27-37/34_comparison.ttl,extension:.ttl,2458,09a6294265d3114056a542772d427b72719174fcde3a6ef5bbd91aa55488b9b1,fetched,parse_error,turtle,false,0,0,0,0,0,,"BadSyntax: at line 4 of <>:
Bad syntax (expected directive or statement) at ^ in:
""b'\n# Natural Language Question\n# =======================\n'^b'Lipids affected by human enzymes\n\n# Target Endpoint\n# ======'..."""
938809221,sebastians1999/federated-sparql-rag-agent,a064b7529e66a7f30504ce243d96961d52603900,experiments/experiment_data/ev_2025-04-22_16-27-37/36_comparison.ttl,extension:.ttl,2557,322d84c4ab2f7a8e32a5f7055e732e82c557b86975eef53ab4dcac74b1238bf1,fetched,parse_error,turtle,false,0,0,0,0,0,,"BadSyntax: at line 4 of <>:
Bad syntax (expected directive or statement) at ^ in:
""b'\n# Natural Language Question\n# =======================\n'^b'Find the orthologous proteins for UniProtKB entry P05067 usi'..."""
938809221,sebastians1999/federated-sparql-rag-agent,a064b7529e66a7f30504ce243d96961d52603900,experiments/experiment_data/ev_2025-04-22_16-27-37/38_comparison.ttl,extension:.ttl,3060,e7d3b3950eff1003c4eeb95da6e6f383e9a0a2c8087239583939043ee98e3f81,fetched,parse_error,turtle,false,0,0,0,0,0,,"BadSyntax: at line 4 of <>:
Bad syntax (expected directive or statement) at ^ in:
""b'\n# Natural Language Question\n# =======================\n'^b'For the human entry P05067 (Amyloid-beta precursor protein) '..."""
938809221,sebastians1999/federated-sparql-rag-agent,a064b7529e66a7f30504ce243d96961d52603900,experiments/experiment_data/ev_2025-04-22_16-27-37/40_comparison.ttl,extension:.ttl,2617,bfbc349eb05836b5b2838b4e389ca8e9b1887ac5a09312a9e78a77eece7ae47e,fetched,parse_error,turtle,false,0,0,0,0,0,,"BadSyntax: at line 4 of <>:
Bad syntax (expected directive or statement) at ^ in:
""b'\n# Natural Language Question\n# =======================\n'^b'Retrieve human enzymes that metabolize sphingolipids and are'..."""
938809221,sebastians1999/federated-sparql-rag-agent,a064b7529e66a7f30504ce243d96961d52603900,experiments/experiment_data/ev_2025-04-22_16-27-37/42_comparison.ttl,extension:.ttl,2187,e8edfadcd1c6af3463b6ade50adaa241de14e366b0c2b627796bea2f547b8586,fetched,parse_error,turtle,false,0,0,0,0,0,,"BadSyntax: at line 4 of <>:
Bad syntax (expected directive or statement) at ^ in:
""b'\n# Natural Language Question\n# =======================\n'^b'Connect patents cited in UniProtKB with those in the patent '..."""
938809221,sebastians1999/federated-sparql-rag-agent,a064b7529e66a7f30504ce243d96961d52603900,experiments/experiment_data/ev_2025-04-22_16-27-37/43_comparison.ttl,extension:.ttl,3782,d6562cdde9cc4a472c55cd4cea4e341a1561bff93d19a59b6b28ff9144b2bd7e,fetched,parse_error,turtle,false,0,0,0,0,0,,"BadSyntax: at line 4 of <>:
Bad syntax (expected directive or statement) at ^ in:
""b'\n# Natural Language Question\n# =======================\n'^b'Connect patents cited in UniProtKB with those in the patent '..."""
938809221,sebastians1999/federated-sparql-rag-agent,a064b7529e66a7f30504ce243d96961d52603900,experiments/experiment_data/ev_2025-04-22_16-27-37/45_comparison.ttl,extension:.ttl,4928,5da50bdc9c78fe07044fb47a70e38090e60ab0b5a6c96a62fd0e82d48d5f4790,fetched,parse_error,turtle,false,0,0,0,0,0,,"BadSyntax: at line 4 of <>:
Bad syntax (expected directive or statement) at ^ in:
""b'\n# Natural Language Question\n# =======================\n'^b'Retrieve drugs that target human enzymes involved in sterol '..."""
938809221,sebastians1999/federated-sparql-rag-agent,a064b7529e66a7f30504ce243d96961d52603900,experiments/experiment_data/ev_2025-04-22_16-27-37/49_comparison.ttl,extension:.ttl,3276,04847856073750ca1f03f1a7702091b28305f62b0ffaf8991d5790ed124ce532,fetched,parse_error,turtle,false,0,0,0,0,0,,"BadSyntax: at line 4 of <>:
Bad syntax (expected directive or statement) at ^ in:
""b'\n# Natural Language Question\n# =======================\n'^b'Retrieve the UniProtKB proteins, their catalyzed Rhea reacti'..."""
938809221,sebastians1999/federated-sparql-rag-agent,a064b7529e66a7f30504ce243d96961d52603900,experiments/experiment_data/ev_2025-04-22_16-27-37/51_comparison.ttl,extension:.ttl,2608,fa8e6bc9b471e1f08dd5f0289b002469def78ac89fbc104ebb56387227c4b09a,fetched,parse_error,turtle,false,0,0,0,0,0,,"BadSyntax: at line 4 of <>:
Bad syntax (expected directive or statement) at ^ in:
""b'\n# Natural Language Question\n# =======================\n'^b'Find all proteins linked to arachidonate (CHEBI:32395)\n\n# Ta'..."""
938809221,sebastians1999/federated-sparql-rag-agent,a064b7529e66a7f30504ce243d96961d52603900,experiments/experiment_data/ev_2025-04-22_16-27-37/52_comparison.ttl,extension:.ttl,3046,75365526f1a3dee34c89b41080d07534c2a3a54ab53b5d5e0ee4ae39f152fa20,fetched,parse_error,turtle,false,0,0,0,0,0,,"BadSyntax: at line 4 of <>:
Bad syntax (expected directive or statement) at ^ in:
""b'\n# Natural Language Question\n# =======================\n'^b'Retrieve drugs that target human enzymes involved in sterol '..."""
938809221,sebastians1999/federated-sparql-rag-agent,a064b7529e66a7f30504ce243d96961d52603900,experiments/experiment_data/ev_2025-04-22_16-27-37/53_comparison.ttl,extension:.ttl,4901,8816ef70d51e0fc4f2f6829b356e7e09841b99f2475a5b7314e221614928aabb,fetched,parse_error,turtle,false,0,0,0,0,0,,"BadSyntax: at line 4 of <>:
Bad syntax (expected directive or statement) at ^ in:
""b'\n# Natural Language Question\n# =======================\n'^b'Find mouse homologs in OMABrowser of human enzymes that cata'..."""
938809221,sebastians1999/federated-sparql-rag-agent,a064b7529e66a7f30504ce243d96961d52603900,experiments/experiment_data/ev_2025-04-22_16-27-37/54_comparison.ttl,extension:.ttl,3624,6fd891735567e86ad1d5b30a36855144f59f495d299a3f15e7a0cfac051fb1c1,fetched,parse_error,turtle,false,0,0,0,0,0,,"BadSyntax: at line 4 of <>:
Bad syntax (expected directive or statement) at ^ in:
""b'\n# Natural Language Question\n# =======================\n'^b'Proteins with binding sites for ligands similar to heme\n\n# T'..."""
938809221,sebastians1999/federated-sparql-rag-agent,a064b7529e66a7f30504ce243d96961d52603900,experiments/experiment_data/ev_2025-04-22_16-27-37/5_comparison.ttl,extension:.ttl,3080,fdf726035dd51893f035ebcf87c589ed2bc7b28a209ed2e866f522b3e76ad70b,fetched,parse_error,turtle,false,0,0,0,0,0,,"BadSyntax: at line 4 of <>:
Bad syntax (expected directive or statement) at ^ in:
""b'\n# Natural Language Question\n# =======================\n'^b'For a given lipid (SWISSLIPID:000399814, Ceramide), return a'..."""
938809221,sebastians1999/federated-sparql-rag-agent,a064b7529e66a7f30504ce243d96961d52603900,experiments/experiment_data/ev_2025-04-22_16-27-37/60_comparison.ttl,extension:.ttl,3280,6baa16fe835c740a5378282d3275a80f087a57b3bb7d07d3d6b29f700e3bb61b,fetched,parse_error,turtle,false,0,0,0,0,0,,"BadSyntax: at line 4 of <>:
Bad syntax (expected directive or statement) at ^ in:
""b'\n# Natural Language Question\n# =======================\n'^b'Find human proteins that catalyze reactions where substrates'..."""
938809221,sebastians1999/federated-sparql-rag-agent,a064b7529e66a7f30504ce243d96961d52603900,experiments/experiment_data/ev_2025-04-22_16-27-37/67_draft_human_metabolome_comparison.ttl,extension:.ttl,2581,7ac811ee594cab7c1147293b56caa5d39398e8bcab2b7cb38647e302c0da234e,fetched,parse_error,turtle,true,0,0,0,0,0,,"BadSyntax: at line 4 of <>:
Bad syntax (expected directive or statement) at ^ in:
""b'\n# Natural Language Question\n# =======================\n'^b'Generate a draft human metabolome\n\n# Target Endpoint\n# ====='..."""
938809221,sebastians1999/federated-sparql-rag-agent,a064b7529e66a7f30504ce243d96961d52603900,experiments/experiment_data/ev_2025-04-22_16-27-37/6_comparison.ttl,extension:.ttl,3037,820ee50ab3a8e2dc665475e50a9d90fe3cf998f4e8a0f9295cfd579be887c89b,fetched,parse_error,turtle,false,0,0,0,0,0,,"BadSyntax: at line 4 of <>:
Bad syntax (expected directive or statement) at ^ in:
""b'\n# Natural Language Question\n# =======================\n'^b'For a given lipid (SWISSLIPID:000399814, Ceramide), return a'..."""
938809221,sebastians1999/federated-sparql-rag-agent,a064b7529e66a7f30504ce243d96961d52603900,experiments/experiment_data/ev_2025-04-22_16-27-37/70_enzymes_interacting_with_molecules_similar_to_dopamine_comparison.ttl,extension:.ttl,3036,038c659bf7eddc4fb03a3046f0c2bc89496377e8c7431d361cd88a28693fb795,fetched,parse_error,turtle,false,0,0,0,0,0,,"BadSyntax: at line 4 of <>:
Bad syntax (expected directive or statement) at ^ in:
""b'\n# Natural Language Question\n# =======================\n'^b'Look for enzymes catalyzing reactions with molecules similar'..."""
938809221,sebastians1999/federated-sparql-rag-agent,a064b7529e66a7f30504ce243d96961d52603900,experiments/experiment_data/ev_2025-04-22_16-27-37/94_Select_all_approved_reactions_with_CHEBI_or_one_of_its_descendant_optional_UniProtKB_reviewed_EC_comparison.ttl,extension:.ttl,2543,e80885e5939927c8b00a008fa7302bf8efe6a2bbe29da5410ae84c0ca7f70b5c,fetched,parse_error,turtle,false,0,0,0,0,0,,"BadSyntax: at line 4 of <>:
Bad syntax (expected directive or statement) at ^ in:
""b'\n# Natural Language Question\n# =======================\n'^b'Select all approved reactions with CHEBI:17815 (a 1,2-diacyl'..."""
938809221,sebastians1999/federated-sparql-rag-agent,a064b7529e66a7f30504ce243d96961d52603900,experiments/experiment_data/ev_2025-04-22_17-38-49/109_Distribution_of_reactions_according_to_the_first_level_of_enzyme_classification_comparison.ttl,extension:.ttl,1443,305a2d5a9d62b4fcc908a33a18062ea6f09e4df6d3980a42933cd22a2728e247,fetched,parse_error,turtle,false,0,0,0,0,0,,"BadSyntax: at line 4 of <>:
Bad syntax (expected directive or statement) at ^ in:
""b'\n# Natural Language Question\n# =======================\n'^b'Distribution of reactions according to the first level of en'..."""
938809221,sebastians1999/federated-sparql-rag-agent,a064b7529e66a7f30504ce243d96961d52603900,experiments/experiment_data/ev_2025-04-22_17-38-49/112_Total_number_of_reaction_ec_protein_links_comparison.ttl,extension:.ttl,1303,9e92c9345c8ac8eb99b3d5be75a225a75c7297ea8704f8c798b5898e41287059,fetched,parse_error,turtle,false,0,0,0,0,0,,"BadSyntax: at line 4 of <>:
Bad syntax (expected directive or statement) at ^ in:
""b'\n# Natural Language Question\n# =======================\n'^b'Total number of <reaction> <ec> <protein> links\n\n# Target En'..."""
938809221,sebastians1999/federated-sparql-rag-agent,a064b7529e66a7f30504ce243d96961d52603900,experiments/experiment_data/ev_2025-04-22_17-38-49/115_Retrieve_the_set_of_metabolites_involved_in_reactions_catalyzed_by_human_genes_HUMAN_reference_proteome_comparison.ttl,extension:.ttl,2114,6461e6360a4a8c6582841672d795b5877ad0d7ec99e2d929a5dd3109e6e8a922,fetched,parse_error,turtle,false,0,0,0,0,0,,"BadSyntax: at line 4 of <>:
Bad syntax (expected directive or statement) at ^ in:
""b'\n# Natural Language Question\n# =======================\n'^b'Retrieve the set of metabolites involved in reactions cataly'..."""
938809221,sebastians1999/federated-sparql-rag-agent,a064b7529e66a7f30504ce243d96961d52603900,experiments/experiment_data/ev_2025-04-22_17-38-49/116_biosodafrontend_rabit_mouse_orthologs_comparison.ttl,extension:.ttl,1797,a19724efa85eabba834a4ee9c59a40be3385ff8dd58c8e96c7862eb2f374e516,fetched,parse_error,turtle,false,0,0,0,0,0,,"BadSyntax: at line 4 of <>:
Bad syntax (expected directive or statement) at ^ in:
""b'\n# Natural Language Question\n# =======================\n'^b""Rabbit's proteins encoded by genes that are orthologous to M""..."""
938809221,sebastians1999/federated-sparql-rag-agent,a064b7529e66a7f30504ce243d96961d52603900,experiments/experiment_data/ev_2025-04-22_17-38-49/117_Retrieve_parent_reactions_and_their_catalyzing_enzymes_for_a_metabolite_that_is_not_directly_involved_in_a_reaction_comparison.ttl,extension:.ttl,1895,0f5b08e63624d77cac2e674850e512de922f17e0e0bdc5a0ae519b26e9ce322d,fetched,parse_error,turtle,false,0,0,0,0,0,,"BadSyntax: at line 4 of <>:
Bad syntax (expected directive or statement) at ^ in:
""b'\n# Natural Language Question\n# =======================\n'^b'Retrieve parent reactions (and their catalyzing enzymes) for'..."""
938809221,sebastians1999/federated-sparql-rag-agent,a064b7529e66a7f30504ce243d96961d52603900,experiments/experiment_data/ev_2025-04-22_17-38-49/117_biosodafrontend_glioblastoma_orthologs_rat_comparison.ttl,extension:.ttl,2940,a9f471d82196e0ea8c89df645af441d44459d8c09a6f97255f3ab1dfb6ae5afe,fetched,parse_error,turtle,false,0,0,0,0,0,,"BadSyntax: at line 4 of <>:
Bad syntax (expected directive or statement) at ^ in:
""b'\n# Natural Language Question\n# =======================\n'^b'Which are the proteins associated with glioblastoma and the '..."""
938809221,sebastians1999/federated-sparql-rag-agent,a064b7529e66a7f30504ce243d96961d52603900,experiments/experiment_data/ev_2025-04-22_17-38-49/118_biosodafrontend_rat_brain_human_cancer_comparison.ttl,extension:.ttl,3164,3033cfe929e560a76bd8df62514e8f74c902c882b9b0207a2e3223e6bb67e223,fetched,parse_error,turtle,false,0,0,0,0,0,,"BadSyntax: at line 4 of <>:
Bad syntax (expected directive or statement) at ^ in:
""b'\n# Natural Language Question\n# =======================\n'^b'What are the Homo sapiens genes associated with cancer and t'..."""
938809221,sebastians1999/federated-sparql-rag-agent,a064b7529e66a7f30504ce243d96961d52603900,experiments/experiment_data/ev_2025-04-22_17-38-49/11_comparison.ttl,extension:.ttl,1970,a0f5ab711389eee5a78516aafba63fd8ffaa8bffe6715c28db4195000e14eb45,fetched,parse_error,turtle,false,0,0,0,0,0,,"BadSyntax: at line 4 of <>:
Bad syntax (expected directive or statement) at ^ in:
""b'\n# Natural Language Question\n# =======================\n'^b'Distribution of reactions according to the first class of th'..."""
938809221,sebastians1999/federated-sparql-rag-agent,a064b7529e66a7f30504ce243d96961d52603900,experiments/experiment_data/ev_2025-04-22_17-38-49/12_comparison.ttl,extension:.ttl,1232,8101cae62671325acb8375980cf7d3e670ce32f3ffbaedb3333c2b3af77dcddf,fetched,parse_error,turtle,false,0,0,0,0,0,,"BadSyntax: at line 4 of <>:
Bad syntax (expected directive or statement) at ^ in:
""b'\n# Natural Language Question\n# =======================\n'^b'Select all Rhea reactions linked to protein sequences (enzym'..."""
938809221,sebastians1999/federated-sparql-rag-agent,a064b7529e66a7f30504ce243d96961d52603900,experiments/experiment_data/ev_2025-04-22_17-38-49/16_comparison.ttl,extension:.ttl,1814,cae1c81974c5aa9b4bc58c6150964c5feb2f7b3914f6fcb79abb0fcbaee79067,fetched,parse_error,turtle,false,0,0,0,0,0,,"BadSyntax: at line 4 of <>:
Bad syntax (expected directive or statement) at ^ in:
""b'\n# Natural Language Question\n# =======================\n'^b'For a given lipid (SWISSLIPID:000399814, Ceramide), return a'..."""
938809221,sebastians1999/federated-sparql-rag-agent,a064b7529e66a7f30504ce243d96961d52603900,experiments/experiment_data/ev_2025-04-22_17-38-49/18_comparison.ttl,extension:.ttl,1545,5598963774ab50ec20e928b7e5773c3d29566176f65c4dc039c1b8befcba3a20,fetched,parse_error,turtle,false,0,0,0,0,0,,"BadSyntax: at line 4 of <>:
Bad syntax (expected directive or statement) at ^ in:
""b'\n# Natural Language Question\n# =======================\n'^b'Use <a href=""https://idsm.elixir-czech.cz/sparql"">IDSM Sache'..."""
938809221,sebastians1999/federated-sparql-rag-agent,a064b7529e66a7f30504ce243d96961d52603900,experiments/experiment_data/ev_2025-04-22_17-38-49/19_draft_human_metabolome_comparison.ttl,extension:.ttl,1306,f0ea2c9efc466b738e631bbf3603e788dea64279cb3765dce0ad93aeb5c12f9a,fetched,parse_error,turtle,true,0,0,0,0,0,,"BadSyntax: at line 4 of <>:
Bad syntax (expected directive or statement) at ^ in:
""b'\n# Natural Language Question\n# =======================\n'^b'Generate a draft human metabolome\n\n# Target Endpoint\n# ====='..."""
938809221,sebastians1999/federated-sparql-rag-agent,a064b7529e66a7f30504ce243d96961d52603900,experiments/experiment_data/ev_2025-04-22_17-38-49/20_search_chemical_names_in_japanese_comparison.ttl,extension:.ttl,1479,c618eb150b0924a6c1f382c8e601d4b160837bbf514cfc5b328e3c60171e6fb0,fetched,parse_error,turtle,false,0,0,0,0,0,,"BadSyntax: at line 4 of <>:
Bad syntax (expected directive or statement) at ^ in:
""b'\n# Natural Language Question\n# =======================\n'^b'Search for Chemical names starting in Japanese, translated t'..."""
938809221,sebastians1999/federated-sparql-rag-agent,a064b7529e66a7f30504ce243d96961d52603900,experiments/experiment_data/ev_2025-04-22_17-38-49/29_comparison.ttl,extension:.ttl,1852,3e0e29c384007cd1517bfed4368dc193c9aeda0e27249bccb8eeb5024860cc2c,fetched,parse_error,turtle,false,0,0,0,0,0,,"BadSyntax: at line 4 of <>:
Bad syntax (expected directive or statement) at ^ in:
""b'\n# Natural Language Question\n# =======================\n'^b'Use <a href=""http://allie.dbcls.jp/"">ALLIE</a> a service for'..."""
938809221,sebastians1999/federated-sparql-rag-agent,a064b7529e66a7f30504ce243d96961d52603900,experiments/experiment_data/ev_2025-04-22_17-38-49/34_comparison.ttl,extension:.ttl,1482,7a6c2d3542cc98b384b3e345932dd79d67e24e2a7d8ac1239dcfc4ffbec34d4d,fetched,parse_error,turtle,false,0,0,0,0,0,,"BadSyntax: at line 4 of <>:
Bad syntax (expected directive or statement) at ^ in:
""b'\n# Natural Language Question\n# =======================\n'^b'Lipids affected by human enzymes\n\n# Target Endpoint\n# ======'..."""
938809221,sebastians1999/federated-sparql-rag-agent,a064b7529e66a7f30504ce243d96961d52603900,experiments/experiment_data/ev_2025-04-22_17-38-49/36_comparison.ttl,extension:.ttl,1843,516b81a90d792a76df37c46bfd09c674a7da0e876c6accee0f0fe00d97364063,fetched,parse_error,turtle,false,0,0,0,0,0,,"BadSyntax: at line 4 of <>:
Bad syntax (expected directive or statement) at ^ in:
""b'\n# Natural Language Question\n# =======================\n'^b'Find the orthologous proteins for UniProtKB entry P05067 usi'..."""
938809221,sebastians1999/federated-sparql-rag-agent,a064b7529e66a7f30504ce243d96961d52603900,experiments/experiment_data/ev_2025-04-22_17-38-49/38_comparison.ttl,extension:.ttl,1833,23606978cd19f371f3976404e818df980dde2d42bb1fe8203ea4edaed2a75d92,fetched,parse_error,turtle,false,0,0,0,0,0,,"BadSyntax: at line 4 of <>:
Bad syntax (expected directive or statement) at ^ in:
""b'\n# Natural Language Question\n# =======================\n'^b'For the human entry P05067 (Amyloid-beta precursor protein) '..."""
938809221,sebastians1999/federated-sparql-rag-agent,a064b7529e66a7f30504ce243d96961d52603900,experiments/experiment_data/ev_2025-04-22_17-38-49/40_comparison.ttl,extension:.ttl,1784,8d96e52ae9e49025f04978b9287f32d006f4f714a2cba51dc59160acf9b083d7,fetched,parse_error,turtle,false,0,0,0,0,0,,"BadSyntax: at line 4 of <>:
Bad syntax (expected directive or statement) at ^ in:
""b'\n# Natural Language Question\n# =======================\n'^b'Retrieve human enzymes that metabolize sphingolipids and are'..."""
938809221,sebastians1999/federated-sparql-rag-agent,a064b7529e66a7f30504ce243d96961d52603900,experiments/experiment_data/ev_2025-04-22_17-38-49/42_comparison.ttl,extension:.ttl,1408,a985ad03284a4d5c304596a1100278528bfd9f0bab9f4301315d8834ae5158a8,fetched,parse_error,turtle,false,0,0,0,0,0,,"BadSyntax: at line 4 of <>:
Bad syntax (expected directive or statement) at ^ in:
""b'\n# Natural Language Question\n# =======================\n'^b'Connect patents cited in UniProtKB with those in the patent '..."""
938809221,sebastians1999/federated-sparql-rag-agent,a064b7529e66a7f30504ce243d96961d52603900,experiments/experiment_data/ev_2025-04-22_17-38-49/43_comparison.ttl,extension:.ttl,1932,8811586c4342039b80dd998d564fcdd4b8b78444e583fab232ae4db702887583,fetched,parse_error,turtle,false,0,0,0,0,0,,"BadSyntax: at line 4 of <>:
Bad syntax (expected directive or statement) at ^ in:
""b'\n# Natural Language Question\n# =======================\n'^b'Connect patents cited in UniProtKB with those in the patent '..."""
938809221,sebastians1999/federated-sparql-rag-agent,a064b7529e66a7f30504ce243d96961d52603900,experiments/experiment_data/ev_2025-04-22_17-38-49/45_comparison.ttl,extension:.ttl,3208,4f46efd276ba4161e65d3f03ec584ead6ba653c8269e68f5d3b27a90a33f8099,fetched,parse_error,turtle,false,0,0,0,0,0,,"BadSyntax: at line 4 of <>:
Bad syntax (expected directive or statement) at ^ in:
""b'\n# Natural Language Question\n# =======================\n'^b'Retrieve drugs that target human enzymes involved in sterol '..."""
938809221,sebastians1999/federated-sparql-rag-agent,a064b7529e66a7f30504ce243d96961d52603900,experiments/experiment_data/ev_2025-04-22_17-38-49/49_comparison.ttl,extension:.ttl,2522,aabd95346f7765d37c148e6ca0d56e9a467ec7dcc6dd84e592587bf9f51087c2,fetched,parse_error,turtle,false,0,0,0,0,0,,"BadSyntax: at line 4 of <>:
Bad syntax (expected directive or statement) at ^ in:
""b'\n# Natural Language Question\n# =======================\n'^b'Retrieve the UniProtKB proteins, their catalyzed Rhea reacti'..."""
938809221,sebastians1999/federated-sparql-rag-agent,a064b7529e66a7f30504ce243d96961d52603900,experiments/experiment_data/ev_2025-04-22_17-38-49/51_comparison.ttl,extension:.ttl,1385,3d23cf08832fe488cdd59d9880a9bb22b794f95391193b351da98092587bc85e,fetched,parse_error,turtle,false,0,0,0,0,0,,"BadSyntax: at line 4 of <>:
Bad syntax (expected directive or statement) at ^ in:
""b'\n# Natural Language Question\n# =======================\n'^b'Find all proteins linked to arachidonate (CHEBI:32395)\n\n# Ta'..."""
938809221,sebastians1999/federated-sparql-rag-agent,a064b7529e66a7f30504ce243d96961d52603900,experiments/experiment_data/ev_2025-04-22_17-38-49/52_comparison.ttl,extension:.ttl,4351,8e8bf59afc0590f3748bf6d5fc8ac41b1e24085e994d4ba15e675487a958d0e0,fetched,parse_error,turtle,false,0,0,0,0,0,,"BadSyntax: at line 4 of <>:
Bad syntax (expected directive or statement) at ^ in:
""b'\n# Natural Language Question\n# =======================\n'^b'Retrieve drugs that target human enzymes involved in sterol '..."""
938809221,sebastians1999/federated-sparql-rag-agent,a064b7529e66a7f30504ce243d96961d52603900,experiments/experiment_data/ev_2025-04-22_17-38-49/53_comparison.ttl,extension:.ttl,3049,3e215761bff1fa425ea35663d0ba7b8cf08bbbabcb73cb9ab0f9e4336b039090,fetched,parse_error,turtle,false,0,0,0,0,0,,"BadSyntax: at line 4 of <>:
Bad syntax (expected directive or statement) at ^ in:
""b'\n# Natural Language Question\n# =======================\n'^b'Find mouse homologs in OMABrowser of human enzymes that cata'..."""
938809221,sebastians1999/federated-sparql-rag-agent,a064b7529e66a7f30504ce243d96961d52603900,experiments/experiment_data/ev_2025-04-22_17-38-49/54_comparison.ttl,extension:.ttl,1972,ed42c611ffd4b278610ca4888fea3ffcf7563526fb6f8ef4282bfde8fc04d283,fetched,parse_error,turtle,false,0,0,0,0,0,,"BadSyntax: at line 4 of <>:
Bad syntax (expected directive or statement) at ^ in:
""b'\n# Natural Language Question\n# =======================\n'^b'Proteins with binding sites for ligands similar to heme\n\n# T'..."""
938809221,sebastians1999/federated-sparql-rag-agent,a064b7529e66a7f30504ce243d96961d52603900,experiments/experiment_data/ev_2025-04-22_17-38-49/5_comparison.ttl,extension:.ttl,1853,f29044b2e47fa31c5f9def11fa22c2d901b2c9917d62eea0801d4b46477e5846,fetched,parse_error,turtle,false,0,0,0,0,0,,"BadSyntax: at line 4 of <>:
Bad syntax (expected directive or statement) at ^ in:
""b'\n# Natural Language Question\n# =======================\n'^b'For a given lipid (SWISSLIPID:000399814, Ceramide), return a'..."""
938809221,sebastians1999/federated-sparql-rag-agent,a064b7529e66a7f30504ce243d96961d52603900,experiments/experiment_data/ev_2025-04-22_17-38-49/60_comparison.ttl,extension:.ttl,2530,bbb4c5d50c6904c95617462a12f48c559735403ce045493b9f9e8ff89a67a60c,fetched,parse_error,turtle,false,0,0,0,0,0,,"BadSyntax: at line 4 of <>:
Bad syntax (expected directive or statement) at ^ in:
""b'\n# Natural Language Question\n# =======================\n'^b'Find human proteins that catalyze reactions where substrates'..."""
938809221,sebastians1999/federated-sparql-rag-agent,a064b7529e66a7f30504ce243d96961d52603900,experiments/experiment_data/ev_2025-04-22_17-38-49/67_draft_human_metabolome_comparison.ttl,extension:.ttl,2416,204bd0736246ba8dbc8f68248bad83db1b9f15989edb4b368320470eca6e5209,fetched,parse_error,turtle,true,0,0,0,0,0,,"BadSyntax: at line 4 of <>:
Bad syntax (expected directive or statement) at ^ in:
""b'\n# Natural Language Question\n# =======================\n'^b'Generate a draft human metabolome\n\n# Target Endpoint\n# ====='..."""
938809221,sebastians1999/federated-sparql-rag-agent,a064b7529e66a7f30504ce243d96961d52603900,experiments/experiment_data/ev_2025-04-22_17-38-49/6_comparison.ttl,extension:.ttl,2270,e3d31915f606baf7cd1928240a14035c52ebfe46816b384e0e48e87b7c306e68,fetched,parse_error,turtle,false,0,0,0,0,0,,"BadSyntax: at line 4 of <>:
Bad syntax (expected directive or statement) at ^ in:
""b'\n# Natural Language Question\n# =======================\n'^b'For a given lipid (SWISSLIPID:000399814, Ceramide), return a'..."""
938809221,sebastians1999/federated-sparql-rag-agent,a064b7529e66a7f30504ce243d96961d52603900,experiments/experiment_data/ev_2025-04-22_17-38-49/70_enzymes_interacting_with_molecules_similar_to_dopamine_comparison.ttl,extension:.ttl,2718,8066a85867914c2efbf80c1cc69c79f634ec9ca36b52744808166559c16d181e,fetched,parse_error,turtle,false,0,0,0,0,0,,"BadSyntax: at line 4 of <>:
Bad syntax (expected directive or statement) at ^ in:
""b'\n# Natural Language Question\n# =======================\n'^b'Look for enzymes catalyzing reactions with molecules similar'..."""
938809221,sebastians1999/federated-sparql-rag-agent,a064b7529e66a7f30504ce243d96961d52603900,experiments/experiment_data/ev_2025-04-22_17-38-49/94_Select_all_approved_reactions_with_CHEBI_or_one_of_its_descendant_optional_UniProtKB_reviewed_EC_comparison.ttl,extension:.ttl,2128,f54aa4841c9fa9f75482d802ee84f92bca72d80cf3f0cea1362ada038af7bf53,fetched,parse_error,turtle,false,0,0,0,0,0,,"BadSyntax: at line 4 of <>:
Bad syntax (expected directive or statement) at ^ in:
""b'\n# Natural Language Question\n# =======================\n'^b'Select all approved reactions with CHEBI:17815 (a 1,2-diacyl'..."""
938809221,sebastians1999/federated-sparql-rag-agent,a064b7529e66a7f30504ce243d96961d52603900,experiments/experiment_data/ev_2025-04-22_21-44-48/109_Distribution_of_reactions_according_to_the_first_level_of_enzyme_classification_comparison.ttl,extension:.ttl,2449,c8b002ed887fa249da281730c49e1bcc31416f62abe40475c8cc146b1646695a,fetched,parse_error,turtle,false,0,0,0,0,0,,"BadSyntax: at line 4 of <>:
Bad syntax (expected directive or statement) at ^ in:
""b'\n# Natural Language Question\n# =======================\n'^b'Distribution of reactions according to the first level of en'..."""
938809221,sebastians1999/federated-sparql-rag-agent,a064b7529e66a7f30504ce243d96961d52603900,experiments/experiment_data/ev_2025-04-22_21-44-48/112_Total_number_of_reaction_ec_protein_links_comparison.ttl,extension:.ttl,1991,fa95921879148d8db38a751fb539a311eae0c06e2dc9455a4895cc263c53d722,fetched,parse_error,turtle,false,0,0,0,0,0,,"BadSyntax: at line 4 of <>:
Bad syntax (expected directive or statement) at ^ in:
""b'\n# Natural Language Question\n# =======================\n'^b'Total number of <reaction> <ec> <protein> links\n\n# Target En'..."""
938809221,sebastians1999/federated-sparql-rag-agent,a064b7529e66a7f30504ce243d96961d52603900,experiments/experiment_data/ev_2025-04-22_21-44-48/115_Retrieve_the_set_of_metabolites_involved_in_reactions_catalyzed_by_human_genes_HUMAN_reference_proteome_comparison.ttl,extension:.ttl,2581,5add4ea805c96154cf583049b0379630f62515039c0df0a72371d11bdfef5058,fetched,parse_error,turtle,false,0,0,0,0,0,,"BadSyntax: at line 4 of <>:
Bad syntax (expected directive or statement) at ^ in:
""b'\n# Natural Language Question\n# =======================\n'^b'Retrieve the set of metabolites involved in reactions cataly'..."""
938809221,sebastians1999/federated-sparql-rag-agent,a064b7529e66a7f30504ce243d96961d52603900,experiments/experiment_data/ev_2025-04-22_21-44-48/116_biosodafrontend_rabit_mouse_orthologs_comparison.ttl,extension:.ttl,2653,9e3943abc9b71e2e69137e5c30e2ac21f423a73e70c51e3d92222b654d176f0a,fetched,parse_error,turtle,false,0,0,0,0,0,,"BadSyntax: at line 4 of <>:
Bad syntax (expected directive or statement) at ^ in:
""b'\n# Natural Language Question\n# =======================\n'^b""Rabbit's proteins encoded by genes that are orthologous to M""..."""
938809221,sebastians1999/federated-sparql-rag-agent,a064b7529e66a7f30504ce243d96961d52603900,experiments/experiment_data/ev_2025-04-22_21-44-48/117_Retrieve_parent_reactions_and_their_catalyzing_enzymes_for_a_metabolite_that_is_not_directly_involved_in_a_reaction_comparison.ttl,extension:.ttl,2370,ad0233bcaf18006b245b1d8a2043b692db901dba3654c14ac83a2f8b50238e7f,fetched,parse_error,turtle,false,0,0,0,0,0,,"BadSyntax: at line 4 of <>:
Bad syntax (expected directive or statement) at ^ in:
""b'\n# Natural Language Question\n# =======================\n'^b'Retrieve parent reactions (and their catalyzing enzymes) for'..."""
938809221,sebastians1999/federated-sparql-rag-agent,a064b7529e66a7f30504ce243d96961d52603900,experiments/experiment_data/ev_2025-04-22_21-44-48/117_biosodafrontend_glioblastoma_orthologs_rat_comparison.ttl,extension:.ttl,3093,2083d637149f15f1091278f62b7f46c1a80411fb1cba1040aadfe857329adcde,fetched,parse_error,turtle,false,0,0,0,0,0,,"BadSyntax: at line 4 of <>:
Bad syntax (expected directive or statement) at ^ in:
""b'\n# Natural Language Question\n# =======================\n'^b'Which are the proteins associated with glioblastoma and the '..."""
938809221,sebastians1999/federated-sparql-rag-agent,a064b7529e66a7f30504ce243d96961d52603900,experiments/experiment_data/ev_2025-04-22_21-44-48/118_biosodafrontend_rat_brain_human_cancer_comparison.ttl,extension:.ttl,2876,3aa1c85cfe8217b2a572698184913a9552e5faf8da9f3dabab968acd848f7aaf,fetched,parse_error,turtle,false,0,0,0,0,0,,"BadSyntax: at line 4 of <>:
Bad syntax (expected directive or statement) at ^ in:
""b'\n# Natural Language Question\n# =======================\n'^b'What are the Homo sapiens genes associated with cancer and t'..."""
938809221,sebastians1999/federated-sparql-rag-agent,a064b7529e66a7f30504ce243d96961d52603900,experiments/experiment_data/ev_2025-04-22_21-44-48/11_comparison.ttl,extension:.ttl,2357,7b4f01396707085b9472a230a876d5f213c1bc4056b28ed80492ce4bd659ad5c,fetched,parse_error,turtle,false,0,0,0,0,0,,"BadSyntax: at line 4 of <>:
Bad syntax (expected directive or statement) at ^ in:
""b'\n# Natural Language Question\n# =======================\n'^b'Distribution of reactions according to the first class of th'..."""
938809221,sebastians1999/federated-sparql-rag-agent,a064b7529e66a7f30504ce243d96961d52603900,experiments/experiment_data/ev_2025-04-22_21-44-48/12_comparison.ttl,extension:.ttl,2007,e7b963c2b6ac2a1506536b6ab0f1eda6c0935d20080b1fed1ae998a2b9ba1975,fetched,parse_error,turtle,false,0,0,0,0,0,,"BadSyntax: at line 4 of <>:
Bad syntax (expected directive or statement) at ^ in:
""b'\n# Natural Language Question\n# =======================\n'^b'Select all Rhea reactions linked to protein sequences (enzym'..."""
938809221,sebastians1999/federated-sparql-rag-agent,a064b7529e66a7f30504ce243d96961d52603900,experiments/experiment_data/ev_2025-04-22_21-44-48/16_comparison.ttl,extension:.ttl,2317,46ea4d63acb178ac19d209bb035a75190ba2d1fda711b0de87cfb8575a71464b,fetched,parse_error,turtle,false,0,0,0,0,0,,"BadSyntax: at line 4 of <>:
Bad syntax (expected directive or statement) at ^ in:
""b'\n# Natural Language Question\n# =======================\n'^b'For a given lipid (SWISSLIPID:000399814, Ceramide), return a'..."""
938809221,sebastians1999/federated-sparql-rag-agent,a064b7529e66a7f30504ce243d96961d52603900,experiments/experiment_data/ev_2025-04-22_21-44-48/18_comparison.ttl,extension:.ttl,1847,fe791787a59a9c235ec17955c3a8fac4a14408c45dc113c3d261f4f59295a15b,fetched,parse_error,turtle,false,0,0,0,0,0,,"BadSyntax: at line 4 of <>:
Bad syntax (expected directive or statement) at ^ in:
""b'\n# Natural Language Question\n# =======================\n'^b'Use <a href=""https://idsm.elixir-czech.cz/sparql"">IDSM Sache'..."""
938809221,sebastians1999/federated-sparql-rag-agent,a064b7529e66a7f30504ce243d96961d52603900,experiments/experiment_data/ev_2025-04-22_21-44-48/19_draft_human_metabolome_comparison.ttl,extension:.ttl,2783,a0667069592b8322a1d1ddb56a88894b2b32f6646bf9ff57518e27eb2b1db7e5,fetched,parse_error,turtle,true,0,0,0,0,0,,"BadSyntax: at line 4 of <>:
Bad syntax (expected directive or statement) at ^ in:
""b'\n# Natural Language Question\n# =======================\n'^b'Generate a draft human metabolome\n\n# Target Endpoint\n# ====='..."""
938809221,sebastians1999/federated-sparql-rag-agent,a064b7529e66a7f30504ce243d96961d52603900,experiments/experiment_data/ev_2025-04-22_21-44-48/20_search_chemical_names_in_japanese_comparison.ttl,extension:.ttl,1601,277dec09b2a06fc5d7f3dc7b99ab6bda4dc692f6ace68255c59a36fc53c00e2a,fetched,parse_error,turtle,false,0,0,0,0,0,,"BadSyntax: at line 4 of <>:
Bad syntax (expected directive or statement) at ^ in:
""b'\n# Natural Language Question\n# =======================\n'^b'Search for Chemical names starting in Japanese, translated t'..."""
938809221,sebastians1999/federated-sparql-rag-agent,a064b7529e66a7f30504ce243d96961d52603900,experiments/experiment_data/ev_2025-04-22_21-44-48/29_comparison.ttl,extension:.ttl,1755,d8782072c596f86412b2fb4c4b33ee5a2d8b2a5ff118077fa59b076d5f85f445,fetched,parse_error,turtle,false,0,0,0,0,0,,"BadSyntax: at line 4 of <>:
Bad syntax (expected directive or statement) at ^ in:
""b'\n# Natural Language Question\n# =======================\n'^b'Use <a href=""http://allie.dbcls.jp/"">ALLIE</a> a service for'..."""
938809221,sebastians1999/federated-sparql-rag-agent,a064b7529e66a7f30504ce243d96961d52603900,experiments/experiment_data/ev_2025-04-22_21-44-48/34_comparison.ttl,extension:.ttl,1827,63e4b08fe6d5b2f48d9c5c38213ed09b34402568401933b6f72691ca7e6da192,fetched,parse_error,turtle,false,0,0,0,0,0,,"BadSyntax: at line 4 of <>:
Bad syntax (expected directive or statement) at ^ in:
""b'\n# Natural Language Question\n# =======================\n'^b'Lipids affected by human enzymes\n\n# Target Endpoint\n# ======'..."""
938809221,sebastians1999/federated-sparql-rag-agent,a064b7529e66a7f30504ce243d96961d52603900,experiments/experiment_data/ev_2025-04-22_21-44-48/36_comparison.ttl,extension:.ttl,2057,d6afa85c2ed21f1f8e9a50d325613376d5fed39f6da489a0c884410e6a43c395,fetched,parse_error,turtle,false,0,0,0,0,0,,"BadSyntax: at line 4 of <>:
Bad syntax (expected directive or statement) at ^ in:
""b'\n# Natural Language Question\n# =======================\n'^b'Find the orthologous proteins for UniProtKB entry P05067 usi'..."""
938809221,sebastians1999/federated-sparql-rag-agent,a064b7529e66a7f30504ce243d96961d52603900,experiments/experiment_data/ev_2025-04-22_21-44-48/38_comparison.ttl,extension:.ttl,2098,4604ab1da8870eadd53f2e91f98827392f2c8acb35dc11e0acde03de2cf32705,fetched,parse_error,turtle,false,0,0,0,0,0,,"BadSyntax: at line 4 of <>:
Bad syntax (expected directive or statement) at ^ in:
""b'\n# Natural Language Question\n# =======================\n'^b'For the human entry P05067 (Amyloid-beta precursor protein) '..."""
938809221,sebastians1999/federated-sparql-rag-agent,a064b7529e66a7f30504ce243d96961d52603900,experiments/experiment_data/ev_2025-04-22_21-44-48/40_comparison.ttl,extension:.ttl,2217,d254539fbf3dbc328d3d6f985e829cb56d25baa7d1b34b0ac5eb2ec9abeb5721,fetched,parse_error,turtle,false,0,0,0,0,0,,"BadSyntax: at line 4 of <>:
Bad syntax (expected directive or statement) at ^ in:
""b'\n# Natural Language Question\n# =======================\n'^b'Retrieve human enzymes that metabolize sphingolipids and are'..."""
938809221,sebastians1999/federated-sparql-rag-agent,a064b7529e66a7f30504ce243d96961d52603900,experiments/experiment_data/ev_2025-04-22_21-44-48/42_comparison.ttl,extension:.ttl,1779,4e8a51e34ee684b273dac08bcdbe9da79839ac158f56c4d920e24597182a8e90,fetched,parse_error,turtle,false,0,0,0,0,0,,"BadSyntax: at line 4 of <>:
Bad syntax (expected directive or statement) at ^ in:
""b'\n# Natural Language Question\n# =======================\n'^b'Connect patents cited in UniProtKB with those in the patent '..."""
938809221,sebastians1999/federated-sparql-rag-agent,a064b7529e66a7f30504ce243d96961d52603900,experiments/experiment_data/ev_2025-04-22_21-44-48/43_comparison.ttl,extension:.ttl,1493,5c3e311539647ac85fa506433dbf7cc539b912b3ce466c96b8275c958d3274c0,fetched,parse_error,turtle,false,0,0,0,0,0,,"BadSyntax: at line 4 of <>:
Bad syntax (expected directive or statement) at ^ in:
""b'\n# Natural Language Question\n# =======================\n'^b'Connect patents cited in UniProtKB with those in the patent '..."""
938809221,sebastians1999/federated-sparql-rag-agent,a064b7529e66a7f30504ce243d96961d52603900,experiments/experiment_data/ev_2025-04-22_21-44-48/45_comparison.ttl,extension:.ttl,3927,6b8481dcb589a3aafe1139a83127105ae4563a704fadb50003d2f7d70b8fc88b,fetched,parse_error,turtle,false,0,0,0,0,0,,"BadSyntax: at line 4 of <>:
Bad syntax (expected directive or statement) at ^ in:
""b'\n# Natural Language Question\n# =======================\n'^b'Retrieve drugs that target human enzymes involved in sterol '..."""
938809221,sebastians1999/federated-sparql-rag-agent,a064b7529e66a7f30504ce243d96961d52603900,experiments/experiment_data/ev_2025-04-22_21-44-48/49_comparison.ttl,extension:.ttl,3612,8780452738b954bc8b0978cc398cd7fec3249e6b1d1ff4b698db3c1f7c02027b,fetched,parse_error,turtle,false,0,0,0,0,0,,"BadSyntax: at line 4 of <>:
Bad syntax (expected directive or statement) at ^ in:
""b'\n# Natural Language Question\n# =======================\n'^b'Retrieve the UniProtKB proteins, their catalyzed Rhea reacti'..."""
938809221,sebastians1999/federated-sparql-rag-agent,a064b7529e66a7f30504ce243d96961d52603900,experiments/experiment_data/ev_2025-04-22_21-44-48/51_comparison.ttl,extension:.ttl,1682,200dd52576798401a4cda585e387c9576f84e2d8235e5eaa8fd81927b86674d7,fetched,parse_error,turtle,false,0,0,0,0,0,,"BadSyntax: at line 4 of <>:
Bad syntax (expected directive or statement) at ^ in:
""b'\n# Natural Language Question\n# =======================\n'^b'Find all proteins linked to arachidonate (CHEBI:32395)\n\n# Ta'..."""
938809221,sebastians1999/federated-sparql-rag-agent,a064b7529e66a7f30504ce243d96961d52603900,experiments/experiment_data/ev_2025-04-22_21-44-48/52_comparison.ttl,extension:.ttl,4333,dca2cff4944c4d6cf1738f0a8729d8e38d44772f0fda70567c8dc78b0ce3d891,fetched,parse_error,turtle,false,0,0,0,0,0,,"BadSyntax: at line 4 of <>:
Bad syntax (expected directive or statement) at ^ in:
""b'\n# Natural Language Question\n# =======================\n'^b'Retrieve drugs that target human enzymes involved in sterol '..."""
938809221,sebastians1999/federated-sparql-rag-agent,a064b7529e66a7f30504ce243d96961d52603900,experiments/experiment_data/ev_2025-04-22_21-44-48/53_comparison.ttl,extension:.ttl,3305,6013d93acdd47b484a7a38d0ca825063a73a771d4a7f274e6dda03d5caf972e0,fetched,parse_error,turtle,false,0,0,0,0,0,,"BadSyntax: at line 4 of <>:
Bad syntax (expected directive or statement) at ^ in:
""b'\n# Natural Language Question\n# =======================\n'^b'Find mouse homologs in OMABrowser of human enzymes that cata'..."""
938809221,sebastians1999/federated-sparql-rag-agent,a064b7529e66a7f30504ce243d96961d52603900,experiments/experiment_data/ev_2025-04-22_21-44-48/54_comparison.ttl,extension:.ttl,2163,8875435a3c7a0c0f5180552229b7c8724aa0d74ecb53c359a74f85c783733024,fetched,parse_error,turtle,false,0,0,0,0,0,,"BadSyntax: at line 4 of <>:
Bad syntax (expected directive or statement) at ^ in:
""b'\n# Natural Language Question\n# =======================\n'^b'Proteins with binding sites for ligands similar to heme\n\n# T'..."""
938809221,sebastians1999/federated-sparql-rag-agent,a064b7529e66a7f30504ce243d96961d52603900,experiments/experiment_data/ev_2025-04-22_21-44-48/5_comparison.ttl,extension:.ttl,2400,ec8db89cea9a39456788d35ff46a912c37165bf4137fcdc1901c6cf9b82fa5f3,fetched,parse_error,turtle,false,0,0,0,0,0,,"BadSyntax: at line 4 of <>:
Bad syntax (expected directive or statement) at ^ in:
""b'\n# Natural Language Question\n# =======================\n'^b'For a given lipid (SWISSLIPID:000399814, Ceramide), return a'..."""
938809221,sebastians1999/federated-sparql-rag-agent,a064b7529e66a7f30504ce243d96961d52603900,experiments/experiment_data/ev_2025-04-22_21-44-48/60_comparison.ttl,extension:.ttl,3028,4f17f8756b69270de1bda1272da4bb0584aeeaf464783cb2c4655875098b3154,fetched,parse_error,turtle,false,0,0,0,0,0,,"BadSyntax: at line 4 of <>:
Bad syntax (expected directive or statement) at ^ in:
""b'\n# Natural Language Question\n# =======================\n'^b'Find human proteins that catalyze reactions where substrates'..."""
938809221,sebastians1999/federated-sparql-rag-agent,a064b7529e66a7f30504ce243d96961d52603900,experiments/experiment_data/ev_2025-04-22_21-44-48/67_draft_human_metabolome_comparison.ttl,extension:.ttl,2534,eda3bc24b706760d047f9228510e7bd73f3eaa82f95146235e27711094d13f3e,fetched,parse_error,turtle,true,0,0,0,0,0,,"BadSyntax: at line 4 of <>:
Bad syntax (expected directive or statement) at ^ in:
""b'\n# Natural Language Question\n# =======================\n'^b'Generate a draft human metabolome\n\n# Target Endpoint\n# ====='..."""
938809221,sebastians1999/federated-sparql-rag-agent,a064b7529e66a7f30504ce243d96961d52603900,experiments/experiment_data/ev_2025-04-22_21-44-48/6_comparison.ttl,extension:.ttl,3012,9096beb265b747b97877493e277b987dfc3092f88dc70c7067dca525078ea3bf,fetched,parse_error,turtle,false,0,0,0,0,0,,"BadSyntax: at line 4 of <>:
Bad syntax (expected directive or statement) at ^ in:
""b'\n# Natural Language Question\n# =======================\n'^b'For a given lipid (SWISSLIPID:000399814, Ceramide), return a'..."""
938809221,sebastians1999/federated-sparql-rag-agent,a064b7529e66a7f30504ce243d96961d52603900,experiments/experiment_data/ev_2025-04-22_21-44-48/70_enzymes_interacting_with_molecules_similar_to_dopamine_comparison.ttl,extension:.ttl,2109,af32b4d6ddc5d5fc44c32f52fadf0d343086a105141aaf522af771b7da794c7f,fetched,parse_error,turtle,false,0,0,0,0,0,,"BadSyntax: at line 4 of <>:
Bad syntax (expected directive or statement) at ^ in:
""b'\n# Natural Language Question\n# =======================\n'^b'Look for enzymes catalyzing reactions with molecules similar'..."""
938809221,sebastians1999/federated-sparql-rag-agent,a064b7529e66a7f30504ce243d96961d52603900,experiments/experiment_data/ev_2025-04-22_21-44-48/94_Select_all_approved_reactions_with_CHEBI_or_one_of_its_descendant_optional_UniProtKB_reviewed_EC_comparison.ttl,extension:.ttl,2526,560881692b26ae16a7bace5cda904ca65f77e79a1590037c8e5f11aae9bd0830,fetched,parse_error,turtle,false,0,0,0,0,0,,"BadSyntax: at line 4 of <>:
Bad syntax (expected directive or statement) at ^ in:
""b'\n# Natural Language Question\n# =======================\n'^b'Select all approved reactions with CHEBI:17815 (a 1,2-diacyl'..."""
938809221,sebastians1999/federated-sparql-rag-agent,a064b7529e66a7f30504ce243d96961d52603900,experiments/experiment_data/ev_2025-04-23_10-26-29/109_Distribution_of_reactions_according_to_the_first_level_of_enzyme_classification_comparison.ttl,extension:.ttl,2047,a7610925ff94cca22f203dd8cc05a787e8db0ef818b9eac7d609768d53baff1f,fetched,parse_error,turtle,false,0,0,0,0,0,,"BadSyntax: at line 4 of <>:
Bad syntax (expected directive or statement) at ^ in:
""b'\n# Natural Language Question\n# =======================\n'^b'Distribution of reactions according to the first level of en'..."""
938809221,sebastians1999/federated-sparql-rag-agent,a064b7529e66a7f30504ce243d96961d52603900,experiments/experiment_data/ev_2025-04-23_10-26-29/112_Total_number_of_reaction_ec_protein_links_comparison.ttl,extension:.ttl,1583,9d15db9bc358ec3803b92cb1222f026de105312c69787beecfd51a965e6b189c,fetched,parse_error,turtle,false,0,0,0,0,0,,"BadSyntax: at line 4 of <>:
Bad syntax (expected directive or statement) at ^ in:
""b'\n# Natural Language Question\n# =======================\n'^b'Total number of <reaction> <ec> <protein> links\n\n# Target En'..."""
938809221,sebastians1999/federated-sparql-rag-agent,a064b7529e66a7f30504ce243d96961d52603900,experiments/experiment_data/ev_2025-04-23_10-26-29/115_Retrieve_the_set_of_metabolites_involved_in_reactions_catalyzed_by_human_genes_HUMAN_reference_proteome_comparison.ttl,extension:.ttl,2688,23996e0880f86378f542d859f60508ceb9855fa2faeaad1742cfc596ed2f9e71,fetched,parse_error,turtle,false,0,0,0,0,0,,"BadSyntax: at line 4 of <>:
Bad syntax (expected directive or statement) at ^ in:
""b'\n# Natural Language Question\n# =======================\n'^b'Retrieve the set of metabolites involved in reactions cataly'..."""
938809221,sebastians1999/federated-sparql-rag-agent,a064b7529e66a7f30504ce243d96961d52603900,experiments/experiment_data/ev_2025-04-23_10-26-29/116_biosodafrontend_rabit_mouse_orthologs_comparison.ttl,extension:.ttl,3259,bfce6b9ab41a3b9c09222f15d827adbb9a937a4d82523509a87f4d924a4a77a7,fetched,parse_error,turtle,false,0,0,0,0,0,,"BadSyntax: at line 4 of <>:
Bad syntax (expected directive or statement) at ^ in:
""b'\n# Natural Language Question\n# =======================\n'^b""Rabbit's proteins encoded by genes that are orthologous to M""..."""
938809221,sebastians1999/federated-sparql-rag-agent,a064b7529e66a7f30504ce243d96961d52603900,experiments/experiment_data/ev_2025-04-23_10-26-29/117_Retrieve_parent_reactions_and_their_catalyzing_enzymes_for_a_metabolite_that_is_not_directly_involved_in_a_reaction_comparison.ttl,extension:.ttl,3699,2a91da362dc30389b3dae6fb20145843c8275956bde783451d4d88ce5a992b29,fetched,parse_error,turtle,false,0,0,0,0,0,,"BadSyntax: at line 4 of <>:
Bad syntax (expected directive or statement) at ^ in:
""b'\n# Natural Language Question\n# =======================\n'^b'Retrieve parent reactions (and their catalyzing enzymes) for'..."""
938809221,sebastians1999/federated-sparql-rag-agent,a064b7529e66a7f30504ce243d96961d52603900,experiments/experiment_data/ev_2025-04-23_10-26-29/117_biosodafrontend_glioblastoma_orthologs_rat_comparison.ttl,extension:.ttl,3525,886586a8c61f39e698b39e255a8107d2310c6e74c80cbee7c7c9b094a886010c,fetched,parse_error,turtle,false,0,0,0,0,0,,"BadSyntax: at line 4 of <>:
Bad syntax (expected directive or statement) at ^ in:
""b'\n# Natural Language Question\n# =======================\n'^b'Which are the proteins associated with glioblastoma and the '..."""
938809221,sebastians1999/federated-sparql-rag-agent,a064b7529e66a7f30504ce243d96961d52603900,experiments/experiment_data/ev_2025-04-23_10-26-29/118_biosodafrontend_rat_brain_human_cancer_comparison.ttl,extension:.ttl,3850,8e6a379f34102802300aa2008cf8bd4550112b8ff1cd3cfaa5bb91cd21bab54f,fetched,parse_error,turtle,false,0,0,0,0,0,,"BadSyntax: at line 4 of <>:
Bad syntax (expected directive or statement) at ^ in:
""b'\n# Natural Language Question\n# =======================\n'^b'What are the Homo sapiens genes associated with cancer and t'..."""
938809221,sebastians1999/federated-sparql-rag-agent,a064b7529e66a7f30504ce243d96961d52603900,experiments/experiment_data/ev_2025-04-23_10-26-29/11_comparison.ttl,extension:.ttl,2569,fa9fb64dfaf37694a21d0b024f14be03e25166a1fd6f3a18239801814de2aa6a,fetched,parse_error,turtle,false,0,0,0,0,0,,"BadSyntax: at line 4 of <>:
Bad syntax (expected directive or statement) at ^ in:
""b'\n# Natural Language Question\n# =======================\n'^b'Distribution of reactions according to the first class of th'..."""
938809221,sebastians1999/federated-sparql-rag-agent,a064b7529e66a7f30504ce243d96961d52603900,experiments/experiment_data/ev_2025-04-23_10-26-29/12_comparison.ttl,extension:.ttl,2007,e1c49fd387cc27a84772b8118f0c65783b81e5db0b35b1122d0ba5c4d1d4e40c,fetched,parse_error,turtle,false,0,0,0,0,0,,"BadSyntax: at line 4 of <>:
Bad syntax (expected directive or statement) at ^ in:
""b'\n# Natural Language Question\n# =======================\n'^b'Select all Rhea reactions linked to protein sequences (enzym'..."""
938809221,sebastians1999/federated-sparql-rag-agent,a064b7529e66a7f30504ce243d96961d52603900,experiments/experiment_data/ev_2025-04-23_10-26-29/16_comparison.ttl,extension:.ttl,2664,3ed871f69b47a8e80ee4118cb766acfe1beda161b95057e96c2527647f793724,fetched,parse_error,turtle,false,0,0,0,0,0,,"BadSyntax: at line 4 of <>:
Bad syntax (expected directive or statement) at ^ in:
""b'\n# Natural Language Question\n# =======================\n'^b'For a given lipid (SWISSLIPID:000399814, Ceramide), return a'..."""
938809221,sebastians1999/federated-sparql-rag-agent,a064b7529e66a7f30504ce243d96961d52603900,experiments/experiment_data/ev_2025-04-23_10-26-29/19_draft_human_metabolome_comparison.ttl,extension:.ttl,3648,3ccb43ed9fb706147cbf158244cb70fc0b0a98ad333b6486fb19d3be491308b5,fetched,parse_error,turtle,true,0,0,0,0,0,,"BadSyntax: at line 4 of <>:
Bad syntax (expected directive or statement) at ^ in:
""b'\n# Natural Language Question\n# =======================\n'^b'Generate a draft human metabolome\n\n# Target Endpoint\n# ====='..."""
938809221,sebastians1999/federated-sparql-rag-agent,a064b7529e66a7f30504ce243d96961d52603900,experiments/experiment_data/ev_2025-04-23_10-26-29/20_search_chemical_names_in_japanese_comparison.ttl,extension:.ttl,3050,32d21d7cddea033bde9aeb465b3619d4889aa469e0764250a78bd1de33fa899a,fetched,parse_error,turtle,false,0,0,0,0,0,,"BadSyntax: at line 4 of <>:
Bad syntax (expected directive or statement) at ^ in:
""b'\n# Natural Language Question\n# =======================\n'^b'Search for Chemical names starting in Japanese, translated t'..."""
938809221,sebastians1999/federated-sparql-rag-agent,a064b7529e66a7f30504ce243d96961d52603900,experiments/experiment_data/ev_2025-04-23_10-26-29/29_comparison.ttl,extension:.ttl,3591,141f816846082126124b474d8de9afe35e552605ebcf19f774ab0e261fa8c6c8,fetched,parse_error,turtle,false,0,0,0,0,0,,"BadSyntax: at line 4 of <>:
Bad syntax (expected directive or statement) at ^ in:
""b'\n# Natural Language Question\n# =======================\n'^b'Use <a href=""http://allie.dbcls.jp/"">ALLIE</a> a service for'..."""
938809221,sebastians1999/federated-sparql-rag-agent,a064b7529e66a7f30504ce243d96961d52603900,experiments/experiment_data/ev_2025-04-23_10-26-29/34_comparison.ttl,extension:.ttl,3144,dfc34977bba26916b8078a055141bfc5cfe839f0fd75e6bb2a2e80ebfbcd7b29,fetched,parse_error,turtle,false,0,0,0,0,0,,"BadSyntax: at line 4 of <>:
Bad syntax (expected directive or statement) at ^ in:
""b'\n# Natural Language Question\n# =======================\n'^b'Lipids affected by human enzymes\n\n# Target Endpoint\n# ======'..."""
938809221,sebastians1999/federated-sparql-rag-agent,a064b7529e66a7f30504ce243d96961d52603900,experiments/experiment_data/ev_2025-04-23_10-26-29/36_comparison.ttl,extension:.ttl,2412,bd4344407cde0333bc09757dbaccb93a15d6fd7b7780a70a1c22912bc8a22e92,fetched,parse_error,turtle,false,0,0,0,0,0,,"BadSyntax: at line 4 of <>:
Bad syntax (expected directive or statement) at ^ in:
""b'\n# Natural Language Question\n# =======================\n'^b'Find the orthologous proteins for UniProtKB entry P05067 usi'..."""
938809221,sebastians1999/federated-sparql-rag-agent,a064b7529e66a7f30504ce243d96961d52603900,experiments/experiment_data/ev_2025-04-23_10-26-29/38_comparison.ttl,extension:.ttl,3748,953a682c8ba8b85e2d267e5096adada56ba93d7b0f0c5b2bdafccbaee3e2e8e6,fetched,parse_error,turtle,false,0,0,0,0,0,,"BadSyntax: at line 4 of <>:
Bad syntax (expected directive or statement) at ^ in:
""b'\n# Natural Language Question\n# =======================\n'^b'For the human entry P05067 (Amyloid-beta precursor protein) '..."""
938809221,sebastians1999/federated-sparql-rag-agent,a064b7529e66a7f30504ce243d96961d52603900,experiments/experiment_data/ev_2025-04-23_10-26-29/40_comparison.ttl,extension:.ttl,2886,8d5a5e15f74e8677c4ee5bdb50e21727edf5c51480d36a8159676fd2999e9874,fetched,parse_error,turtle,false,0,0,0,0,0,,"BadSyntax: at line 4 of <>:
Bad syntax (expected directive or statement) at ^ in:
""b'\n# Natural Language Question\n# =======================\n'^b'Retrieve human enzymes that metabolize sphingolipids and are'..."""
938809221,sebastians1999/federated-sparql-rag-agent,a064b7529e66a7f30504ce243d96961d52603900,experiments/experiment_data/ev_2025-04-23_10-26-29/42_comparison.ttl,extension:.ttl,2819,958a3a5e9c7429a6fb3ab547bd779aadd4497714f5832be48dd21f93070e6a1d,fetched,parse_error,turtle,false,0,0,0,0,0,,"BadSyntax: at line 4 of <>:
Bad syntax (expected directive or statement) at ^ in:
""b'\n# Natural Language Question\n# =======================\n'^b'Connect patents cited in UniProtKB with those in the patent '..."""
938809221,sebastians1999/federated-sparql-rag-agent,a064b7529e66a7f30504ce243d96961d52603900,experiments/experiment_data/ev_2025-04-23_10-26-29/43_comparison.ttl,extension:.ttl,3050,28b38988645983e899f86847ff3c844825fcb45e7e2aaf790ce77d4fc83427b5,fetched,parse_error,turtle,false,0,0,0,0,0,,"BadSyntax: at line 4 of <>:
Bad syntax (expected directive or statement) at ^ in:
""b'\n# Natural Language Question\n# =======================\n'^b'Connect patents cited in UniProtKB with those in the patent '..."""
938809221,sebastians1999/federated-sparql-rag-agent,a064b7529e66a7f30504ce243d96961d52603900,experiments/experiment_data/ev_2025-04-23_10-26-29/45_comparison.ttl,extension:.ttl,5676,3d7355122dfce16331ec792b2cde617b0a63127cd0b2d389ce83834850d04360,fetched,parse_error,turtle,false,0,0,0,0,0,,"BadSyntax: at line 4 of <>:
Bad syntax (expected directive or statement) at ^ in:
""b'\n# Natural Language Question\n# =======================\n'^b'Retrieve drugs that target human enzymes involved in sterol '..."""
938809221,sebastians1999/federated-sparql-rag-agent,a064b7529e66a7f30504ce243d96961d52603900,experiments/experiment_data/ev_2025-04-23_10-26-29/49_comparison.ttl,extension:.ttl,4028,7b4944bc08f749338b381ae940d2b2499d0a4601f7e545c6fd23077c606dbf9a,fetched,parse_error,turtle,false,0,0,0,0,0,,"BadSyntax: at line 4 of <>:
Bad syntax (expected directive or statement) at ^ in:
""b'\n# Natural Language Question\n# =======================\n'^b'Retrieve the UniProtKB proteins, their catalyzed Rhea reacti'..."""
938809221,sebastians1999/federated-sparql-rag-agent,a064b7529e66a7f30504ce243d96961d52603900,experiments/experiment_data/ev_2025-04-23_10-26-29/51_comparison.ttl,extension:.ttl,1916,492d7606e27160b8fb8687ab15d89e30c0d263415f8d9cb7ca87cf08cd1e8777,fetched,parse_error,turtle,false,0,0,0,0,0,,"BadSyntax: at line 4 of <>:
Bad syntax (expected directive or statement) at ^ in:
""b'\n# Natural Language Question\n# =======================\n'^b'Find all proteins linked to arachidonate (CHEBI:32395)\n\n# Ta'..."""
938809221,sebastians1999/federated-sparql-rag-agent,a064b7529e66a7f30504ce243d96961d52603900,experiments/experiment_data/ev_2025-04-23_10-26-29/52_comparison.ttl,extension:.ttl,6692,93400afd7dc1675380dac8cd209f70010e498ff1bcc0122149543cb4559ee2c5,fetched,parse_error,turtle,false,0,0,0,0,0,,"BadSyntax: at line 4 of <>:
Bad syntax (expected directive or statement) at ^ in:
""b'\n# Natural Language Question\n# =======================\n'^b'Retrieve drugs that target human enzymes involved in sterol '..."""
938809221,sebastians1999/federated-sparql-rag-agent,a064b7529e66a7f30504ce243d96961d52603900,experiments/experiment_data/ev_2025-04-23_10-26-29/53_comparison.ttl,extension:.ttl,3548,32e7a2f002de934bba02d9a8810402011f0cfdba794f0dbf9b992926c6004606,fetched,parse_error,turtle,false,0,0,0,0,0,,"BadSyntax: at line 4 of <>:
Bad syntax (expected directive or statement) at ^ in:
""b'\n# Natural Language Question\n# =======================\n'^b'Find mouse homologs in OMABrowser of human enzymes that cata'..."""
938809221,sebastians1999/federated-sparql-rag-agent,a064b7529e66a7f30504ce243d96961d52603900,experiments/experiment_data/ev_2025-04-23_10-26-29/54_comparison.ttl,extension:.ttl,2395,99e4cd15b6f58bf5b491434c79df8d7e466e91578422a321ef164112ddb3e6d5,fetched,parse_error,turtle,false,0,0,0,0,0,,"BadSyntax: at line 4 of <>:
Bad syntax (expected directive or statement) at ^ in:
""b'\n# Natural Language Question\n# =======================\n'^b'Proteins with binding sites for ligands similar to heme\n\n# T'..."""
938809221,sebastians1999/federated-sparql-rag-agent,a064b7529e66a7f30504ce243d96961d52603900,experiments/experiment_data/ev_2025-04-23_10-26-29/5_comparison.ttl,extension:.ttl,3220,5c5cb67895b0850738f822a7b2f0238fb8b3c22e933a18b7a1778afda4aeaa88,fetched,parse_error,turtle,false,0,0,0,0,0,,"BadSyntax: at line 4 of <>:
Bad syntax (expected directive or statement) at ^ in:
""b'\n# Natural Language Question\n# =======================\n'^b'For a given lipid (SWISSLIPID:000399814, Ceramide), return a'..."""
938809221,sebastians1999/federated-sparql-rag-agent,a064b7529e66a7f30504ce243d96961d52603900,experiments/experiment_data/ev_2025-04-23_10-26-29/60_comparison.ttl,extension:.ttl,3286,6c9e31afca6d22a6ca7c61769676bed5fbbecc2b74e34b6da63cddbca5db5d2c,fetched,parse_error,turtle,false,0,0,0,0,0,,"BadSyntax: at line 4 of <>:
Bad syntax (expected directive or statement) at ^ in:
""b'\n# Natural Language Question\n# =======================\n'^b'Find human proteins that catalyze reactions where substrates'..."""
938809221,sebastians1999/federated-sparql-rag-agent,a064b7529e66a7f30504ce243d96961d52603900,experiments/experiment_data/ev_2025-04-23_10-26-29/67_draft_human_metabolome_comparison.ttl,extension:.ttl,2353,eea90af5a2e38c6788a21db7dfbb9d89d7cca3f9b87c0acbc0034e949f10b398,fetched,parse_error,turtle,true,0,0,0,0,0,,"BadSyntax: at line 4 of <>:
Bad syntax (expected directive or statement) at ^ in:
""b'\n# Natural Language Question\n# =======================\n'^b'Generate a draft human metabolome\n\n# Target Endpoint\n# ====='..."""
938809221,sebastians1999/federated-sparql-rag-agent,a064b7529e66a7f30504ce243d96961d52603900,experiments/experiment_data/ev_2025-04-23_10-26-29/6_comparison.ttl,extension:.ttl,3786,097d8f8ffc00ef7b800e4998ab4925b0716320a5601d5ef46a69219048b78c15,fetched,parse_error,turtle,false,0,0,0,0,0,,"BadSyntax: at line 4 of <>:
Bad syntax (expected directive or statement) at ^ in:
""b'\n# Natural Language Question\n# =======================\n'^b'For a given lipid (SWISSLIPID:000399814, Ceramide), return a'..."""
938809221,sebastians1999/federated-sparql-rag-agent,a064b7529e66a7f30504ce243d96961d52603900,experiments/experiment_data/ev_2025-04-23_10-26-29/70_enzymes_interacting_with_molecules_similar_to_dopamine_comparison.ttl,extension:.ttl,2291,cd53d625b56d02e1660a03cee9eb3784d32d06535c2ac2a8ddf45ebb9ddef080,fetched,parse_error,turtle,false,0,0,0,0,0,,"BadSyntax: at line 4 of <>:
Bad syntax (expected directive or statement) at ^ in:
""b'\n# Natural Language Question\n# =======================\n'^b'Look for enzymes catalyzing reactions with molecules similar'..."""
938809221,sebastians1999/federated-sparql-rag-agent,a064b7529e66a7f30504ce243d96961d52603900,experiments/experiment_data/ev_2025-04-23_10-26-29/94_Select_all_approved_reactions_with_CHEBI_or_one_of_its_descendant_optional_UniProtKB_reviewed_EC_comparison.ttl,extension:.ttl,2768,c7989a8239ae9132158bb0f0576fc4a66dca8171e4eae23adafd2bfc1c7d876e,fetched,parse_error,turtle,false,0,0,0,0,0,,"BadSyntax: at line 4 of <>:
Bad syntax (expected directive or statement) at ^ in:
""b'\n# Natural Language Question\n# =======================\n'^b'Select all approved reactions with CHEBI:17815 (a 1,2-diacyl'..."""
938809221,sebastians1999/federated-sparql-rag-agent,a064b7529e66a7f30504ce243d96961d52603900,experiments/experiment_data/ev_2025-04-23_11-26-44/109_Distribution_of_reactions_according_to_the_first_level_of_enzyme_classification_comparison.ttl,extension:.ttl,1703,eabd71192b48d835922975d9a4a446f61b736a4ee820e51e51bd423ab13a9855,fetched,parse_error,turtle,false,0,0,0,0,0,,"BadSyntax: at line 4 of <>:
Bad syntax (expected directive or statement) at ^ in:
""b'\n# Natural Language Question\n# =======================\n'^b'Distribution of reactions according to the first level of en'..."""
938809221,sebastians1999/federated-sparql-rag-agent,a064b7529e66a7f30504ce243d96961d52603900,experiments/experiment_data/ev_2025-04-23_11-26-44/112_Total_number_of_reaction_ec_protein_links_comparison.ttl,extension:.ttl,1982,9ff762231318b024c3eb41a1f6d896834e4dce7cf3a18e4d09e099c29943120f,fetched,parse_error,turtle,false,0,0,0,0,0,,"BadSyntax: at line 4 of <>:
Bad syntax (expected directive or statement) at ^ in:
""b'\n# Natural Language Question\n# =======================\n'^b'Total number of <reaction> <ec> <protein> links\n\n# Target En'..."""
938809221,sebastians1999/federated-sparql-rag-agent,a064b7529e66a7f30504ce243d96961d52603900,experiments/experiment_data/ev_2025-04-23_11-26-44/115_Retrieve_the_set_of_metabolites_involved_in_reactions_catalyzed_by_human_genes_HUMAN_reference_proteome_comparison.ttl,extension:.ttl,2490,86899458aeb65b96995b625ba58e458953f3f655c0ac38c87d4cc8263168d2b4,fetched,parse_error,turtle,false,0,0,0,0,0,,"BadSyntax: at line 4 of <>:
Bad syntax (expected directive or statement) at ^ in:
""b'\n# Natural Language Question\n# =======================\n'^b'Retrieve the set of metabolites involved in reactions cataly'..."""
938809221,sebastians1999/federated-sparql-rag-agent,a064b7529e66a7f30504ce243d96961d52603900,experiments/experiment_data/ev_2025-04-23_11-26-44/116_biosodafrontend_rabit_mouse_orthologs_comparison.ttl,extension:.ttl,2426,67cdb0c55daa0623ac0f3256b18ff3903895894fe8b0550767f648d1bc8586ac,fetched,parse_error,turtle,false,0,0,0,0,0,,"BadSyntax: at line 4 of <>:
Bad syntax (expected directive or statement) at ^ in:
""b'\n# Natural Language Question\n# =======================\n'^b""Rabbit's proteins encoded by genes that are orthologous to M""..."""
938809221,sebastians1999/federated-sparql-rag-agent,a064b7529e66a7f30504ce243d96961d52603900,experiments/experiment_data/ev_2025-04-23_11-26-44/117_Retrieve_parent_reactions_and_their_catalyzing_enzymes_for_a_metabolite_that_is_not_directly_involved_in_a_reaction_comparison.ttl,extension:.ttl,2290,64feeb6640bffcd1266e3f9ed805791a260503a885543bc688bb73d8c44cd453,fetched,parse_error,turtle,false,0,0,0,0,0,,"BadSyntax: at line 4 of <>:
Bad syntax (expected directive or statement) at ^ in:
""b'\n# Natural Language Question\n# =======================\n'^b'Retrieve parent reactions (and their catalyzing enzymes) for'..."""
938809221,sebastians1999/federated-sparql-rag-agent,a064b7529e66a7f30504ce243d96961d52603900,experiments/experiment_data/ev_2025-04-23_11-26-44/117_biosodafrontend_glioblastoma_orthologs_rat_comparison.ttl,extension:.ttl,3030,f3df9f82fd01e89029a713b15400fd7fac2f430426a95aebef58cb85427e805f,fetched,parse_error,turtle,false,0,0,0,0,0,,"BadSyntax: at line 4 of <>:
Bad syntax (expected directive or statement) at ^ in:
""b'\n# Natural Language Question\n# =======================\n'^b'Which are the proteins associated with glioblastoma and the '..."""
938809221,sebastians1999/federated-sparql-rag-agent,a064b7529e66a7f30504ce243d96961d52603900,experiments/experiment_data/ev_2025-04-23_11-26-44/118_biosodafrontend_rat_brain_human_cancer_comparison.ttl,extension:.ttl,3272,2d3165ef7789db00b17788b4c26e09fb34669c50452025853a228906fbefe66a,fetched,parse_error,turtle,false,0,0,0,0,0,,"BadSyntax: at line 4 of <>:
Bad syntax (expected directive or statement) at ^ in:
""b'\n# Natural Language Question\n# =======================\n'^b'What are the Homo sapiens genes associated with cancer and t'..."""
938809221,sebastians1999/federated-sparql-rag-agent,a064b7529e66a7f30504ce243d96961d52603900,experiments/experiment_data/ev_2025-04-23_11-26-44/11_comparison.ttl,extension:.ttl,2214,162d990cd01c4cb7325a30ad2d335b47fba0d25f6f69384c81390e9fa712c0e1,fetched,parse_error,turtle,false,0,0,0,0,0,,"BadSyntax: at line 4 of <>:
Bad syntax (expected directive or statement) at ^ in:
""b'\n# Natural Language Question\n# =======================\n'^b'Distribution of reactions according to the first class of th'..."""
938809221,sebastians1999/federated-sparql-rag-agent,a064b7529e66a7f30504ce243d96961d52603900,experiments/experiment_data/ev_2025-04-23_11-26-44/12_comparison.ttl,extension:.ttl,2101,fee3c84b2f285c8125fb54dfe2e16cfd165caadc37ed45354376d8ec6cf03f34,fetched,parse_error,turtle,false,0,0,0,0,0,,"BadSyntax: at line 4 of <>:
Bad syntax (expected directive or statement) at ^ in:
""b'\n# Natural Language Question\n# =======================\n'^b'Select all Rhea reactions linked to protein sequences (enzym'..."""
938809221,sebastians1999/federated-sparql-rag-agent,a064b7529e66a7f30504ce243d96961d52603900,experiments/experiment_data/ev_2025-04-23_11-26-44/16_comparison.ttl,extension:.ttl,2151,1207889458410b456f80ab228a2968a70f49233eddb9f546cc3a5f99d6ca6287,fetched,parse_error,turtle,false,0,0,0,0,0,,"BadSyntax: at line 4 of <>:
Bad syntax (expected directive or statement) at ^ in:
""b'\n# Natural Language Question\n# =======================\n'^b'For a given lipid (SWISSLIPID:000399814, Ceramide), return a'..."""
938809221,sebastians1999/federated-sparql-rag-agent,a064b7529e66a7f30504ce243d96961d52603900,experiments/experiment_data/ev_2025-04-23_11-26-44/18_comparison.ttl,extension:.ttl,2346,837b6e1a3a1d47644a0d6a87617a93af333f57e0c1ce5110a7f8b149484134b9,fetched,parse_error,turtle,false,0,0,0,0,0,,"BadSyntax: at line 4 of <>:
Bad syntax (expected directive or statement) at ^ in:
""b'\n# Natural Language Question\n# =======================\n'^b'Use <a href=""https://idsm.elixir-czech.cz/sparql"">IDSM Sache'..."""
938809221,sebastians1999/federated-sparql-rag-agent,a064b7529e66a7f30504ce243d96961d52603900,experiments/experiment_data/ev_2025-04-23_11-26-44/19_draft_human_metabolome_comparison.ttl,extension:.ttl,2575,ce8ccb2d2c9821522c850b4eee97dda987f1e652e53d64a0218ecf7bb1c1e57e,fetched,parse_error,turtle,true,0,0,0,0,0,,"BadSyntax: at line 4 of <>:
Bad syntax (expected directive or statement) at ^ in:
""b'\n# Natural Language Question\n# =======================\n'^b'Generate a draft human metabolome\n\n# Target Endpoint\n# ====='..."""
938809221,sebastians1999/federated-sparql-rag-agent,a064b7529e66a7f30504ce243d96961d52603900,experiments/experiment_data/ev_2025-04-23_11-26-44/20_search_chemical_names_in_japanese_comparison.ttl,extension:.ttl,1921,187a8bcd952871da134f22b7b48f0616176eb686be89ad722673ea88b2a7aca3,fetched,parse_error,turtle,false,0,0,0,0,0,,"BadSyntax: at line 4 of <>:
Bad syntax (expected directive or statement) at ^ in:
""b'\n# Natural Language Question\n# =======================\n'^b'Search for Chemical names starting in Japanese, translated t'..."""
938809221,sebastians1999/federated-sparql-rag-agent,a064b7529e66a7f30504ce243d96961d52603900,experiments/experiment_data/ev_2025-04-23_11-26-44/29_comparison.ttl,extension:.ttl,2419,685696467a6540f538a2450f447f77ae748afffcee5b91e85cb79a7948f11a3e,fetched,parse_error,turtle,false,0,0,0,0,0,,"BadSyntax: at line 4 of <>:
Bad syntax (expected directive or statement) at ^ in:
""b'\n# Natural Language Question\n# =======================\n'^b'Use <a href=""http://allie.dbcls.jp/"">ALLIE</a> a service for'..."""
938809221,sebastians1999/federated-sparql-rag-agent,a064b7529e66a7f30504ce243d96961d52603900,experiments/experiment_data/ev_2025-04-23_11-26-44/34_comparison.ttl,extension:.ttl,1918,e142a817968225cde4587136f1d47b6843d273e6ef7ae0fa09917e272f5514e8,fetched,parse_error,turtle,false,0,0,0,0,0,,"BadSyntax: at line 4 of <>:
Bad syntax (expected directive or statement) at ^ in:
""b'\n# Natural Language Question\n# =======================\n'^b'Lipids affected by human enzymes\n\n# Target Endpoint\n# ======'..."""
938809221,sebastians1999/federated-sparql-rag-agent,a064b7529e66a7f30504ce243d96961d52603900,experiments/experiment_data/ev_2025-04-23_11-26-44/36_comparison.ttl,extension:.ttl,2226,aee6a1169dd64a2326e0439dd4e508e9e60114e878850b4770d5d31de7f80c7d,fetched,parse_error,turtle,false,0,0,0,0,0,,"BadSyntax: at line 4 of <>:
Bad syntax (expected directive or statement) at ^ in:
""b'\n# Natural Language Question\n# =======================\n'^b'Find the orthologous proteins for UniProtKB entry P05067 usi'..."""
938809221,sebastians1999/federated-sparql-rag-agent,a064b7529e66a7f30504ce243d96961d52603900,experiments/experiment_data/ev_2025-04-23_11-26-44/38_comparison.ttl,extension:.ttl,1985,c90ec63e640526c2b72f157bb4e6b7236775192686bf07832692803a1837e6f2,fetched,parse_error,turtle,false,0,0,0,0,0,,"BadSyntax: at line 4 of <>:
Bad syntax (expected directive or statement) at ^ in:
""b'\n# Natural Language Question\n# =======================\n'^b'For the human entry P05067 (Amyloid-beta precursor protein) '..."""
938809221,sebastians1999/federated-sparql-rag-agent,a064b7529e66a7f30504ce243d96961d52603900,experiments/experiment_data/ev_2025-04-23_11-26-44/40_comparison.ttl,extension:.ttl,2725,36c63d9e71b45a5dc2ceadde2919995e21297b55a83fd16810045f835b1abbd9,fetched,parse_error,turtle,false,0,0,0,0,0,,"BadSyntax: at line 4 of <>:
Bad syntax (expected directive or statement) at ^ in:
""b'\n# Natural Language Question\n# =======================\n'^b'Retrieve human enzymes that metabolize sphingolipids and are'..."""
938809221,sebastians1999/federated-sparql-rag-agent,a064b7529e66a7f30504ce243d96961d52603900,experiments/experiment_data/ev_2025-04-23_11-26-44/42_comparison.ttl,extension:.ttl,2520,b5822e83a3ddf2040a1b841477bbedfc4640cfddc47ad89af535d1e9332e4595,fetched,parse_error,turtle,false,0,0,0,0,0,,"BadSyntax: at line 4 of <>:
Bad syntax (expected directive or statement) at ^ in:
""b'\n# Natural Language Question\n# =======================\n'^b'Connect patents cited in UniProtKB with those in the patent '..."""
938809221,sebastians1999/federated-sparql-rag-agent,a064b7529e66a7f30504ce243d96961d52603900,experiments/experiment_data/ev_2025-04-23_11-26-44/43_comparison.ttl,extension:.ttl,2273,19505d89e3ea289f1507722c2d8124b42eab1e1adad717bf4096b75d98640720,fetched,parse_error,turtle,false,0,0,0,0,0,,"BadSyntax: at line 4 of <>:
Bad syntax (expected directive or statement) at ^ in:
""b'\n# Natural Language Question\n# =======================\n'^b'Connect patents cited in UniProtKB with those in the patent '..."""
938809221,sebastians1999/federated-sparql-rag-agent,a064b7529e66a7f30504ce243d96961d52603900,experiments/experiment_data/ev_2025-04-23_11-26-44/45_comparison.ttl,extension:.ttl,4162,565e6b7db032928e278604e038028873d0090f8bed6f1e23d62883c52cea3139,fetched,parse_error,turtle,false,0,0,0,0,0,,"BadSyntax: at line 4 of <>:
Bad syntax (expected directive or statement) at ^ in:
""b'\n# Natural Language Question\n# =======================\n'^b'Retrieve drugs that target human enzymes involved in sterol '..."""
938809221,sebastians1999/federated-sparql-rag-agent,a064b7529e66a7f30504ce243d96961d52603900,experiments/experiment_data/ev_2025-04-23_11-26-44/49_comparison.ttl,extension:.ttl,3710,4c661da3a695c38940713f489dbcfc808bdfae4146635e020fead51a2439f015,fetched,parse_error,turtle,false,0,0,0,0,0,,"BadSyntax: at line 4 of <>:
Bad syntax (expected directive or statement) at ^ in:
""b'\n# Natural Language Question\n# =======================\n'^b'Retrieve the UniProtKB proteins, their catalyzed Rhea reacti'..."""
938809221,sebastians1999/federated-sparql-rag-agent,a064b7529e66a7f30504ce243d96961d52603900,experiments/experiment_data/ev_2025-04-23_11-26-44/51_comparison.ttl,extension:.ttl,2252,640a1209c6f7d6335fdd031df44d68001b6f6a3feeaa809deef91197c599b802,fetched,parse_error,turtle,false,0,0,0,0,0,,"BadSyntax: at line 4 of <>:
Bad syntax (expected directive or statement) at ^ in:
""b'\n# Natural Language Question\n# =======================\n'^b'Find all proteins linked to arachidonate (CHEBI:32395)\n\n# Ta'..."""
938809221,sebastians1999/federated-sparql-rag-agent,a064b7529e66a7f30504ce243d96961d52603900,experiments/experiment_data/ev_2025-04-23_11-26-44/52_comparison.ttl,extension:.ttl,4424,7d2de4a93d6503af48b6987680eb04312565c584d55c77a98b257be3aee808f2,fetched,parse_error,turtle,false,0,0,0,0,0,,"BadSyntax: at line 4 of <>:
Bad syntax (expected directive or statement) at ^ in:
""b'\n# Natural Language Question\n# =======================\n'^b'Retrieve drugs that target human enzymes involved in sterol '..."""
938809221,sebastians1999/federated-sparql-rag-agent,a064b7529e66a7f30504ce243d96961d52603900,experiments/experiment_data/ev_2025-04-23_11-26-44/53_comparison.ttl,extension:.ttl,3233,19ad6eb0b12d591a5bba64d865f13b12de7add68cc2c16d3fcdbd3906a9a1bd4,fetched,parse_error,turtle,false,0,0,0,0,0,,"BadSyntax: at line 4 of <>:
Bad syntax (expected directive or statement) at ^ in:
""b'\n# Natural Language Question\n# =======================\n'^b'Find mouse homologs in OMABrowser of human enzymes that cata'..."""
938809221,sebastians1999/federated-sparql-rag-agent,a064b7529e66a7f30504ce243d96961d52603900,experiments/experiment_data/ev_2025-04-23_11-26-44/54_comparison.ttl,extension:.ttl,2135,91c4c42d145c558bf151fb1edb1a18e83360e20207a47770b8eeac33d2a5960f,fetched,parse_error,turtle,false,0,0,0,0,0,,"BadSyntax: at line 4 of <>:
Bad syntax (expected directive or statement) at ^ in:
""b'\n# Natural Language Question\n# =======================\n'^b'Proteins with binding sites for ligands similar to heme\n\n# T'..."""
938809221,sebastians1999/federated-sparql-rag-agent,a064b7529e66a7f30504ce243d96961d52603900,experiments/experiment_data/ev_2025-04-23_11-26-44/5_comparison.ttl,extension:.ttl,2731,071156c363128643ad014efa0483f6bd58588cb12843a47b425bacf5f31f6f82,fetched,parse_error,turtle,false,0,0,0,0,0,,"BadSyntax: at line 4 of <>:
Bad syntax (expected directive or statement) at ^ in:
""b'\n# Natural Language Question\n# =======================\n'^b'For a given lipid (SWISSLIPID:000399814, Ceramide), return a'..."""
938809221,sebastians1999/federated-sparql-rag-agent,a064b7529e66a7f30504ce243d96961d52603900,experiments/experiment_data/ev_2025-04-23_11-26-44/60_comparison.ttl,extension:.ttl,3203,64b1251225ac5637b0903d574b06a1815f5fa6dc83bb52403e33cbb597c0cd54,fetched,parse_error,turtle,false,0,0,0,0,0,,"BadSyntax: at line 4 of <>:
Bad syntax (expected directive or statement) at ^ in:
""b'\n# Natural Language Question\n# =======================\n'^b'Find human proteins that catalyze reactions where substrates'..."""
938809221,sebastians1999/federated-sparql-rag-agent,a064b7529e66a7f30504ce243d96961d52603900,experiments/experiment_data/ev_2025-04-23_11-26-44/67_draft_human_metabolome_comparison.ttl,extension:.ttl,2865,44e7147305f05fa6d0ef371dbba69a1da58a56549849db854ec3d65e8e40de9e,fetched,parse_error,turtle,true,0,0,0,0,0,,"BadSyntax: at line 4 of <>:
Bad syntax (expected directive or statement) at ^ in:
""b'\n# Natural Language Question\n# =======================\n'^b'Generate a draft human metabolome\n\n# Target Endpoint\n# ====='..."""
938809221,sebastians1999/federated-sparql-rag-agent,a064b7529e66a7f30504ce243d96961d52603900,experiments/experiment_data/ev_2025-04-23_11-26-44/6_comparison.ttl,extension:.ttl,2803,5d7157f31bfc26869fb1047a077d5c97a597584a8ffa25322577749e1c917512,fetched,parse_error,turtle,false,0,0,0,0,0,,"BadSyntax: at line 4 of <>:
Bad syntax (expected directive or statement) at ^ in:
""b'\n# Natural Language Question\n# =======================\n'^b'For a given lipid (SWISSLIPID:000399814, Ceramide), return a'..."""
938809221,sebastians1999/federated-sparql-rag-agent,a064b7529e66a7f30504ce243d96961d52603900,experiments/experiment_data/ev_2025-04-23_11-26-44/70_enzymes_interacting_with_molecules_similar_to_dopamine_comparison.ttl,extension:.ttl,1781,6931aaacebb65494bd07f172daea9aff145623d909ae7628b33a2931c789692f,fetched,parse_error,turtle,false,0,0,0,0,0,,"BadSyntax: at line 4 of <>:
Bad syntax (expected directive or statement) at ^ in:
""b'\n# Natural Language Question\n# =======================\n'^b'Look for enzymes catalyzing reactions with molecules similar'..."""
938809221,sebastians1999/federated-sparql-rag-agent,a064b7529e66a7f30504ce243d96961d52603900,experiments/experiment_data/ev_2025-04-23_11-26-44/94_Select_all_approved_reactions_with_CHEBI_or_one_of_its_descendant_optional_UniProtKB_reviewed_EC_comparison.ttl,extension:.ttl,2789,961ea1d95b19c80174e9ae8cf01070c55d8dbd7131ad38f17a57f073277fe12c,fetched,parse_error,turtle,false,0,0,0,0,0,,"BadSyntax: at line 4 of <>:
Bad syntax (expected directive or statement) at ^ in:
""b'\n# Natural Language Question\n# =======================\n'^b'Select all approved reactions with CHEBI:17815 (a 1,2-diacyl'..."""
938809221,sebastians1999/federated-sparql-rag-agent,a064b7529e66a7f30504ce243d96961d52603900,experiments/experiment_data/ev_2025-04-25_16-58-55/109_Distribution_of_reactions_according_to_the_first_level_of_enzyme_classification_comparison.ttl,extension:.ttl,1943,434b06befeaade4b83da8950ac9e52d9e0059071e50392cd500799f6af24c7c3,fetched,parse_error,turtle,false,0,0,0,0,0,,"BadSyntax: at line 4 of <>:
Bad syntax (expected directive or statement) at ^ in:
""b'\n# Natural Language Question\n# =======================\n'^b'Distribution of reactions according to the first level of en'..."""
938809221,sebastians1999/federated-sparql-rag-agent,a064b7529e66a7f30504ce243d96961d52603900,experiments/experiment_data/ev_2025-04-25_16-58-55/112_Total_number_of_reaction_ec_protein_links_comparison.ttl,extension:.ttl,1467,0bb2a92658ec8949b1e3451f53cf3cb3c4586d4c4370d96d744f7a6074bc997a,fetched,parse_error,turtle,false,0,0,0,0,0,,"BadSyntax: at line 4 of <>:
Bad syntax (expected directive or statement) at ^ in:
""b'\n# Natural Language Question\n# =======================\n'^b'Total number of <reaction> <ec> <protein> links\n\n# Target En'..."""
938809221,sebastians1999/federated-sparql-rag-agent,a064b7529e66a7f30504ce243d96961d52603900,experiments/experiment_data/ev_2025-04-25_16-58-55/115_Retrieve_the_set_of_metabolites_involved_in_reactions_catalyzed_by_human_genes_HUMAN_reference_proteome_comparison.ttl,extension:.ttl,2743,5cf490d3ca1bf9a1c9d093d75c7b393d6ec4fb4d867483b657c84315dde522b0,fetched,parse_error,turtle,false,0,0,0,0,0,,"BadSyntax: at line 4 of <>:
Bad syntax (expected directive or statement) at ^ in:
""b'\n# Natural Language Question\n# =======================\n'^b'Retrieve the set of metabolites involved in reactions cataly'..."""
938809221,sebastians1999/federated-sparql-rag-agent,a064b7529e66a7f30504ce243d96961d52603900,experiments/experiment_data/ev_2025-04-25_16-58-55/116_biosodafrontend_rabit_mouse_orthologs_comparison.ttl,extension:.ttl,2445,bc39a662add767d3e8b12f2b252f77b5e6e7f47b048cb4fac02c749c17df48e8,fetched,parse_error,turtle,false,0,0,0,0,0,,"BadSyntax: at line 4 of <>:
Bad syntax (expected directive or statement) at ^ in:
""b'\n# Natural Language Question\n# =======================\n'^b""Rabbit's proteins encoded by genes that are orthologous to M""..."""
938809221,sebastians1999/federated-sparql-rag-agent,a064b7529e66a7f30504ce243d96961d52603900,experiments/experiment_data/ev_2025-04-25_16-58-55/117_Retrieve_parent_reactions_and_their_catalyzing_enzymes_for_a_metabolite_that_is_not_directly_involved_in_a_reaction_comparison.ttl,extension:.ttl,2903,91a5c26368b390eecb91d53b1e5b7258e2fb3c39c937371237c085776978a0d8,fetched,parse_error,turtle,false,0,0,0,0,0,,"BadSyntax: at line 4 of <>:
Bad syntax (expected directive or statement) at ^ in:
""b'\n# Natural Language Question\n# =======================\n'^b'Retrieve parent reactions (and their catalyzing enzymes) for'..."""
938809221,sebastians1999/federated-sparql-rag-agent,a064b7529e66a7f30504ce243d96961d52603900,experiments/experiment_data/ev_2025-04-25_16-58-55/117_biosodafrontend_glioblastoma_orthologs_rat_comparison.ttl,extension:.ttl,2693,090ac2624c315a0ce1605fbfa220dac83ec0a59ce654e8ead7a1a7d248b69d63,fetched,parse_error,turtle,false,0,0,0,0,0,,"BadSyntax: at line 4 of <>:
Bad syntax (expected directive or statement) at ^ in:
""b'\n# Natural Language Question\n# =======================\n'^b'Which are the proteins associated with glioblastoma and the '..."""
938809221,sebastians1999/federated-sparql-rag-agent,a064b7529e66a7f30504ce243d96961d52603900,experiments/experiment_data/ev_2025-04-25_16-58-55/118_biosodafrontend_rat_brain_human_cancer_comparison.ttl,extension:.ttl,2863,18b48216b6f61f923af47a132c9e672bde554c1743f6f95fde20515e45a3149a,fetched,parse_error,turtle,false,0,0,0,0,0,,"BadSyntax: at line 4 of <>:
Bad syntax (expected directive or statement) at ^ in:
""b'\n# Natural Language Question\n# =======================\n'^b'What are the Homo sapiens genes associated with cancer and t'..."""
938809221,sebastians1999/federated-sparql-rag-agent,a064b7529e66a7f30504ce243d96961d52603900,experiments/experiment_data/ev_2025-04-25_16-58-55/11_comparison.ttl,extension:.ttl,1830,8db82f688c743adc9c237a88bc4b2b268be7b0d421226df6502c0433d21071a9,fetched,parse_error,turtle,false,0,0,0,0,0,,"BadSyntax: at line 4 of <>:
Bad syntax (expected directive or statement) at ^ in:
""b'\n# Natural Language Question\n# =======================\n'^b'Distribution of reactions according to the first class of th'..."""
938809221,sebastians1999/federated-sparql-rag-agent,a064b7529e66a7f30504ce243d96961d52603900,experiments/experiment_data/ev_2025-04-25_16-58-55/12_comparison.ttl,extension:.ttl,2077,d45b69fe8e3e4ec86826065e5bd16dd6c4d78b55cdef6ae36816a39fbd74bdd5,fetched,parse_error,turtle,false,0,0,0,0,0,,"BadSyntax: at line 4 of <>:
Bad syntax (expected directive or statement) at ^ in:
""b'\n# Natural Language Question\n# =======================\n'^b'Select all Rhea reactions linked to protein sequences (enzym'..."""
938809221,sebastians1999/federated-sparql-rag-agent,a064b7529e66a7f30504ce243d96961d52603900,experiments/experiment_data/ev_2025-04-25_16-58-55/16_comparison.ttl,extension:.ttl,2152,4ace6e9e92830a094ea4b0a971b510b725e293d5339aeee2f6b7ee50600576ad,fetched,parse_error,turtle,false,0,0,0,0,0,,"BadSyntax: at line 4 of <>:
Bad syntax (expected directive or statement) at ^ in:
""b'\n# Natural Language Question\n# =======================\n'^b'For a given lipid (SWISSLIPID:000399814, Ceramide), return a'..."""
938809221,sebastians1999/federated-sparql-rag-agent,a064b7529e66a7f30504ce243d96961d52603900,experiments/experiment_data/ev_2025-04-25_16-58-55/18_comparison.ttl,extension:.ttl,2667,b80a21bcd5b400040b15edb72a7f7a03c26e6c43dba37a2a6665cd0b529cc71b,fetched,parse_error,turtle,false,0,0,0,0,0,,"BadSyntax: at line 4 of <>:
Bad syntax (expected directive or statement) at ^ in:
""b'\n# Natural Language Question\n# =======================\n'^b'Use <a href=""https://idsm.elixir-czech.cz/sparql"">IDSM Sache'..."""
938809221,sebastians1999/federated-sparql-rag-agent,a064b7529e66a7f30504ce243d96961d52603900,experiments/experiment_data/ev_2025-04-25_16-58-55/19_draft_human_metabolome_comparison.ttl,extension:.ttl,2755,3f342125a3fae37de157efa72c56a3f4848e3c646fa6c9be602bafa64e09fef2,fetched,parse_error,turtle,true,0,0,0,0,0,,"BadSyntax: at line 4 of <>:
Bad syntax (expected directive or statement) at ^ in:
""b'\n# Natural Language Question\n# =======================\n'^b'Generate a draft human metabolome\n\n# Target Endpoint\n# ====='..."""
938809221,sebastians1999/federated-sparql-rag-agent,a064b7529e66a7f30504ce243d96961d52603900,experiments/experiment_data/ev_2025-04-25_16-58-55/20_search_chemical_names_in_japanese_comparison.ttl,extension:.ttl,1482,0ab6c3564c284945b66051691519ac3dd62b1c258c349aa9ea470258c4c65a49,fetched,parse_error,turtle,false,0,0,0,0,0,,"BadSyntax: at line 4 of <>:
Bad syntax (expected directive or statement) at ^ in:
""b'\n# Natural Language Question\n# =======================\n'^b'Search for Chemical names starting in Japanese, translated t'..."""
938809221,sebastians1999/federated-sparql-rag-agent,a064b7529e66a7f30504ce243d96961d52603900,experiments/experiment_data/ev_2025-04-25_16-58-55/29_comparison.ttl,extension:.ttl,2005,3ec3b85729199f391e4de510475c403e37fdac32e6a20ad24ca002154c1fa157,fetched,parse_error,turtle,false,0,0,0,0,0,,"BadSyntax: at line 4 of <>:
Bad syntax (expected directive or statement) at ^ in:
""b'\n# Natural Language Question\n# =======================\n'^b'Use <a href=""http://allie.dbcls.jp/"">ALLIE</a> a service for'..."""
938809221,sebastians1999/federated-sparql-rag-agent,a064b7529e66a7f30504ce243d96961d52603900,experiments/experiment_data/ev_2025-04-25_16-58-55/34_comparison.ttl,extension:.ttl,2402,ffafbff799f42a1642b0ea658748bdacc9e1f223c36c7a8df002b6689c070488,fetched,parse_error,turtle,false,0,0,0,0,0,,"BadSyntax: at line 4 of <>:
Bad syntax (expected directive or statement) at ^ in:
""b'\n# Natural Language Question\n# =======================\n'^b'Lipids affected by human enzymes\n\n# Target Endpoint\n# ======'..."""
938809221,sebastians1999/federated-sparql-rag-agent,a064b7529e66a7f30504ce243d96961d52603900,experiments/experiment_data/ev_2025-04-25_16-58-55/36_comparison.ttl,extension:.ttl,2197,a4a3d3c7071a035f61d43f8545779f802532b2e1c5ead7856ea2a61617751a08,fetched,parse_error,turtle,false,0,0,0,0,0,,"BadSyntax: at line 4 of <>:
Bad syntax (expected directive or statement) at ^ in:
""b'\n# Natural Language Question\n# =======================\n'^b'Find the orthologous proteins for UniProtKB entry P05067 usi'..."""
938809221,sebastians1999/federated-sparql-rag-agent,a064b7529e66a7f30504ce243d96961d52603900,experiments/experiment_data/ev_2025-04-25_16-58-55/38_comparison.ttl,extension:.ttl,2410,352ec6011746f21351ae214731cffb0cf09577b57c3d7f339c8cd6f2fd80d45e,fetched,parse_error,turtle,false,0,0,0,0,0,,"BadSyntax: at line 4 of <>:
Bad syntax (expected directive or statement) at ^ in:
""b'\n# Natural Language Question\n# =======================\n'^b'For the human entry P05067 (Amyloid-beta precursor protein) '..."""
1102965953,DJ1TJOO/shacl-form-editor,1886a44d498419927567989d9898701b9e1f3762,apps/web/src/components/namespace/packaged/CIDOC_CRM_v7.1.3.rdf,extension:.rdf,429083,7c2f986c9fbaa2a5e0cbd760d46ca3783b41fbd5369cd9fe26e9296e36fa6a18,fetched,parsed,xml,false,0,0,0,0,0,,
1102965953,DJ1TJOO/shacl-form-editor,1886a44d498419927567989d9898701b9e1f3762,apps/web/src/components/namespace/packaged/RiC-O_1-1.rdf,extension:.rdf,1725529,cf9afc4c01142161d0ee7282dd1c07f361073d12f1f6f4569115707f169b31e9,fetched,parsed,xml,false,0,0,0,0,0,,
1102965953,DJ1TJOO/shacl-form-editor,1886a44d498419927567989d9898701b9e1f3762,apps/web/src/components/namespace/packaged/dash-sparql.ttl,extension:.ttl,31382,5a6e43dac5b7792c9bcbb6dd9ae40f91ad64c7b723cfe09bd72e9dbab02c4bbb,fetched,parsed,turtle,true,0,0,109,0,484,sh:datatype|sh:path,
1102965953,DJ1TJOO/shacl-form-editor,1886a44d498419927567989d9898701b9e1f3762,apps/web/src/components/namespace/packaged/dash.ttl,extension:.ttl,94738,01a32d725a0093910d17596102dc38a0ead231fa9d8ebed0bb433abfb705ebf4,fetched,parsed,turtle,true,10,11,150,45,448,rdf:type sh:NodeShape|rdf:type sh:PropertyShape|sh:ask|sh:class|sh:datatype|sh:hasValue|sh:in|sh:maxCount|sh:minCount|sh:node|sh:nodeKind|sh:not|sh:or|sh:path|sh:property|sh:select|sh:targetClass,
1102965953,DJ1TJOO/shacl-form-editor,1886a44d498419927567989d9898701b9e1f3762,apps/web/src/components/namespace/packaged/doap.rdf,extension:.rdf,55660,ac0ee7a1f393dcd91e3063f75e977d785dd8fb07684ad0042cf5dd5ded14497a,fetched,parsed,xml,false,0,0,0,0,0,,
1102965953,DJ1TJOO/shacl-form-editor,1886a44d498419927567989d9898701b9e1f3762,apps/web/src/components/namespace/packaged/ebucore.rdf,extension:.rdf,531732,d30eb790e2b5c4d4b7d043c4dbc9f82e8dcbbe5becb0afcb1bba0786ff9bba75,fetched,parsed,xml,false,0,0,0,0,0,,
1102965953,DJ1TJOO/shacl-form-editor,1886a44d498419927567989d9898701b9e1f3762,apps/web/src/components/namespace/packaged/frbr-core.rdf,extension:.rdf,66360,855e40e11214abb7658df0f07f7b9f3feaa320adbf6872543a945b36623c7b21,fetched,parsed,xml,false,0,0,0,0,0,,
1102965953,DJ1TJOO/shacl-form-editor,1886a44d498419927567989d9898701b9e1f3762,apps/web/src/components/namespace/packaged/gr-v1.owl,extension:.owl,186478,f4605fa84dc63355ec792220cdeb4c89e11eb6a9afdbe964d58fc5337535a009,fetched,parsed,xml,false,0,0,0,0,0,,
1102965953,DJ1TJOO/shacl-form-editor,1886a44d498419927567989d9898701b9e1f3762,apps/web/src/components/namespace/packaged/icaltzd.rdf,extension:.rdf,79001,342bda842252ef2caf5c7cb27942f71b2c9caf9f8f50d4aa945881e5f6ea0715,fetched,parse_error,xml,false,0,0,0,0,0,,ParserError: None:711:2: two elements cannot use the same ID: 'http://www.w3.org/2002/12/cal/icaltzd#standard'
1102965953,DJ1TJOO/shacl-form-editor,1886a44d498419927567989d9898701b9e1f3762,apps/web/src/components/namespace/packaged/lvont.rdf,extension:.rdf,19344,0f3ae8a4390cb3ed4b393fe15b7cafdc46bb50cf8325b40542444d2bc4ed50d4,fetched,parsed,xml,false,0,0,0,0,0,,
1102965953,DJ1TJOO/shacl-form-editor,1886a44d498419927567989d9898701b9e1f3762,apps/web/src/components/namespace/packaged/ontology_v3.3.rdf,extension:.rdf,532782,dcd85810b10623520567700e4c6ab560ab9e16bd7f53387b893beee238b9f50c,fetched,parsed,xml,false,0,0,0,0,0,,
1102965953,DJ1TJOO/shacl-form-editor,1886a44d498419927567989d9898701b9e1f3762,apps/web/src/components/namespace/packaged/sem.rdf,extension:.rdf,22718,17964cdebfea48a05562534b6f9111148975af4b7b8f0fd46ea99aeda46fe720,fetched,parsed,xml,false,0,0,0,0,0,,
1102965953,DJ1TJOO/shacl-form-editor,1886a44d498419927567989d9898701b9e1f3762,apps/web/src/components/namespace/packaged/sioc.rdf,extension:.rdf,53703,2b9cf727f4364e1832036487dbc3b49464f1d76e25b80fd5fb98ce89f467f8d2,fetched,parsed,xml,false,0,0,0,0,0,,
1102965953,DJ1TJOO/shacl-form-editor,1886a44d498419927567989d9898701b9e1f3762,apps/web/src/components/namespace/packaged/skos-xl.rdf,extension:.rdf,7614,fb6519c5719250d77f17a84ac28c75660c7de09da7286dda138bbe9d8f834b9a,fetched,parsed,xml,false,0,0,0,0,0,,
1102965953,DJ1TJOO/shacl-form-editor,1886a44d498419927567989d9898701b9e1f3762,example-test.ttl,extension:.ttl,4185,0a005a7e22ec3639bee4bfb2377ee46e83999697c533e54c367c578bafb059eb,fetched,parsed,turtle,true,1,0,50,0,22,rdf:type sh:NodeShape|sh:class|sh:datatype|sh:disjoint|sh:equals|sh:in|sh:maxCount|sh:minCount|sh:minExclusive|sh:node|sh:nodeKind|sh:path|sh:property|sh:qualifiedValueShapesDisjoint,
1102965953,DJ1TJOO/shacl-form-editor,1886a44d498419927567989d9898701b9e1f3762,example.ttl,extension:.ttl,5888,37e388a3e2859b188eded63c4f6e2c6553dae256eb99177e5fe15845b86b55f3,fetched,parsed,turtle,true,2,0,66,0,66,rdf:type sh:NodeShape|sh:datatype|sh:maxCount|sh:minCount|sh:node|sh:nodeKind|sh:path|sh:property|sh:targetClass,
1102965953,DJ1TJOO/shacl-form-editor,1886a44d498419927567989d9898701b9e1f3762,validation/health-dcat-ap-public-original.ttl,extension:.ttl,14958,6ac3f90b8f2055d314347171d2500da9c75d2cb66b884b289d10efa4187986e9,fetched,parsed,turtle,true,11,0,203,0,82,rdf:type sh:NodeShape|sh:class|sh:datatype|sh:hasValue|sh:maxCount|sh:minCount|sh:node|sh:nodeKind|sh:path|sh:property|sh:targetClass,
1102965953,DJ1TJOO/shacl-form-editor,1886a44d498419927567989d9898701b9e1f3762,validation/health-dcat-ap-public-reproduction-manual-reorder.ttl,extension:.ttl,17148,ba4a2ef7ad1499f433d1804bf90afb2720730814f34c37aa323b02951efc0ac7,fetched,parsed,turtle,true,11,0,201,0,126,rdf:type sh:NodeShape|sh:class|sh:datatype|sh:hasValue|sh:maxCount|sh:minCount|sh:node|sh:nodeKind|sh:path|sh:property|sh:targetClass,
1102965953,DJ1TJOO/shacl-form-editor,1886a44d498419927567989d9898701b9e1f3762,validation/health-dcat-ap-public-reproduction.ttl,extension:.ttl,21044,bc2cabe81509f006cff353d2a539db23f670b329987e3de7977418cf384c9a0d,fetched,parsed,turtle,true,11,0,201,0,126,rdf:type sh:NodeShape|sh:class|sh:datatype|sh:hasValue|sh:maxCount|sh:minCount|sh:node|sh:nodeKind|sh:path|sh:property|sh:targetClass,
1102965953,DJ1TJOO/shacl-form-editor,1886a44d498419927567989d9898701b9e1f3762,validation/health-ri-agent-original.ttl,extension:.ttl,5014,d951e1f09e95a46294b31ed800f5ed462b0c256e525b5012e700bbd60c55a196,fetched,parsed,turtle,true,1,0,36,0,15,rdf:type sh:NodeShape|sh:maxCount|sh:minCount|sh:nodeKind|sh:path|sh:pattern|sh:property|sh:targetClass,
1102965953,DJ1TJOO/shacl-form-editor,1886a44d498419927567989d9898701b9e1f3762,validation/health-ri-agent-reproduction-manual-reorder.ttl,extension:.ttl,3758,d94bb228087db4a1b48203fc6d98af3eeef093c1e02b0689d5918cabcf1e179c,fetched,parsed,turtle,true,1,8,44,0,15,rdf:type sh:NodeShape|rdf:type sh:PropertyShape|sh:maxCount|sh:minCount|sh:nodeKind|sh:path|sh:pattern|sh:property|sh:targetClass,
1102965953,DJ1TJOO/shacl-form-editor,1886a44d498419927567989d9898701b9e1f3762,validation/health-ri-agent-reproduction.ttl,extension:.ttl,3831,3e90a4f2451ec37b91c6650516fb11df9cb59760e5968ec20030fa40d799033e,fetched,parsed,turtle,true,1,8,44,0,15,rdf:type sh:NodeShape|rdf:type sh:PropertyShape|sh:maxCount|sh:minCount|sh:nodeKind|sh:path|sh:pattern|sh:property|sh:targetClass,
1102965953,DJ1TJOO/shacl-form-editor,1886a44d498419927567989d9898701b9e1f3762,validation/ids-maastricht-ontology-original.ttl,extension:.ttl,1716,9964fd742e11ebbdd7aaf7da6371aa31a8c15a75167f141a3a9bde4bf1dd1935,fetched,parsed,turtle,true,1,0,24,0,5,rdf:type sh:NodeShape|sh:datatype|sh:maxCount|sh:minCount|sh:nodeKind|sh:path|sh:property|sh:targetClass,
1102965953,DJ1TJOO/shacl-form-editor,1886a44d498419927567989d9898701b9e1f3762,validation/ids-maastricht-ontology-reproduction-manual-reorder.ttl,extension:.ttl,2214,b69a88ca49e0531e7a54d61066ff313ba87e0be15f06917fe1111e822f4c8d41,fetched,parsed,turtle,true,1,0,23,0,10,rdf:type sh:NodeShape|sh:datatype|sh:maxCount|sh:minCount|sh:nodeKind|sh:path|sh:property|sh:targetClass,
1102965953,DJ1TJOO/shacl-form-editor,1886a44d498419927567989d9898701b9e1f3762,validation/ids-maastricht-ontology-reproduction.ttl,extension:.ttl,2188,73f35bf7ee823acf2be5d35d586d18f780344c3eb75111109b076b1b5bcf2c70,fetched,parsed,turtle,true,1,0,23,0,10,rdf:type sh:NodeShape|sh:datatype|sh:maxCount|sh:minCount|sh:nodeKind|sh:path|sh:property|sh:targetClass,
1233703662,mhodki/pump,2179f1366fb817dc1b78b4ab60f6b121cb8261fe,Grundfos_products.ttl,extension:.ttl,7741,c62c089638ba5e4c40f30c4382781a3aed2275930e68cd58b3f0d45a52b17922,fetched,parsed,turtle,true,0,0,0,0,0,,
1233703662,mhodki/pump,2179f1366fb817dc1b78b4ab60f6b121cb8261fe,LIS-14-for-FDIS.ttl,extension:.ttl,189474,0eca08766b53c0f49eeba705d6f90479ae12f9997b2ef8f6821db4082fd2b3fd,fetched,parsed,turtle,false,0,0,0,0,0,,
1233703662,mhodki/pump,2179f1366fb817dc1b78b4ab60f6b121cb8261fe,Warman_products.ttl,extension:.ttl,8375,b3a4a7d910248cf2863f12ad7821b892d9c389216913eae95bb7796ca1afe2d6,fetched,parsed,turtle,true,1,0,21,0,14,rdf:type sh:NodeShape|sh:class|sh:path|sh:property|sh:qualifiedMinCount|sh:qualifiedValueShape,
1233703662,mhodki/pump,2179f1366fb817dc1b78b4ab60f6b121cb8261fe,depracated/manufacturer.ttl,extension:.ttl,4710,b64b238db79787691a004955d71787cc53c69dd1a2bc1555e5a0438ac6f9ce12,fetched,parsed,turtle,false,0,0,0,0,0,,
1233703662,mhodki/pump,2179f1366fb817dc1b78b4ab60f6b121cb8261fe,depracated/rdf/Grundfos_products.rdf,extension:.rdf,3322,1ae769266a7e17bcdfd5b9928ea45e9a86397f8e7ad3ce2d7bc2e93f56a4e529,fetched,parsed,xml,false,0,0,0,0,0,,
1233703662,mhodki/pump,2179f1366fb817dc1b78b4ab60f6b121cb8261fe,depracated/rdf/Warman_products.rdf,extension:.rdf,8070,bc44071039978f62661046c2e82ba60188e3e5185beb756b0853f3f1d9ef4cad,fetched,parsed,xml,true,1,0,22,0,12,rdf:type sh:NodeShape|sh:class|sh:path|sh:property|sh:qualifiedMinCount|sh:qualifiedValueShape,
1233703662,mhodki/pump,2179f1366fb817dc1b78b4ab60f6b121cb8261fe,depracated/rdf/example_pump_selection.rdf,extension:.rdf,5683,9ca9a803d61e6c366c1f066eee0bc6b976c2454ad56cda41abca401a6e5de869,fetched,parsed,xml,true,0,0,0,0,0,,
1233703662,mhodki/pump,2179f1366fb817dc1b78b4ab60f6b121cb8261fe,depracated/rdf/manufacturer.rdf,extension:.rdf,2138,d1f8a5299a087b9faa75229e0de68d91493e07bd27fb3ca58e4ea4b0359175e7,fetched,parsed,xml,false,0,0,0,0,0,,
1233703662,mhodki/pump,2179f1366fb817dc1b78b4ab60f6b121cb8261fe,depracated/rdf/process_fluid.rdf,extension:.rdf,4779,c3d224a39448f54c2a3221a60a8e58d7183965319dc83d7fdc351699d86be348,fetched,parsed,xml,false,0,0,0,0,0,,
1233703662,mhodki/pump,2179f1366fb817dc1b78b4ab60f6b121cb8261fe,depracated/rdf/pump.rdf,extension:.rdf,63117,91e28760f714a85fe1d55d3eb3124ee013b3800e9671bdd643516fa91fa8f736,fetched,parsed,xml,false,0,0,0,0,0,,
1233703662,mhodki/pump,2179f1366fb817dc1b78b4ab60f6b121cb8261fe,depracated/rdf/pump_rules.rdf,extension:.rdf,7483,93945226de8d66732571f70a4af1250c4c7596b296a1ad9df2ae2f374c0a673f,fetched,parsed,xml,false,0,0,0,0,0,,
1233703662,mhodki/pump,2179f1366fb817dc1b78b4ab60f6b121cb8261fe,example_pump_selection.ttl,extension:.ttl,1621,920550e99d4f5889fb344494872bd1c2b7f6610a61559d30de95a462585b919e,fetched,parsed,turtle,false,0,0,0,0,0,,
1233703662,mhodki/pump,2179f1366fb817dc1b78b4ab60f6b121cb8261fe,process_fluid.ttl,extension:.ttl,2698,100866a32b614fffdfc34e2c8dd49a0bd9d500a73f306f89073328488edcc1be,fetched,parsed,turtle,false,0,0,0,0,0,,
1233703662,mhodki/pump,2179f1366fb817dc1b78b4ab60f6b121cb8261fe,pump.ttl,extension:.ttl,38045,af882394dce91c17c7034b5bfee9523f9be35dcf49972d6995066af439d01184,fetched,parsed,turtle,false,0,0,0,0,0,,
1233703662,mhodki/pump,2179f1366fb817dc1b78b4ab60f6b121cb8261fe,pump_rules.ttl,extension:.ttl,2868,609a12f2e789b3379e99829f32534c6b1df9c7a0b0ed042ae7b4a6963599eeaf,fetched,parsed,turtle,false,0,0,0,0,0,,
1408697978,blw-ofag-ufag/system-map-backend,fdb68fbdab3db5da7ca57fbaae270b80d6c42364,docs/data/example.ttl,extension:.ttl,328,4831cadfe901eaaed936326b7e701a6cf328a7e95f773191f1231ae9525f66e0,fetched,parsed,turtle,false,0,0,0,0,0,,
1408697978,blw-ofag-ufag/system-map-backend,fdb68fbdab3db5da7ca57fbaae270b80d6c42364,src/rdf/data/genres.ttl,extension:.ttl,1735,04f926534cc6282383f3d5bac9cb30cf4f46974db7ef3288ad4443bab09be923,fetched,parsed,turtle,false,0,0,0,0,0,,
1408697978,blw-ofag-ufag/system-map-backend,fdb68fbdab3db5da7ca57fbaae270b80d6c42364,src/rdf/data/glossary.skos.ttl,extension:.ttl,15964,c5f4c22a7dd61b17567b8d90bb76c7fa19a125b7f9c0e8fb336b798806a0b273,fetched,parsed,turtle,false,0,0,0,0,0,,
1408697978,blw-ofag-ufag/system-map-backend,fdb68fbdab3db5da7ca57fbaae270b80d6c42364,src/rdf/data/people.ttl,extension:.ttl,33094,2bec3fdad59967c8e6cada58383f5f5de1ca84fa1b015c956149a4df7757683c,fetched,parsed,turtle,false,0,0,0,0,0,,
1408697978,blw-ofag-ufag/system-map-backend,fdb68fbdab3db5da7ca57fbaae270b80d6c42364,src/rdf/metadata.ttl,extension:.ttl,3105,6d6aa42243da55524e9f3e7765274ac07423888dd0ad8aec76bb2746c766f3ea,fetched,parsed,turtle,false,0,0,0,0,0,,
1408697978,blw-ofag-ufag/system-map-backend,fdb68fbdab3db5da7ca57fbaae270b80d6c42364,src/rdf/ontology/model.owl.ttl,extension:.ttl,397,60588c302d5e8b047d6389f8e745a66e751585606790b687375682be5f43f9b6,fetched,parsed,turtle,false,0,0,0,0,0,,
1408697978,blw-ofag-ufag/system-map-backend,fdb68fbdab3db5da7ca57fbaae270b80d6c42364,src/rdf/prefixes.ttl,extension:.ttl,3007,ac505e0a1f96e826d6986dadd0a5c36fa22effc98ef1f228aa379eb3fa8ce4ba,fetched,parsed,turtle,true,0,0,0,0,0,,
1408697978,blw-ofag-ufag/system-map-backend,fdb68fbdab3db5da7ca57fbaae270b80d6c42364,src/rdf/shapes/glossary.shacl.ttl,extension:.ttl,3353,6a9cc32452ffd3a513df0c838153b43ff41273018a5f0ec7c401230e2efc2dd6,fetched,parsed,turtle,true,2,0,62,0,15,rdf:type sh:NodeShape|sh:class|sh:closed|sh:disjoint|sh:ignoredProperties|sh:languageIn|sh:minCount|sh:nodeKind|sh:path|sh:property|sh:targetClass|sh:uniqueLang,
1408697978,blw-ofag-ufag/system-map-backend,fdb68fbdab3db5da7ca57fbaae270b80d6c42364,src/rdf/shapes/model.shacl.ttl,extension:.ttl,34286,424255f935b97a2d1d8aa7ff7facc504ddfaa3ed97c3ae1eb53eaa325b99c1e8,fetched,parsed,turtle,true,8,0,183,8,288,rdf:type sh:NodeShape|sh:class|sh:closed|sh:datatype|sh:flags|sh:ignoredProperties|sh:in|sh:languageIn|sh:maxCount|sh:maxInclusive|sh:maxLength|sh:minCount|sh:minInclusive|sh:minLength|sh:node|sh:nodeKind|sh:or|sh:path|sh:pattern|sh:property|sh:select|sh:sparql|sh:targetClass|sh:uniqueLang,
21280081,CenterForOpenScience/SHARE,53de80c1a4831009db052b0517b90584e548f1d3,trove/vocab/static_vocab/foaf.rdf.xml,sniff:rdfxml,42769,4c6855b3b95b3af5485d6a943c8c3461251a91e8452f161a7a917c758a45a218,fetched,parsed,xml,false,0,0,0,0,0,,
21280081,CenterForOpenScience/SHARE,53de80c1a4831009db052b0517b90584e548f1d3,trove/vocab/static_vocab/skos.rdf.xml,sniff:rdfxml,28966,e79633b8d0564816cee8a99f5c9acf9a0e6fc7257c7209acd684ecad53a89dd6,fetched,parsed,xml,false,0,0,0,0,0,,
860406998,danja/tia,f21dce3f38c6f906268ff55013fd724307f157c6,config/agents/chair.ttl,extension:.ttl,1587,2f48f287b9b649213ff8a9320c780629ba603b76c76c71462908757c97b96e86,fetched,parsed,turtle,false,0,0,0,0,0,,
860406998,danja/tia,f21dce3f38c6f906268ff55013fd724307f157c6,config/agents/coordinator.ttl,extension:.ttl,4292,72440245bc9e9c76dff994339819f84ab0348936e36fe2a3f35e281214427f7a,fetched,parsed,turtle,false,0,0,0,0,0,,
860406998,danja/tia,f21dce3f38c6f906268ff55013fd724307f157c6,config/agents/data.ttl,extension:.ttl,2352,d874010b416aa2fc3c7076cda518fb4c241c5cdb3a425c88ae5ecfec6c7f91fe,fetched,parsed,turtle,false,0,0,0,0,0,,
860406998,danja/tia,f21dce3f38c6f906268ff55013fd724307f157c6,config/agents/demo.ttl,extension:.ttl,1206,744c9c8bcf6057e41775425dfc3474d440aff38a7b8df5c4cdf96a7f4d033751,fetched,parsed,turtle,false,0,0,0,0,0,,
860406998,danja/tia,f21dce3f38c6f906268ff55013fd724307f157c6,config/agents/executor.ttl,extension:.ttl,1403,330292a9e0d14b9f0f9891c8f4ba2eb1eab6646f52e7083915101e86d3c614b0,fetched,parsed,turtle,false,0,0,0,0,0,,
860406998,danja/tia,f21dce3f38c6f906268ff55013fd724307f157c6,config/agents/golem.ttl,extension:.ttl,1507,550ea09bac8cd50c3481c6ff7decbff10fff75b4e17fdf35860d9838361f582a,fetched,parsed,turtle,false,0,0,0,0,0,,
860406998,danja/tia,f21dce3f38c6f906268ff55013fd724307f157c6,config/agents/groqbot.ttl,extension:.ttl,1441,0ba441a49c5fe8a6979d90ff94fc286e2488e2a6e9c866df5c3474915c409c38,fetched,parsed,turtle,false,0,0,0,0,0,,
860406998,danja/tia,f21dce3f38c6f906268ff55013fd724307f157c6,config/agents/mcp-loopback.ttl,extension:.ttl,1262,6770ea26d47943496797d85aed81ee259ee7fef97765d995626af0f0117ba19f,fetched,parsed,turtle,false,0,0,0,0,0,,
860406998,danja/tia,f21dce3f38c6f906268ff55013fd724307f157c6,config/agents/mcp-test.ttl,extension:.ttl,391,031460d6fee803a539e2db137bc35e012126421f97c72d4e2c14c2d837150953,fetched,parsed,turtle,false,0,0,0,0,0,,
860406998,danja/tia,f21dce3f38c6f906268ff55013fd724307f157c6,config/agents/mfr-semantic.ttl,extension:.ttl,1870,4798b1ac69debfddea4d2b9c236adb5be7c1f6b5b06bfb1d68fb3756bffa8a87,fetched,parsed,turtle,false,0,0,0,0,0,,
860406998,danja/tia,f21dce3f38c6f906268ff55013fd724307f157c6,config/agents/mistral-analyst.ttl,extension:.ttl,1010,82531c974edc18740b826ec1a52f2af56f880fdcd77f7e7a43c1fc7790d6e750,fetched,parsed,turtle,false,0,0,0,0,0,,
860406998,danja/tia,f21dce3f38c6f906268ff55013fd724307f157c6,config/agents/mistral-base.ttl,extension:.ttl,1455,8723218e6d42891928c3a52fb6720bf016f2246e114ae7f3d47aa58df9054be0,fetched,parsed,turtle,false,0,0,0,0,0,,
860406998,danja/tia,f21dce3f38c6f906268ff55013fd724307f157c6,config/agents/mistral-creative.ttl,extension:.ttl,995,53f4a5124924cea58927b787d0715ae715a3a5c534a50ed2d959bad4e7def316,fetched,parsed,turtle,false,0,0,0,0,0,,
860406998,danja/tia,f21dce3f38c6f906268ff55013fd724307f157c6,config/agents/mistral.ttl,extension:.ttl,1303,c605db630e7ea4c9beeca6c2e6115e6768ea50daaf7825a4fa2dc188cf3faf76,fetched,parsed,turtle,false,0,0,0,0,0,,
860406998,danja/tia,f21dce3f38c6f906268ff55013fd724307f157c6,config/agents/prolog.ttl,extension:.ttl,1671,9776d809ec2ac77c5a26dac748ee8207f4414a3e5a4e3460655fd2b080e0b152,fetched,parsed,turtle,false,0,0,0,0,0,,
860406998,danja/tia,f21dce3f38c6f906268ff55013fd724307f157c6,config/agents/recorder.ttl,extension:.ttl,1676,03eebf0d1a79c979498fb2875214961436b540862b657aa6d984b27b34894481,fetched,parsed,turtle,false,0,0,0,0,0,,
860406998,danja/tia,f21dce3f38c6f906268ff55013fd724307f157c6,config/agents/semem.ttl,extension:.ttl,2208,b29f63d712c573fbc4896840762db939530b9222cafd9e3deab6304ccecebb3a,fetched,parsed,turtle,false,0,0,0,0,0,,
860406998,danja/tia,f21dce3f38c6f906268ff55013fd724307f157c6,config/golem-roles.ttl,extension:.ttl,13142,e01418368bdd2f19aadfaf9a4efc6e163e7cea44aa40a74164c4fb1164b08fa3,fetched,parsed,turtle,false,0,0,0,0,0,,
860406998,danja/tia,f21dce3f38c6f906268ff55013fd724307f157c6,config/system.ttl,extension:.ttl,303,c2799b2df023eed9c8b6c728b9148747048bc9ef31d2de38b9abd6a23ed70071,fetched,parsed,turtle,false,0,0,0,0,0,,
860406998,danja/tia,f21dce3f38c6f906268ff55013fd724307f157c6,docs-site/docs/kia/vocabs/semiotics.owl,extension:.owl,32008,99e511d964986ace4b16a94680905fdf5a319f87970274861c4fd2f7fea534a7,fetched,parsed,xml,false,0,0,0,0,0,,
860406998,danja/tia,f21dce3f38c6f906268ff55013fd724307f157c6,docs-site/kia/vocabs/semiotics.owl,extension:.owl,32008,99e511d964986ace4b16a94680905fdf5a319f87970274861c4fd2f7fea534a7,fetched,parsed,xml,false,0,0,0,0,0,,
860406998,danja/tia,f21dce3f38c6f906268ff55013fd724307f157c6,docs-site/postcraft/manifest.ttl,extension:.ttl,2330,c3e5baef32f9c70cb8eb55e2bf798dbff1a9c65887608cc29e3a4f9d5ef49a89,fetched,parsed,turtle,false,0,0,0,0,0,,
860406998,danja/tia,f21dce3f38c6f906268ff55013fd724307f157c6,docs/docs/kia/vocabs/semiotics.owl,extension:.owl,32008,99e511d964986ace4b16a94680905fdf5a319f87970274861c4fd2f7fea534a7,fetched,parsed,xml,false,0,0,0,0,0,,
860406998,danja/tia,f21dce3f38c6f906268ff55013fd724307f157c6,docs/kia/vocabs/semiotics.owl,extension:.owl,32008,99e511d964986ace4b16a94680905fdf5a319f87970274861c4fd2f7fea534a7,fetched,parsed,xml,false,0,0,0,0,0,,
860406998,danja/tia,f21dce3f38c6f906268ff55013fd724307f157c6,docs/postcraft/manifest.ttl,extension:.ttl,2330,c3e5baef32f9c70cb8eb55e2bf798dbff1a9c65887608cc29e3a4f9d5ef49a89,fetched,parsed,turtle,false,0,0,0,0,0,,
860406998,danja/tia,f21dce3f38c6f906268ff55013fd724307f157c6,templates/config/agent-profile.ttl,extension:.ttl,916,cea4299275ed1c99b8fa2fd87ddf432f5e9f3f535cda4bee036b91ea89f4a249,fetched,parsed,turtle,false,0,0,0,0,0,,
860406998,danja/tia,f21dce3f38c6f906268ff55013fd724307f157c6,templates/config/mistral-agent.ttl,extension:.ttl,1283,61f93517d74b3c018b6cd536b7cb4261fa49ecede7bbdf9b8e49726312e47ca0,fetched,parsed,turtle,false,0,0,0,0,0,,
860406998,danja/tia,f21dce3f38c6f906268ff55013fd724307f157c6,vocabs/ibis.ttl,extension:.ttl,15279,0cf5aa569078964dd4c8dc9d72eb5864ed5e53b6682278185fde18c75461f8af,fetched,parsed,turtle,false,0,0,0,0,0,,
860406998,danja/tia,f21dce3f38c6f906268ff55013fd724307f157c6,vocabs/intersection.ttl,extension:.ttl,734,78f52ff06d79f3e100b918a089ceb929fb4a1d4ed0e437309524e03551d7f7ad,fetched,parsed,turtle,true,1,0,6,0,0,rdf:type sh:NodeShape|sh:in|sh:minCount|sh:path|sh:property|sh:targetClass,
860406998,danja/tia,f21dce3f38c6f906268ff55013fd724307f157c6,vocabs/lingue-shapes.ttl,extension:.ttl,5242,179a1dcba5860fb79e4ba3a3b4a31a4099d689be43b3f3321fa01c43e6fb4e41,fetched,parsed,turtle,true,4,0,60,2,15,rdf:type sh:NodeShape|sh:class|sh:datatype|sh:maxCount|sh:minCount|sh:nodeKind|sh:or|sh:path|sh:property|sh:qualifiedMinCount|sh:qualifiedValueShape|sh:select|sh:sparql|sh:targetClass|sh:targetSubjectsOf,
860406998,danja/tia,f21dce3f38c6f906268ff55013fd724307f157c6,vocabs/lingue.ttl,extension:.ttl,8281,4306d9f4fc5dae5c98573616c60e8af90f78f929b81c0d9a6eb23a75dd376806,fetched,parsed,turtle,true,0,0,0,0,1,,
860406998,danja/tia,f21dce3f38c6f906268ff55013fd724307f157c6,vocabs/mcp-ontology.ttl,extension:.ttl,4337,5aba9bda3cd519bdfc9d200b4584fe4f046ebd9847719bd618a1aa8ac9ac1bbf,fetched,parsed,turtle,false,0,0,0,0,0,,
860406998,danja/tia,f21dce3f38c6f906268ff55013fd724307f157c6,vocabs/mfr-ontology.ttl,extension:.ttl,13966,1d7748384ed12d65321e699fac3371d7c30f9cff6748fce761f133caf03a7117,fetched,parsed,turtle,false,0,0,0,0,0,,
860406998,danja/tia,f21dce3f38c6f906268ff55013fd724307f157c6,vocabs/mfr-shapes.ttl,extension:.ttl,12941,b63d1a034dff5d7bca72e796c7a719ba8d80e1193da19f6e4ba2da3b898de87c,fetched,parsed,turtle,true,17,0,188,0,79,rdf:type sh:NodeShape|sh:class|sh:datatype|sh:maxCount|sh:minCount|sh:minLength|sh:or|sh:path|sh:property|sh:target|sh:targetClass,
860406998,danja/tia,f21dce3f38c6f906268ff55013fd724307f157c6,vocabs/rpp-2001.ttl,extension:.ttl,3119,0b748bbf7b9b5dffa5bf15100b8b1aa5e4296519b55cb87c7be2be5865f571c8,fetched,parsed,turtle,false,0,0,0,0,0,,
1118234260,SOLVE-IT-DF/solve-it-ontology,0f47a01460ab2dc86ea2da8112a62cd48e64b068,docs/data/solve-it-kb.jsonld,extension:.jsonld,1329490,205b74254a75327431578f5d7397f0a5a72cf1d5f186c0b64de2c216c49145e5,fetched,parsed,json-ld,false,0,0,0,0,0,,
1118234260,SOLVE-IT-DF/solve-it-ontology,0f47a01460ab2dc86ea2da8112a62cd48e64b068,docs/data/solve-it-kb.ttl,extension:.ttl,623576,0f9fce79e62be487139d1b760fd0d3dc442ec573e2f0f1930f9d026c1fd8f19a,fetched,parsed,turtle,false,0,0,0,0,0,,
1118234260,SOLVE-IT-DF/solve-it-ontology,0f47a01460ab2dc86ea2da8112a62cd48e64b068,solve_it_analysis.ttl,extension:.ttl,11792,a0e1d4bb03eea29581aeda3eb3f85dd2d6143d208eb67e8c953a1eab46f3a837,fetched,parsed,turtle,false,0,0,0,0,0,,
1118234260,SOLVE-IT-DF/solve-it-ontology,0f47a01460ab2dc86ea2da8112a62cd48e64b068,solve_it_analysis_shapes.ttl,extension:.ttl,7841,3575452779ad1453a1bb122bbfff6baa767dcec1f1a423aea9b4a615d8a521de,fetched,parsed,turtle,true,2,0,19,6,9,rdf:type sh:NodeShape|sh:class|sh:maxCount|sh:minCount|sh:nodeKind|sh:path|sh:property|sh:select|sh:sparql|sh:targetClass,
1118234260,SOLVE-IT-DF/solve-it-ontology,0f47a01460ab2dc86ea2da8112a62cd48e64b068,solve_it_core.ttl,extension:.ttl,18252,0510f43e61386c0742283d078dd2bd0e749b2685c4c657b5553fd3d4373c5017,fetched,parsed,turtle,false,0,0,0,0,0,,
1118234260,SOLVE-IT-DF/solve-it-ontology,0f47a01460ab2dc86ea2da8112a62cd48e64b068,solve_it_core_shapes.ttl,extension:.ttl,8162,02dd5a5d81de6275b9a863c8359154f8384bf042c3abc2aef637967ca4e038d8,fetched,parsed,turtle,true,3,0,31,2,7,rdf:type sh:NodeShape|sh:class|sh:hasValue|sh:maxCount|sh:minCount|sh:nodeKind|sh:or|sh:path|sh:property|sh:select|sh:sparql|sh:targetClass,
1118234260,SOLVE-IT-DF/solve-it-ontology,0f47a01460ab2dc86ea2da8112a62cd48e64b068,solve_it_examples/acquisition_examples.ttl,extension:.ttl,4650,df32905cfd32edff0fabd1b4ace814c16b16566a457e580f5fd5bd5eb8b74c7c,fetched,parsed,turtle,false,0,0,0,0,0,,
1118234260,SOLVE-IT-DF/solve-it-ontology,0f47a01460ab2dc86ea2da8112a62cd48e64b068,solve_it_examples/core_classes_examples.ttl,extension:.ttl,17969,8c1d48fc9ae2823dd385e974324656673068d59944e423b5305a3e4c02b71765,fetched,parsed,turtle,false,0,0,0,0,0,,
1118234260,SOLVE-IT-DF/solve-it-ontology,0f47a01460ab2dc86ea2da8112a62cd48e64b068,solve_it_examples/hashset_examples.ttl,extension:.ttl,2424,3709a13f19e8635e0328aa5a210bc46eedd1e02bfde82b82ba8d45f747968a04,fetched,parsed,turtle,false,0,0,0,0,0,,
1118234260,SOLVE-IT-DF/solve-it-ontology,0f47a01460ab2dc86ea2da8112a62cd48e64b068,solve_it_examples/observable_examples.ttl,extension:.ttl,3440,011b86bc9d23b0d2a8172f72e7b2d005784042baa6cdbaadb0849e3204602920,fetched,parsed,turtle,false,0,0,0,0,0,,
1118234260,SOLVE-IT-DF/solve-it-ontology,0f47a01460ab2dc86ea2da8112a62cd48e64b068,solve_it_examples/search_examples.ttl,extension:.ttl,9286,5a75a18ce0ae6f0a96dd37e3e342ceca6153b2f16d54d2f5cae2dd6f0e555585,fetched,parsed,turtle,false,0,0,0,0,0,,
1118234260,SOLVE-IT-DF/solve-it-ontology,0f47a01460ab2dc86ea2da8112a62cd48e64b068,solve_it_examples/sorted_timeline_examples.ttl,extension:.ttl,38129,81cec70bc8566d3d866b21d9acfd19329e9cb23ffbf9cccc1fe0ced247822763,fetched,parsed,turtle,false,0,0,0,0,0,,
1118234260,SOLVE-IT-DF/solve-it-ontology,0f47a01460ab2dc86ea2da8112a62cd48e64b068,solve_it_examples/sqlite_examples.ttl,extension:.ttl,6836,5324b2b27dfe2bc9d8d353c7b02b6e7d0e60314abd445af2af3a278a27324262,fetched,parsed,turtle,false,0,0,0,0,0,,
1118234260,SOLVE-IT-DF/solve-it-ontology,0f47a01460ab2dc86ea2da8112a62cd48e64b068,solve_it_examples/timeline_resolution_examples.ttl,extension:.ttl,9473,898f73b703059ec406b9c6723146ebd360aab8758b16563657ba2e8286d4986c,fetched,parsed,turtle,false,0,0,0,0,0,,
1118234260,SOLVE-IT-DF/solve-it-ontology,0f47a01460ab2dc86ea2da8112a62cd48e64b068,solve_it_examples/timeline_sequence_examples.ttl,extension:.ttl,10271,efb822fed930740ac777536ed40960a09a8e20095aa45742ff2db63eec0be66b,fetched,parsed,turtle,false,0,0,0,0,0,,
1118234260,SOLVE-IT-DF/solve-it-ontology,0f47a01460ab2dc86ea2da8112a62cd48e64b068,solve_it_examples/tool_profile_examples.ttl,extension:.ttl,12000,d08298c07e9709b8ebadc4fbc2b0cef03ca52f48471b2953d8bce0d69082cf5e,fetched,parsed,turtle,true,1,0,8,0,2,rdf:type sh:NodeShape|sh:hasValue|sh:in|sh:path|sh:property|sh:targetClass,
1118234260,SOLVE-IT-DF/solve-it-ontology,0f47a01460ab2dc86ea2da8112a62cd48e64b068,solve_it_examples/triaged_devices_examples.ttl,extension:.ttl,4437,06bcd5b875785dd0124b61ea13e7c9f805c2bafff05151b981a788365f5f1411,fetched,parsed,turtle,false,0,0,0,0,0,,
1118234260,SOLVE-IT-DF/solve-it-ontology,0f47a01460ab2dc86ea2da8112a62cd48e64b068,solve_it_examples/weakness_assessment_examples.ttl,extension:.ttl,6770,258a4b70980c966fcfa99e60f64ade6625a09668c59c23ac1b6c3d09a7581793,fetched,parsed,turtle,false,0,0,0,0,0,,
1118234260,SOLVE-IT-DF/solve-it-ontology,0f47a01460ab2dc86ea2da8112a62cd48e64b068,solve_it_observable.ttl,extension:.ttl,26609,769d407a61f51486b8e40714260e782ade8235ef2d7f11d54ec973b8db58a241,fetched,parsed,turtle,false,0,0,0,0,0,,
1118234260,SOLVE-IT-DF/solve-it-ontology,0f47a01460ab2dc86ea2da8112a62cd48e64b068,solve_it_observable_acquisition.ttl,extension:.ttl,16988,17150455f11184aec8871b72d5532d8248a9748c5aa3de568f43d8c1901c482f,fetched,parsed,turtle,false,0,0,0,0,0,,
1118234260,SOLVE-IT-DF/solve-it-ontology,0f47a01460ab2dc86ea2da8112a62cd48e64b068,solve_it_observable_search.ttl,extension:.ttl,3561,a3f58ec980f2d52aa578297eaf19ae70dab6d2747823a4bf469fe3aa382fb73e,fetched,parsed,turtle,false,0,0,0,0,0,,
1118234260,SOLVE-IT-DF/solve-it-ontology,0f47a01460ab2dc86ea2da8112a62cd48e64b068,solve_it_observable_shapes.ttl,extension:.ttl,9015,643e2ba9b7f21ecb80a643bbbc33c3ab729f998e943714e0a758fe10bf04cc33,fetched,parsed,turtle,true,11,0,98,0,12,rdf:type sh:NodeShape|sh:class|sh:datatype|sh:maxCount|sh:minCount|sh:or|sh:path|sh:property|sh:targetClass|sh:xone,
1118234260,SOLVE-IT-DF/solve-it-ontology,0f47a01460ab2dc86ea2da8112a62cd48e64b068,solve_it_observable_timeline.ttl,extension:.ttl,11205,c362c00855a36e5940032bca63ca062c5756d0a4429c13b547b071d7ac81579d,fetched,parsed,turtle,false,0,0,0,0,0,,
1118234260,SOLVE-IT-DF/solve-it-ontology,0f47a01460ab2dc86ea2da8112a62cd48e64b068,solve_it_sqlite.ttl,extension:.ttl,14548,5e858f439e4be645fa2af76f79977ea4a77c64c1498da5aab97f7305876a0e80,fetched,parsed,turtle,false,0,0,0,0,0,,
1118234260,SOLVE-IT-DF/solve-it-ontology,0f47a01460ab2dc86ea2da8112a62cd48e64b068,solve_it_tool_profile.ttl,extension:.ttl,13402,f6c4adf1f6ec54022c85471a05378b3c30dbaa8b4a0127f69662fdc50be51241,fetched,parsed,turtle,true,2,0,20,0,10,rdf:type sh:NodeShape|sh:class|sh:maxCount|sh:minCount|sh:nodeKind|sh:path|sh:property|sh:targetClass,
1118234260,SOLVE-IT-DF/solve-it-ontology,0f47a01460ab2dc86ea2da8112a62cd48e64b068,solve_it_weakness_assessment.ttl,extension:.ttl,13795,9ca805d09a6bdc1fbbba2dedbe22efd3414f9344bc641af193bd465b2f839755,fetched,parsed,turtle,true,4,0,87,0,19,rdf:type sh:NodeShape|sh:class|sh:datatype|sh:in|sh:maxCount|sh:maxInclusive|sh:minCount|sh:minInclusive|sh:path|sh:property|sh:targetClass,
1234948080,Shubham-Kanse/retune,a726111c413c3b72e5ab4a430af6bf330b0d189a,packages/onto/src/cognitive.jsonld,extension:.jsonld,45681,3268af9f0eca3d285da4c7f3dd2fb1dd1033ebcd6c2e15eeaff32a423cf3f6ce,fetched,parsed,json-ld,false,0,0,0,0,0,,
1380946204,sophia-labs/gardend,de868d834b038bd93994c0475b7654ba5324d17d,src-tauri/src/emporium/vocabs/sophia-machine-core.cloud2-canary.ttl,extension:.ttl,11009,f800dbd3c82fa9ba3af1af8a2dc5cbae67977a87213b09f5783166b1b94cc22b,fetched,parsed,turtle,false,0,0,0,0,0,,
1380946204,sophia-labs/gardend,de868d834b038bd93994c0475b7654ba5324d17d,src-tauri/src/observatory/fixtures/billing_metric_evaluation.golden.nt,extension:.nt,10547,fa0ebbf583f9e5f5eff8cacb48f4ab8aaae4498ba7e3c70f22c2a0cef6155a1c,fetched,parsed,nt,false,0,0,0,0,0,,
1380946204,sophia-labs/gardend,de868d834b038bd93994c0475b7654ba5324d17d,src-tauri/src/observatory/fixtures/capture_events.golden.nt,extension:.nt,44831,0215a681e9f6c1952f4ba5430db05410ca0ef734d379cdc024b898defa4e2299,fetched,parsed,nt,false,0,0,0,0,0,,
1380946204,sophia-labs/gardend,de868d834b038bd93994c0475b7654ba5324d17d,src-tauri/src/observatory/fixtures/lifecycle_evaluation.golden.nt,extension:.nt,29762,05bc39fd867276a9bc63ac2ce0eb3c43ca5e9929e68e15e7fe31941afc7b159e,fetched,parsed,nt,false,0,0,0,0,0,,
309326626,MBoegers/shacl-validate-cim,178c47ddff7a893606f8441ff95ffe3c15ead6e3,src/main/resources/data/20181204T0000Z_T1_AAA_DL_300.xml,sniff:rdfxml,81201,ed2318ec0d7a9a33e91fa19ac23ab698aaad5cd4d3f90e333d0df3592e0373ed,fetched,not_parsed,,false,0,0,0,0,0,,
309326626,MBoegers/shacl-validate-cim,178c47ddff7a893606f8441ff95ffe3c15ead6e3,src/main/resources/data/20181204T0000Z_T1_AAA_EQ_300.xml,sniff:rdfxml,128651,4ee3758845bd56a291c231f527906f7dc8bbd898640988e491f89641bb0cb276,fetched,not_parsed,,false,0,0,0,0,0,,
309326626,MBoegers/shacl-validate-cim,178c47ddff7a893606f8441ff95ffe3c15ead6e3,src/main/resources/data/20181204T0000Z_T1_AAA_SSH_300.xml,sniff:rdfxml,14484,c3d3f23094881b9a684b29eec675e6027ac2614126a6c621eed82bf1c9b8410e,fetched,not_parsed,,false,0,0,0,0,0,,
309326626,MBoegers/shacl-validate-cim,178c47ddff7a893606f8441ff95ffe3c15ead6e3,src/main/resources/data/20181204T0000Z_T1_AAA_TP_300.xml,sniff:rdfxml,13849,1fa0ba9f3c32f9f8a74525a97862de36fdb0f2a86cd78599a9713d31e7f0bb59,fetched,not_parsed,,false,0,0,0,0,0,,
309326626,MBoegers/shacl-validate-cim,178c47ddff7a893606f8441ff95ffe3c15ead6e3,src/main/resources/rdfs/DiagramLayoutProfileRDFSAugmented-v2_4_15-16Feb2016.rdf,extension:.rdf,57593,17a29ee820d121c325639c102ec17a355645c4c75f5843e5f9e1b316eafbd0a8,fetched,not_parsed,,false,0,0,0,0,0,,
309326626,MBoegers/shacl-validate-cim,178c47ddff7a893606f8441ff95ffe3c15ead6e3,src/main/resources/rdfs/DynamicsProfileRDFSAugmented_noAbstract-v2_4_15-16Feb2016.rdf,extension:.rdf,2089022,3934fb646ac1ec0d8edabeb6274bedb69ea66c1eea905ad1b34b24ef2cf794b5,fetched,not_parsed,,false,0,0,0,0,0,,
309326626,MBoegers/shacl-validate-cim,178c47ddff7a893606f8441ff95ffe3c15ead6e3,src/main/resources/rdfs/EquipmentProfileCoreShortCircuitOperationRDFSAugmented-v2_4_15-4Jul2016.rdf,extension:.rdf,620120,08c821360f74979c5c54eb8b7c79bab4ff005b66ed9ed0c39e0bc19442a3448a,fetched,not_parsed,,false,0,0,0,0,0,,
309326626,MBoegers/shacl-validate-cim,178c47ddff7a893606f8441ff95ffe3c15ead6e3,src/main/resources/rdfs/GeographicalLocationProfileRDFSAugmented-v2_4_15-16Feb2016.rdf,extension:.rdf,25047,dad059d2b85457160995237db718dad9a9adf46debc6fcaeed97b0dcf933806b,fetched,not_parsed,,false,0,0,0,0,0,,
309326626,MBoegers/shacl-validate-cim,178c47ddff7a893606f8441ff95ffe3c15ead6e3,src/main/resources/rdfs/SteadyStateHypothesisProfileRDFSAugmented-v2_4_15-16Feb2016.rdf,extension:.rdf,121496,095b5a630cf1ec62d76e1e090caec240eb18a9d0bb73c5d3a67d1f545bcec7e3,fetched,not_parsed,,false,0,0,0,0,0,,
309326626,MBoegers/shacl-validate-cim,178c47ddff7a893606f8441ff95ffe3c15ead6e3,src/main/resources/rdfs/TopologyProfileRDFSAugmented-v2_4_15-16Feb2016.rdf,extension:.rdf,37321,d2b6fe7e74cbea4d6992b1e5c64a0360258e70b7c98482ae30e86580cfa77a46,fetched,not_parsed,,false,0,0,0,0,0,,
676473489,Daham-Mustaf/SHACL-to-Validate-RDF-Jena-apache-Data,3ef8fcc0bfcd328e79623333981c0571a7581b59,src/main/data/ProviderLegalInformation_OWL.ttl,extension:.ttl,26182,a5322f1dd84a4bd8fd6872e4a42ad8b01578967e90ef3a507f842dadce57c400,fetched,parsed,turtle,false,0,0,0,0,0,,
676473489,Daham-Mustaf/SHACL-to-Validate-RDF-Jena-apache-Data,3ef8fcc0bfcd328e79623333981c0571a7581b59,src/main/data/person.ttl,extension:.ttl,714,56fa0567eb76a45533bfdccf5fe1b4801eb188bf9fa486212a14493bd122eead,fetched,parsed,turtle,false,0,0,0,0,0,,
676473489,Daham-Mustaf/SHACL-to-Validate-RDF-Jena-apache-Data,3ef8fcc0bfcd328e79623333981c0571a7581b59,src/main/data/soulution.ttl,extension:.ttl,33988,45934496b8507efb19441c80905af57507af174f5caf876c860510a1a282e179,fetched,parsed,turtle,true,3,0,165,0,134,rdf:type sh:NodeShape|sh:datatype|sh:in|sh:maxCount|sh:maxInclusive|sh:minCount|sh:minInclusive|sh:node|sh:path|sh:property|sh:targetClass,
676473489,Daham-Mustaf/SHACL-to-Validate-RDF-Jena-apache-Data,3ef8fcc0bfcd328e79623333981c0571a7581b59,src/main/reports/asset_A_S_conform_report.jsonld,extension:.jsonld,191927,7eb07a5c00ec5876fe6fd6cc099afcbf6c4b30ec3352a224d45b7538f29a1dfc,fetched,parsed,json-ld,true,0,0,0,0,0,,
676473489,Daham-Mustaf/SHACL-to-Validate-RDF-Jena-apache-Data,3ef8fcc0bfcd328e79623333981c0571a7581b59,src/main/reports/person_violation_report.ttl,extension:.ttl,2883,b5e8be64e5b17f358e02b87fe607c0dff0c1bc64ae8bb6510c0e3cd483f5d6f4,fetched,parsed,turtle,true,0,0,0,0,37,,
676473489,Daham-Mustaf/SHACL-to-Validate-RDF-Jena-apache-Data,3ef8fcc0bfcd328e79623333981c0571a7581b59,src/main/reports/providerLegalInformation_conform_report.jsonld,extension:.jsonld,6832,a095ad2da31c669d9811e4a0194935decd4b0c0a93e4a43c7371219bbef4c566,fetched,parsed,json-ld,true,0,0,0,0,0,,
676473489,Daham-Mustaf/SHACL-to-Validate-RDF-Jena-apache-Data,3ef8fcc0bfcd328e79623333981c0571a7581b59,src/main/shape/personShape.ttl,extension:.ttl,816,89b1256eca7218ece61b5caa50b56f81343f34f1d02866c79fdfad77fc1eb44a,fetched,parsed,turtle,true,1,0,13,0,0,rdf:type sh:NodeShape|sh:class|sh:closed|sh:datatype|sh:ignoredProperties|sh:maxCount|sh:nodeKind|sh:path|sh:pattern|sh:property|sh:targetClass,
676473489,Daham-Mustaf/SHACL-to-Validate-RDF-Jena-apache-Data,3ef8fcc0bfcd328e79623333981c0571a7581b59,src/main/shape/provider-legal-informationShape.ttl,extension:.ttl,13548,8235369c75ee364fee8f495533ccd97b5c3818e8ce713206c079f043af42216d,fetched,parsed,turtle,true,3,0,142,0,117,rdf:type sh:NodeShape|sh:datatype|sh:in|sh:maxCount|sh:maxInclusive|sh:minCount|sh:minInclusive|sh:node|sh:path|sh:property|sh:targetClass,
676473489,Daham-Mustaf/SHACL-to-Validate-RDF-Jena-apache-Data,3ef8fcc0bfcd328e79623333981c0571a7581b59,src/main/shape/solution_shape.ttl,extension:.ttl,13015,6e85ac7c337ac12dbb8c5eb06c9ec29643617cd2c3687834e5e47162b1522a22,fetched,parsed,turtle,true,3,0,142,0,117,rdf:type sh:NodeShape|sh:datatype|sh:in|sh:maxCount|sh:maxInclusive|sh:minCount|sh:minInclusive|sh:node|sh:path|sh:property|sh:targetClass,
949847839,SDM-TIB/VANILLA,c7d9046dd8e4244be3dad981ed12a8174c9fe12f,KG_Normalization/Constraints/DB100K/db100k.ttl,extension:.ttl,3261,86a880a9e22216d308cc532047e14cc44a87f1880077bdf2b3b8f12b39513661,fetched,parsed,turtle,true,6,0,12,12,0,rdf:type sh:NodeShape|sh:select|sh:sparql|sh:targetClass,
949847839,SDM-TIB/VANILLA,c7d9046dd8e4244be3dad981ed12a8174c9fe12f,KG_Normalization/Constraints/DB100K/result_DB100K/validationReport.ttl,extension:.ttl,12400379,cd71196765186f36e3b8f14c2102ad29bc1c4fe96ad915a4d49926c0a3363101,fetched,parse_error,turtle,true,0,0,0,0,0,,"BadSyntax: at line 3 of <>:
Bad syntax (Prefix "":"" not bound) at ^ in:
""b'@prefix sh: <http://www.w3.org/ns/shacl#> . \n\n'^b':report a sh:ValidationReport ;\n  sh:conforms false ;\n  sh:r'..."""
949847839,SDM-TIB/VANILLA,c7d9046dd8e4244be3dad981ed12a8174c9fe12f,KG_Normalization/Constraints/FrenchRoyalty/FrenchRoyalty.ttl,extension:.ttl,583,668e7e98d9cd69a8cd636fbf03bddad7e088e144f1c948b7a557a53e952d82e2,fetched,parsed,turtle,true,1,0,2,2,0,rdf:type sh:NodeShape|sh:select|sh:sparql|sh:targetClass,
949847839,SDM-TIB/VANILLA,c7d9046dd8e4244be3dad981ed12a8174c9fe12f,KG_Normalization/Constraints/FrenchRoyalty/result_FrenchRoyalty/validationReport.ttl,extension:.ttl,68034,c1a0eec5a0a878a9feb0d9ec9f75fc2b097a18df7ff5738baad3e15c0292874a,fetched,parse_error,turtle,true,0,0,0,0,0,,"BadSyntax: at line 3 of <>:
Bad syntax (Prefix "":"" not bound) at ^ in:
""b'@prefix sh: <http://www.w3.org/ns/shacl#> . \n\n'^b':report a sh:ValidationReport ;\n  sh:conforms false ;\n  sh:r'..."""
949847839,SDM-TIB/VANILLA,c7d9046dd8e4244be3dad981ed12a8174c9fe12f,KG_Normalization/Constraints/SGKG/SGKG.ttl,extension:.ttl,2287,8fc8abbac3550ed686c0376dbf9a69f5674bc2b0f317b51d7312b3d11ba31853,fetched,parsed,turtle,true,5,0,10,10,0,rdf:type sh:NodeShape|sh:select|sh:sparql|sh:targetClass,
949847839,SDM-TIB/VANILLA,c7d9046dd8e4244be3dad981ed12a8174c9fe12f,KG_Normalization/Constraints/SGKG/result_SGKG/validationReport.ttl,extension:.ttl,2285359,c11fb3ec1dfac9562b48a29b12cb046728b9db460fc121bad5b4ecf6492845c9,fetched,parse_error,turtle,true,0,0,0,0,0,,"BadSyntax: at line 3 of <>:
Bad syntax (Prefix "":"" not bound) at ^ in:
""b'@prefix sh: <http://www.w3.org/ns/shacl#> . \n\n'^b':report a sh:ValidationReport ;\n  sh:conforms false ;\n  sh:r'..."""
949847839,SDM-TIB/VANILLA,c7d9046dd8e4244be3dad981ed12a8174c9fe12f,KG_Normalization/Constraints/SynthLC-1000/SynthLC-1000.ttl,extension:.ttl,10932,239b949f2f7530e9e976a24629194d577887823c7d9330f36495b6bf7e2ff69b,fetched,parsed,turtle,true,25,0,50,50,0,rdf:type sh:NodeShape|sh:select|sh:sparql|sh:targetClass,
949847839,SDM-TIB/VANILLA,c7d9046dd8e4244be3dad981ed12a8174c9fe12f,KG_Normalization/Constraints/SynthLC-1000/result_SynthLC-1000/validationReport.ttl,extension:.ttl,622465,e2272b250d242ff8adae7e38c03db4dd90a245f9b78b208a687f607c1782e8ff,fetched,parse_error,turtle,true,0,0,0,0,0,,"BadSyntax: at line 3 of <>:
Bad syntax (Prefix "":"" not bound) at ^ in:
""b'@prefix sh: <http://www.w3.org/ns/shacl#> . \n\n'^b':report a sh:ValidationReport ;\n  sh:conforms false ;\n  sh:r'..."""
949847839,SDM-TIB/VANILLA,c7d9046dd8e4244be3dad981ed12a8174c9fe12f,KG_Normalization/Constraints/SynthLC-10000/SynthLC-10000.ttl,extension:.ttl,10932,239b949f2f7530e9e976a24629194d577887823c7d9330f36495b6bf7e2ff69b,fetched,parsed,turtle,true,25,0,50,50,0,rdf:type sh:NodeShape|sh:select|sh:sparql|sh:targetClass,
949847839,SDM-TIB/VANILLA,c7d9046dd8e4244be3dad981ed12a8174c9fe12f,KG_Normalization/Constraints/SynthLC-10000/result_SynthLC-10000/validationReport.ttl,extension:.ttl,6209959,d4c8145832aa59c0df59541425493b8751eca6e854ec333a49b1cca31fde20fc,fetched,parse_error,turtle,true,0,0,0,0,0,,"BadSyntax: at line 3 of <>:
Bad syntax (Prefix "":"" not bound) at ^ in:
""b'@prefix sh: <http://www.w3.org/ns/shacl#> . \n\n'^b':report a sh:ValidationReport ;\n  sh:conforms false ;\n  sh:r'..."""
949847839,SDM-TIB/VANILLA,c7d9046dd8e4244be3dad981ed12a8174c9fe12f,KG_Normalization/Constraints/YAGO3-10/YAGO3-10.ttl,extension:.ttl,2212,6155365bfdb53595516aaa1af65f64f48699a25cba452aa978a55f1e145e2a2f,fetched,parsed,turtle,true,4,0,8,8,0,rdf:type sh:NodeShape|sh:select|sh:sparql|sh:targetClass,
949847839,SDM-TIB/VANILLA,c7d9046dd8e4244be3dad981ed12a8174c9fe12f,KG_Normalization/Constraints/YAGO3-10/result_YAGO3-10/validationReport.ttl,extension:.ttl,13256124,7fedee143e143bc1775d3c7f76ddd67895b9af4c22fbe275fe795c9d73e03f79,fetched,parse_error,turtle,true,0,0,0,0,0,,"BadSyntax: at line 3 of <>:
Bad syntax (Prefix "":"" not bound) at ^ in:
""b'@prefix sh: <http://www.w3.org/ns/shacl#> . \n\n'^b':report a sh:ValidationReport ;\n  sh:conforms false ;\n  sh:r'..."""
949847839,SDM-TIB/VANILLA,c7d9046dd8e4244be3dad981ed12a8174c9fe12f,KG_Normalization/KG/FrenchRoyalty/french_royalty.nt,extension:.nt,1646716,f07b8ccaadc4c54d3f258aca1d2a73436aa601c987e57791998914ef705ac1f3,fetched,parsed,nt,false,0,0,0,0,0,,
949847839,SDM-TIB/VANILLA,c7d9046dd8e4244be3dad981ed12a8174c9fe12f,KG_Normalization/KG/SGKG/SGKG.nt,extension:.nt,8199901,43c639db6562b075a56731619abfee87c7190338f80ace020081814ea10f0760,fetched,parsed,nt,false,0,0,0,0,0,,
949847839,SDM-TIB/VANILLA,c7d9046dd8e4244be3dad981ed12a8174c9fe12f,KG_Normalization/KG/SynthLC-1000/SynthLC_1000.nt,extension:.nt,1734449,2c7277e8191da72f1ba8684ac5e56f3950cc7b22ae740c5b1c4f010644957a17,fetched,parsed,nt,false,0,0,0,0,0,,
949847839,SDM-TIB/VANILLA,c7d9046dd8e4244be3dad981ed12a8174c9fe12f,KG_Normalization/Predictions/FrenchRoyalty_EnrichedKG/FrenchRoyalty_Enriched_KG.nt,extension:.nt,1825989,f37cf9551153e962f7f9e11b82441b173cf813734520058c9888a98bcbdffc7e,fetched,parsed,nt,false,0,0,0,0,0,,
949847839,SDM-TIB/VANILLA,c7d9046dd8e4244be3dad981ed12a8174c9fe12f,KG_Normalization/Predictions/SGKG_EnrichedKG/SGKG4_Enriched_KG.nt,extension:.nt,8597820,54114a2e1a113c7e6d2b5abe5924ed6f2e238e3014c42c205411ca017b5db513,fetched,parsed,nt,false,0,0,0,0,0,,
949847839,SDM-TIB/VANILLA,c7d9046dd8e4244be3dad981ed12a8174c9fe12f,KG_Normalization/Predictions/SynthLC-10000_EnrichedKG/SynthLC-10000_Enriched_KG.nt,extension:.nt,22296995,,skipped_too_large,skipped_too_large,,false,0,0,0,0,0,,
949847839,SDM-TIB/VANILLA,c7d9046dd8e4244be3dad981ed12a8174c9fe12f,KG_Normalization/Predictions/SynthLC-1000_EnrichedKG/SynthLC-1000_Enriched_KG.nt,extension:.nt,2155944,53b6ba55b041af54364b368b5d64e6e3b1928b40e0852988c532df47e7537ec4,fetched,parsed,nt,false,0,0,0,0,0,,
949847839,SDM-TIB/VANILLA,c7d9046dd8e4244be3dad981ed12a8174c9fe12f,KG_Normalization/Transformed_FrenchRoyalty/TransformedKG_FrenchRoyalty.nt,extension:.nt,2100782,21b907cbd80e64d2d27e56520121d2c017bcc105b2bac7d9e36bd5263b840cb0,fetched,parsed,nt,false,0,0,0,0,0,,
949847839,SDM-TIB/VANILLA,c7d9046dd8e4244be3dad981ed12a8174c9fe12f,KG_Normalization/Transformed_SGKG4/TransformedKG_SGKG4.nt,extension:.nt,8641871,f434521058d99199b7eaad08e5731169228c2a28ff30a3d886e2ddd1e5d52647,fetched,parsed,nt,false,0,0,0,0,0,,
949847839,SDM-TIB/VANILLA,c7d9046dd8e4244be3dad981ed12a8174c9fe12f,KG_Normalization/Transformed_SynthLC-1000/TransformedKG_SynthLC-1000.nt,extension:.nt,1890571,cde9c490a11de3bb1859d0881d5ae73eab25dd1b51e778bfd9f31b3688444921,fetched,parsed,nt,false,0,0,0,0,0,,
1170225250,tggo/goRDFlib,693073baa25133eb0d919208a8ca24688e50da89,testdata/dash-af/expression/booleans-001.test.ttl,extension:.ttl,1426,0d55d25130dd447939188b335b9a797a62492c239a25129707438438553cafd4,fetched,parsed,turtle,true,1,0,3,0,11,rdf:type sh:NodeShape|sh:targetNode,
1170225250,tggo/goRDFlib,693073baa25133eb0d919208a8ca24688e50da89,testdata/dash-af/function/callSPARQLFunction.test.ttl,extension:.ttl,3030,07b277bbfef4ac2bad5d5e121545ac032102f3fde36daa0798562155fd539101,fetched,parsed,turtle,true,1,1,23,3,23,rdf:type sh:NodeShape|rdf:type sh:PropertyShape|sh:datatype|sh:maxCount|sh:minCount|sh:path|sh:property|sh:select|sh:sparql|sh:targetClass,
1170225250,tggo/goRDFlib,693073baa25133eb0d919208a8ca24688e50da89,testdata/dash-af/function/simpleSPARQLFunction.test.ttl,extension:.ttl,1579,61640bb9238aa45086544520d40f88d495e4f4966c1a9e986bd2107d0173d5f0,fetched,parsed,turtle,true,0,0,2,2,8,sh:ask|sh:path|sh:select,
1170225250,tggo/goRDFlib,693073baa25133eb0d919208a8ca24688e50da89,testdata/dash-af/rules/sparql/classify-square.test.ttl,extension:.ttl,2278,0164c66ce419d588527da041c21e916f547d45beabbc4d24392a678f21e758ff,fetched,parsed,turtle,true,1,0,14,1,10,rdf:type sh:NodeShape|sh:construct|sh:datatype|sh:equals|sh:maxCount|sh:minCount|sh:path|sh:property,
1170225250,tggo/goRDFlib,693073baa25133eb0d919208a8ca24688e50da89,testdata/dash-af/rules/sparql/rectangle.test.ttl,extension:.ttl,1661,1a3ed6ce0e638f0fd58b8f68ec49e1f22eb7bf47c098a39ba7d4915b5da0baf2,fetched,parsed,turtle,true,1,0,2,1,7,rdf:type sh:NodeShape|sh:construct|sh:targetClass,
1170225250,tggo/goRDFlib,693073baa25133eb0d919208a8ca24688e50da89,testdata/dash-af/rules/triple/functions-permutations.test.ttl,extension:.ttl,2993,b3a98b6c7de1ed9837f1f68a7c9bcaedc401a1d886ab57950aa5c930aa1bc828,fetched,parsed,turtle,true,1,0,7,1,10,rdf:type sh:NodeShape|sh:path|sh:select,
1170225250,tggo/goRDFlib,693073baa25133eb0d919208a8ca24688e50da89,testdata/dash-af/rules/triple/person.ttl,extension:.ttl,1190,52ad8e78bef97a7a043fa712ef7cc5444e35c7104a065eee9236e98108e180ae,fetched,parsed,turtle,false,0,0,0,0,0,,
1170225250,tggo/goRDFlib,693073baa25133eb0d919208a8ca24688e50da89,testdata/dash-af/rules/triple/person2schema.test.ttl,extension:.ttl,4498,e50b71a17274fbb2ca35a34a4c8d10873d7c9d28af933d0c730d4870d41d5440,fetched,parsed,turtle,true,1,0,9,1,50,rdf:type sh:NodeShape|sh:datatype|sh:nodeKind|sh:path|sh:select|sh:targetClass,
1170225250,tggo/goRDFlib,693073baa25133eb0d919208a8ca24688e50da89,testdata/dash-af/rules/triple/rectangle.test.ttl,extension:.ttl,1888,0c2b41227048ea7fdc9b7e492a136884f59f6512c4774c63302d47dcda621ed1,fetched,parsed,turtle,true,1,0,8,1,11,rdf:type sh:NodeShape|sh:datatype|sh:path|sh:select|sh:targetClass,
1170225250,tggo/goRDFlib,693073baa25133eb0d919208a8ca24688e50da89,testdata/dash-af/rules/triple/schema2person.test.ttl,extension:.ttl,3153,4cfd0aff3af69859509fa89680beeafcb53bdc42feccacdd088906e436a6a67d,fetched,parsed,turtle,true,1,0,5,0,28,rdf:type sh:NodeShape|sh:path|sh:targetClass,
1170225250,tggo/goRDFlib,693073baa25133eb0d919208a8ca24688e50da89,testdata/dash-af/rules/triple/square.test.ttl,extension:.ttl,1961,1a7739c44032aec7143c9dc8eace9220a4357d75e33e093c09fefe90b7ae8060,fetched,parsed,turtle,true,1,0,14,0,9,rdf:type sh:NodeShape|sh:datatype|sh:equals|sh:maxCount|sh:minCount|sh:path|sh:property,
1170225250,tggo/goRDFlib,693073baa25133eb0d919208a8ca24688e50da89,testdata/dash-af/target/sparqlTarget-001.test.ttl,extension:.ttl,1819,0170b891508d02028f35adbc942a025393422bb8504a3de8485e45c30424c986,fetched,parsed,turtle,true,1,0,6,1,11,rdf:type sh:NodeShape|sh:datatype|sh:maxCount|sh:path|sh:property|sh:select|sh:target,
1170225250,tggo/goRDFlib,693073baa25133eb0d919208a8ca24688e50da89,testdata/dash-af/target/sparqlTargetType-001.test.ttl,extension:.ttl,2378,903bd2290f6f724777970721e27228d91a48c4e30a8390156f186a010698e7a1,fetched,parsed,turtle,true,2,0,9,1,15,rdf:type sh:NodeShape|sh:class|sh:nodeKind|sh:path|sh:select|sh:target,
1264773578,skunkworks-powerweave/ontology-app-substrate,769f060a3f9494ebd95b184860019f7c69e4c82e,examples/minimal/ontology/core.ttl,extension:.ttl,1831,da36bac2c274946b18d86e200af6b5785583132cbc3e65b6bd8f6a74698a440e,fetched,parsed,turtle,false,0,0,0,0,0,,
1264773578,skunkworks-powerweave/ontology-app-substrate,769f060a3f9494ebd95b184860019f7c69e4c82e,examples/minimal/ontology/extension.ttl,extension:.ttl,1429,5764e516fe52160c175783476570e7bbcbf161f9628bfcfa028ce5c93722d8c4,fetched,parsed,turtle,false,0,0,0,0,0,,
1264773578,skunkworks-powerweave/ontology-app-substrate,769f060a3f9494ebd95b184860019f7c69e4c82e,examples/minimal/ontology/shapes.ttl,extension:.ttl,845,c43a49946135e8fe4d015c0cf217265e27952651bf24cd7d8ea4300c2e2c1c20,fetched,parsed,turtle,true,1,0,8,0,1,rdf:type sh:NodeShape|sh:datatype|sh:maxCount|sh:minCount|sh:minLength|sh:path|sh:property|sh:targetClass,
1264773578,skunkworks-powerweave/ontology-app-substrate,769f060a3f9494ebd95b184860019f7c69e4c82e,src/ontology_app_substrate/ontology/core.ttl,extension:.ttl,1831,da36bac2c274946b18d86e200af6b5785583132cbc3e65b6bd8f6a74698a440e,fetched,parsed,turtle,false,0,0,0,0,0,,
1264773578,skunkworks-powerweave/ontology-app-substrate,769f060a3f9494ebd95b184860019f7c69e4c82e,src/ontology_app_substrate/ontology/extension.ttl,extension:.ttl,1429,5764e516fe52160c175783476570e7bbcbf161f9628bfcfa028ce5c93722d8c4,fetched,parsed,turtle,false,0,0,0,0,0,,
1264773578,skunkworks-powerweave/ontology-app-substrate,769f060a3f9494ebd95b184860019f7c69e4c82e,src/ontology_app_substrate/ontology/shapes.ttl,extension:.ttl,845,c43a49946135e8fe4d015c0cf217265e27952651bf24cd7d8ea4300c2e2c1c20,fetched,parsed,turtle,true,1,0,8,0,1,rdf:type sh:NodeShape|sh:datatype|sh:maxCount|sh:minCount|sh:minLength|sh:path|sh:property|sh:targetClass,
1329443517,Destivano/NORMA,f10ab53e02b2a98493d2d7de569edcbbf3320637,ontology/core/norma-core.ttl,extension:.ttl,22326,edbe0d686f66165b32d067eb507fd5a33ffb3844fc1bada496e4c6be506f3761,fetched,parsed,turtle,false,0,0,0,0,0,,
1329443517,Destivano/NORMA,f10ab53e02b2a98493d2d7de569edcbbf3320637,ontology/domain/adas.ttl,extension:.ttl,23855,40606709a7540d76ede0156ae6e1a35a76355858240f98a9c41b39dc8ae61c07,fetched,parsed,turtle,false,0,0,0,0,0,,
1329443517,Destivano/NORMA,f10ab53e02b2a98493d2d7de569edcbbf3320637,ontology/shapes/adas.shacl.ttl,extension:.ttl,10476,f815f4210f96e99aef09ecd4e1f21eb5b6828c3c136d4a123fcf247aae26feed,fetched,parsed,turtle,true,12,0,82,6,36,rdf:type sh:NodeShape|sh:class|sh:datatype|sh:maxCount|sh:minCount|sh:path|sh:pattern|sh:property|sh:select|sh:sparql|sh:targetClass|sh:uniqueLang,
1329443517,Destivano/NORMA,f10ab53e02b2a98493d2d7de569edcbbf3320637,ontology/shapes/core.shacl.ttl,extension:.ttl,8888,8872c708ffdc4951135679b229a403d139ac1342ba42d3ad44bc94022a87de86,fetched,parsed,turtle,true,7,0,91,4,40,rdf:type sh:NodeShape|sh:class|sh:datatype|sh:maxCount|sh:maxInclusive|sh:minCount|sh:minInclusive|sh:minLength|sh:path|sh:pattern|sh:property|sh:select|sh:sparql|sh:targetClass,
1329443517,Destivano/NORMA,f10ab53e02b2a98493d2d7de569edcbbf3320637,tests/ontology/fixtures/invalid_asil_mismatch.ttl,extension:.ttl,1304,9b00d5f4aeb80bd7d0cb9a59efdbed2f92a1622950a8345442b29114fce266db,fetched,parsed,turtle,false,0,0,0,0,0,,
1329443517,Destivano/NORMA,f10ab53e02b2a98493d2d7de569edcbbf3320637,tests/ontology/fixtures/invalid_component_cycle.ttl,extension:.ttl,946,c2ff055156564c9dca72178b27f20a97c2ad2a81d20d0d3cb892a5e54ddea8c0,fetched,parsed,turtle,false,0,0,0,0,0,,
1329443517,Destivano/NORMA,f10ab53e02b2a98493d2d7de569edcbbf3320637,tests/ontology/fixtures/invalid_confidence_range.ttl,extension:.ttl,1040,15a82650d9b279133ca823a3ab8038b6316b22cacb30bfa517aa01616a2b0143,fetched,parsed,turtle,false,0,0,0,0,0,,
1329443517,Destivano/NORMA,f10ab53e02b2a98493d2d7de569edcbbf3320637,tests/ontology/fixtures/invalid_mention_offsets.ttl,extension:.ttl,1020,537b8d45e364b5d262698a65c7139d6a9254329c735aa816ad5d85c5e1b29155,fetched,parsed,turtle,true,0,0,0,0,0,,
1329443517,Destivano/NORMA,f10ab53e02b2a98493d2d7de569edcbbf3320637,tests/ontology/fixtures/invalid_orphan_tsr.ttl,extension:.ttl,553,ac139b6b6f96b7d11632676e3726759385b11252e6c06ddc6f6a3b3cc620993a,fetched,parsed,turtle,false,0,0,0,0,0,,
1329443517,Destivano/NORMA,f10ab53e02b2a98493d2d7de569edcbbf3320637,tests/ontology/fixtures/valid_minimal.ttl,extension:.ttl,5924,e30308664063138cd594018ed5cd904b37083bee52f0bfecd88573902f20881a,fetched,parsed,turtle,false,0,0,0,0,0,,
1404007966,rudof-project/web-demo,746b7e8fe6facd757b063c3f190549b29de4a859,examples/jsonld/basic.jsonld,extension:.jsonld,488,19f7e6f2294d597ea75dbcf334b8d0a52d9befa7cff5ecf05fd3103828948707,fetched,not_parsed,,false,0,0,0,0,0,,
1404007966,rudof-project/web-demo,746b7e8fe6facd757b063c3f190549b29de4a859,examples/n3/basic.n3,extension:.n3,362,86daaed2712b2b47ad14babbf7220780e268045879febd292ee762f878c58913,fetched,not_parsed,,false,0,0,0,0,0,,
1404007966,rudof-project/web-demo,746b7e8fe6facd757b063c3f190549b29de4a859,examples/nquads/basic.nq,extension:.nq,402,666ca327f5abd0cf37ab8b6dbce39d5285a31e81fe059ff399511bfba7cbc389,fetched,not_parsed,,false,0,0,0,0,0,,
1404007966,rudof-project/web-demo,746b7e8fe6facd757b063c3f190549b29de4a859,examples/ntriples/basic.nt,extension:.nt,499,9f98871e58413cee0b684568c0f7c7362ca76cf6d8f40b28cb1be88595131e1c,fetched,not_parsed,,false,0,0,0,0,0,,
1404007966,rudof-project/web-demo,746b7e8fe6facd757b063c3f190549b29de4a859,examples/rdfxml/basic.rdf,extension:.rdf,617,ca7478ab36ffa58c49f89f2bf3fb1746bdcbb28c46e15cfb652f6ad68355cb05,fetched,not_parsed,,false,0,0,0,0,0,,
1404007966,rudof-project/web-demo,746b7e8fe6facd757b063c3f190549b29de4a859,examples/rdfxml/blank-nodes.rdf,extension:.rdf,747,1f0b414a4a11850cf0bea664b6e63eee85e511cb09b824554b1caabec562b1e3,fetched,not_parsed,,false,0,0,0,0,0,,
1404007966,rudof-project/web-demo,746b7e8fe6facd757b063c3f190549b29de4a859,examples/rdfxml/collections.rdf,extension:.rdf,866,b37c7fbcdf6e82c52047b4ebf04c490e338d36195978f696469ff83d0bc051f2,fetched,not_parsed,,false,0,0,0,0,0,,
1404007966,rudof-project/web-demo,746b7e8fe6facd757b063c3f190549b29de4a859,examples/rdfxml/literals.rdf,extension:.rdf,832,7015d6478eda5c24ccaff07537a485efbd6677af896a32ec50eaf83dcbf73001,fetched,not_parsed,,false,0,0,0,0,0,,
1404007966,rudof-project/web-demo,746b7e8fe6facd757b063c3f190549b29de4a859,examples/rdfxml/namespaces.rdf,extension:.rdf,786,afab97c33b5a5048a7bbb92d83a681460c8d1350b5e29db3ab848754a00730e9,fetched,not_parsed,,false,0,0,0,0,0,,
1404007966,rudof-project/web-demo,746b7e8fe6facd757b063c3f190549b29de4a859,examples/trig/trig.trig,extension:.trig,417,eed2f8dafd9577e61a343e8ecff4876a45b7e1cbc6758e14dadc1c06eb209cda,fetched,not_parsed,,false,0,0,0,0,0,,
1404007966,rudof-project/web-demo,746b7e8fe6facd757b063c3f190549b29de4a859,examples/turtle/basic.ttl,extension:.ttl,361,bde1bc77ff1db0386c58821c2573b3779b733580932d68b5dfcc0fac47abe397,fetched,not_parsed,,false,0,0,0,0,0,,
1404007966,rudof-project/web-demo,746b7e8fe6facd757b063c3f190549b29de4a859,examples/turtle/blank-nodes.ttl,extension:.ttl,336,d9a6097fcf300a84b4f3454fddc394f01ae7cd658fc68c4eec88242c62ebc8fb,fetched,not_parsed,,false,0,0,0,0,0,,
1404007966,rudof-project/web-demo,746b7e8fe6facd757b063c3f190549b29de4a859,examples/turtle/collections.ttl,extension:.ttl,211,54562517cf140b1e8bcd6ab0908bb44b40800762348bb853005c2d6313f3a9ae,fetched,not_parsed,,false,0,0,0,0,0,,
1404007966,rudof-project/web-demo,746b7e8fe6facd757b063c3f190549b29de4a859,examples/turtle/literals.ttl,extension:.ttl,451,a0d970bd4d8bcb93ae527a6f0f0e901fbd449610bd9ff2a5c90664b42fac655f,fetched,not_parsed,,false,0,0,0,0,0,,
1404007966,rudof-project/web-demo,746b7e8fe6facd757b063c3f190549b29de4a859,examples/turtle/prefixes.ttl,extension:.ttl,403,2f4b668e87e5ac07ae70d33c752ee2265d0cdd602a29f787781c1a9815e3e508,fetched,not_parsed,,false,0,0,0,0,0,,
559598694,pintonos/KGCBF,c4953e2d7397f162145ba6a4b931b8ae4d836e12,datasets/dbpedia.ttl,extension:.ttl,1750728,7504f4ffdc8e4e734bbc7cfcb1dba15691a6ff64161c3aa57bf7fc6282bdc7d8,fetched,parsed,turtle,false,0,0,0,0,0,,
559598694,pintonos/KGCBF,c4953e2d7397f162145ba6a4b931b8ae4d836e12,datasets/dbpedia_ontology.ttl,extension:.ttl,165,dae0d97f3aa5b0082e52c68b38d67f688467a5f8f0b4edac29d11c64da08284d,fetched,parsed,turtle,false,0,0,0,0,0,,
559598694,pintonos/KGCBF,c4953e2d7397f162145ba6a4b931b8ae4d836e12,datasets/factbench.ttl,extension:.ttl,1568178,4113121906f2ff0fb6778d1dadcd345e5d17ede864a3a6dfc25d2afc4a3c2347,fetched,parsed,turtle,false,0,0,0,0,0,,
559598694,pintonos/KGCBF,c4953e2d7397f162145ba6a4b931b8ae4d836e12,datasets/input.ttl,extension:.ttl,1059,3e44af3fa8d05133e781fab13cb9de807b908147a3f6ee241f2e66871f813e32,fetched,parsed,turtle,false,0,0,0,0,0,,
559598694,pintonos/KGCBF,c4953e2d7397f162145ba6a4b931b8ae4d836e12,datasets/input_ontology.ttl,extension:.ttl,308,7377f0fa433ea68cb4ea60f61ac46bf168634bebcdfb05cd8a27a80e931153df,fetched,parsed,turtle,false,0,0,0,0,0,,
559598694,pintonos/KGCBF,c4953e2d7397f162145ba6a4b931b8ae4d836e12,ontology_shacl.ttl,extension:.ttl,18985,791228b61bda205c5a21781b275f21bdf35215e11b0166f65ab518ece91de71a,fetched,parsed,turtle,true,62,45,355,0,0,rdf:type sh:NodeShape|rdf:type sh:PropertyShape|sh:class|sh:maxCount|sh:nodeKind|sh:path|sh:property|sh:targetSubjectsOf,
559598694,pintonos/KGCBF,c4953e2d7397f162145ba6a4b931b8ae4d836e12,owl2sh.ttl,extension:.ttl,36340,af2a8ca6803fbd7aa78c88b2aaa392a23043ee4eb4edcf05289a2c9a8f34c13d,fetched,parsed,turtle,true,1,0,6,30,149,rdf:type sh:NodeShape|sh:class|sh:construct|sh:path|sh:select|sh:target,
942657739,WSE-research/LLM-context-vs-training-experiment,0680409c410777f2d2d1bd96e21930cab9616871,data/answers.ttl,extension:.ttl,24024,12d7312d8a50e22c220d83fec4db29cee00cfe30ad80d41e78a2395c3945a871,fetched,parsed,turtle,false,0,0,0,0,0,,
942657739,WSE-research/LLM-context-vs-training-experiment,0680409c410777f2d2d1bd96e21930cab9616871,data/materials_de.ttl,extension:.ttl,18820,69d04d6553d11c62a89be295c7b6c4233ac0360593b1de0e39d22bf410570974,fetched,parsed,turtle,false,0,0,0,0,0,,
942657739,WSE-research/LLM-context-vs-training-experiment,0680409c410777f2d2d1bd96e21930cab9616871,data/materials_en.ttl,extension:.ttl,18727,6c702de9ac16395d6f2131b614923f1350e95ff74dbe3a22ee4e7b1446330bb9,fetched,parsed,turtle,false,0,0,0,0,0,,
942657739,WSE-research/LLM-context-vs-training-experiment,0680409c410777f2d2d1bd96e21930cab9616871,data/questions_de.ttl,extension:.ttl,66144,b24cfe90aaded90313bd3afc1c9936e1fdaa30a8f8bcd5272ab44c1a3aca7ca5,fetched,parsed,turtle,false,0,0,0,0,0,,
942657739,WSE-research/LLM-context-vs-training-experiment,0680409c410777f2d2d1bd96e21930cab9616871,data/questions_en.ttl,extension:.ttl,116467,4838ca6169754420269070d4f1c51a0829b878904633b40485fff8d3c4aaa5cf,fetched,parsed,turtle,false,0,0,0,0,0,,
942657739,WSE-research/LLM-context-vs-training-experiment,0680409c410777f2d2d1bd96e21930cab9616871,schema/shacl_constraints.ttl,extension:.ttl,6661,9f72bf0e101f16f9785dd69ea4767695e26f645ad4acff58ee23aaa78d7129ed,fetched,parsed,turtle,true,6,0,95,8,20,rdf:type sh:NodeShape|sh:class|sh:datatype|sh:maxCount|sh:maxInclusive|sh:minCount|sh:minInclusive|sh:path|sh:property|sh:select|sh:sparql|sh:targetClass,
942657739,WSE-research/LLM-context-vs-training-experiment,0680409c410777f2d2d1bd96e21930cab9616871,schema/sqare_schema.ttl,extension:.ttl,32935,38a02374146a6b113ce634b490a6ce6474fab21a39977768cd3a39e86eb97203,fetched,parsed,turtle,false,0,0,0,0,0,,
1127214035,Cnext-eu/kairos-ontology-toolkit,36d352c0b0a38e8e8765f52f678227cc6aeca130,.claude/skills/kairos-design-domain/exemplar-domain.shacl.ttl,extension:.ttl,3921,1fa5fe034ec8f30b84036657878e568f10b01b0956ae9c13780e9760c70d990d,fetched,parsed,turtle,true,2,0,18,0,6,rdf:type sh:NodeShape|sh:datatype|sh:in|sh:maxInclusive|sh:minCount|sh:minInclusive|sh:path|sh:property|sh:targetClass,
1127214035,Cnext-eu/kairos-ontology-toolkit,36d352c0b0a38e8e8765f52f678227cc6aeca130,.claude/skills/kairos-design-domain/exemplar-domain.ttl,extension:.ttl,13393,9fce265ac2fd1e2ce7fd06b2f14d9148db5a6ee44402603ad6f051298e4d28b0,fetched,parsed,turtle,false,0,0,0,0,0,,
1127214035,Cnext-eu/kairos-ontology-toolkit,36d352c0b0a38e8e8765f52f678227cc6aeca130,ontologies/sample.ttl,extension:.ttl,2083,8ffd686c729c9fcf0cd00f0dae44cf4a34ebc9eb8d9f52f899c446c70439b6d9,fetched,parsed,turtle,false,0,0,0,0,0,,
1127214035,Cnext-eu/kairos-ontology-toolkit,36d352c0b0a38e8e8765f52f678227cc6aeca130,src/kairos_ontology/scaffold/kairos-bronze.ttl,extension:.ttl,15383,0f7974389abdd8c29c93ae44645f44e9ab98a17e04b39cffc3a45519caea8c58,fetched,parsed,turtle,false,0,0,0,0,0,,
1127214035,Cnext-eu/kairos-ontology-toolkit,36d352c0b0a38e8e8765f52f678227cc6aeca130,src/kairos_ontology/scaffold/kairos-dbt-shapes.shacl.ttl,extension:.ttl,1072,360d5cf4bf0f5d268d469134bbcc1450966b41f9c014f5ac243b0a36ca7bb431,fetched,parsed,turtle,true,1,0,34,0,0,rdf:type sh:NodeShape|sh:hasValue|sh:in|sh:maxCount|sh:minCount|sh:nodeKind|sh:path|sh:pattern|sh:property|sh:targetClass,
1127214035,Cnext-eu/kairos-ontology-toolkit,36d352c0b0a38e8e8765f52f678227cc6aeca130,src/kairos_ontology/scaffold/kairos-dbt.ttl,extension:.ttl,3213,c76541b8873308b930ab8ac8d394b9dfcab7a8aa0522338dfe7aea0ee268f9cb,fetched,parsed,turtle,false,0,0,0,0,0,,
1127214035,Cnext-eu/kairos-ontology-toolkit,36d352c0b0a38e8e8765f52f678227cc6aeca130,src/kairos_ontology/scaffold/kairos-ddd-shapes.shacl.ttl,extension:.ttl,8528,291c661345e435dc1ad51066344e8daea49efdc02b936b164c062d49140f8e44,fetched,parsed,turtle,true,10,0,42,4,26,rdf:type sh:NodeShape|sh:class|sh:in|sh:maxCount|sh:minCount|sh:path|sh:property|sh:select|sh:sparql|sh:targetClass|sh:targetObjectsOf|sh:targetSubjectsOf,
1127214035,Cnext-eu/kairos-ontology-toolkit,36d352c0b0a38e8e8765f52f678227cc6aeca130,src/kairos_ontology/scaffold/kairos-ddd.ttl,extension:.ttl,11807,9826b171a7499de430dd2fcb982c9129575cc1fb4058568d83bb6dfc4f0b50a0,fetched,parsed,turtle,false,0,0,0,0,0,,
1127214035,Cnext-eu/kairos-ontology-toolkit,36d352c0b0a38e8e8765f52f678227cc6aeca130,src/kairos_ontology/scaffold/kairos-ext-shapes.shacl.ttl,extension:.ttl,30389,7ac0647912374307c7a0a28e3a0d366c672028f5120c6ba1ba8aa495c0f62397,fetched,parsed,turtle,true,15,0,492,46,24,rdf:type sh:NodeShape|sh:class|sh:datatype|sh:hasValue|sh:in|sh:maxCount|sh:maxInclusive|sh:minCount|sh:minInclusive|sh:node|sh:path|sh:pattern|sh:property|sh:select|sh:sparql|sh:targetClass|sh:targetObjectsOf|sh:targetSubjectsOf,
1127214035,Cnext-eu/kairos-ontology-toolkit,36d352c0b0a38e8e8765f52f678227cc6aeca130,src/kairos_ontology/scaffold/kairos-ext.ttl,extension:.ttl,55616,1b1f7c7a6a8543190eebd2d8baa2d728e605a3fd30a1f13d78341780a9cd73fa,fetched,parsed,turtle,true,0,0,0,0,0,,
1127214035,Cnext-eu/kairos-ontology-toolkit,36d352c0b0a38e8e8765f52f678227cc6aeca130,src/kairos_ontology/scaffold/kairos-map-shapes.shacl.ttl,extension:.ttl,7212,c94957988e609d43ab470f8064c75380ccd9bab45ae8944820b600a4d32bac48,fetched,parsed,turtle,true,10,0,164,2,1,rdf:type sh:NodeShape|sh:datatype|sh:hasValue|sh:in|sh:maxCount|sh:minCount|sh:nodeKind|sh:path|sh:property|sh:select|sh:sparql|sh:targetClass,
1127214035,Cnext-eu/kairos-ontology-toolkit,36d352c0b0a38e8e8765f52f678227cc6aeca130,src/kairos_ontology/scaffold/kairos-map.ttl,extension:.ttl,7806,f3a0fa9b5cf3cbb0a0d5d0eafbaa7406de83a98ebca07b3dede3f172e48272c1,fetched,parsed,turtle,false,0,0,0,0,0,,
1127214035,Cnext-eu/kairos-ontology-toolkit,36d352c0b0a38e8e8765f52f678227cc6aeca130,src/kairos_ontology/scaffold/kairos-mdm.ttl,extension:.ttl,11134,7be877f7d17fc031d8791615972b6238a5942804f37a1741093a8b1bbcf8dfe2,fetched,parsed,turtle,false,0,0,0,0,0,,
1127214035,Cnext-eu/kairos-ontology-toolkit,36d352c0b0a38e8e8765f52f678227cc6aeca130,src/kairos_ontology/scaffold/ontology-hub/businessdiscovery/glossary-template.ttl,extension:.ttl,2324,dad91fa3ddfc5791a6396926bfc089bb0e07c8ff4519a208b897012c238cf831,fetched,parsed,turtle,false,0,0,0,0,0,,
1127214035,Cnext-eu/kairos-ontology-toolkit,36d352c0b0a38e8e8765f52f678227cc6aeca130,src/kairos_ontology/scaffold/skills/kairos-design-domain/exemplar-domain.shacl.ttl,extension:.ttl,3921,1fa5fe034ec8f30b84036657878e568f10b01b0956ae9c13780e9760c70d990d,fetched,parsed,turtle,true,2,0,18,0,6,rdf:type sh:NodeShape|sh:datatype|sh:in|sh:maxInclusive|sh:minCount|sh:minInclusive|sh:path|sh:property|sh:targetClass,
1127214035,Cnext-eu/kairos-ontology-toolkit,36d352c0b0a38e8e8765f52f678227cc6aeca130,src/kairos_ontology/scaffold/skills/kairos-design-domain/exemplar-domain.ttl,extension:.ttl,13393,9fce265ac2fd1e2ce7fd06b2f14d9148db5a6ee44402603ad6f051298e4d28b0,fetched,parsed,turtle,false,0,0,0,0,0,,
1127214035,Cnext-eu/kairos-ontology-toolkit,36d352c0b0a38e8e8765f52f678227cc6aeca130,tests/scenarios/acme-hub/integration/sources/adminpulse/adminpulse.vocabulary.ttl,extension:.ttl,9393,f006a205cea60c7ace582fd1592f8cc57903b9af74b84d83c47f5141841b8a33,fetched,parsed,turtle,false,0,0,0,0,0,,
1127214035,Cnext-eu/kairos-ontology-toolkit,36d352c0b0a38e8e8765f52f678227cc6aeca130,tests/scenarios/acme-hub/integration/sources/billingpro/billingpro.vocabulary.ttl,extension:.ttl,9444,534467d5bc7d30490b06cf7a57727768c90b7212efa103d56f96bc7faf5a1ee7,fetched,parsed,turtle,false,0,0,0,0,0,,
1127214035,Cnext-eu/kairos-ontology-toolkit,36d352c0b0a38e8e8765f52f678227cc6aeca130,tests/scenarios/acme-hub/integration/sources/crmsystem/crmsystem.vocabulary.ttl,extension:.ttl,2240,98a8c38788c5562809087b2fc9fe9f86484ae6fc1533ba250cd1e11f70713ace,fetched,parsed,turtle,false,0,0,0,0,0,,
1127214035,Cnext-eu/kairos-ontology-toolkit,36d352c0b0a38e8e8765f52f678227cc6aeca130,tests/scenarios/acme-hub/integration/sources/logisticspro/logisticspro.vocabulary.ttl,extension:.ttl,2360,6a2a72cedd0443ba7d66f52c0f93486bb26097b227473c3504f38bc4966e1df6,fetched,parsed,turtle,false,0,0,0,0,0,,
1127214035,Cnext-eu/kairos-ontology-toolkit,36d352c0b0a38e8e8765f52f678227cc6aeca130,tests/scenarios/acme-hub/model/extensions/client-ddd-ext.ttl,extension:.ttl,1906,09c0576df9e85e95ac2a6a6d2df6f389480d097a8ed9a9cc368d03167d442d41,fetched,parsed,turtle,false,0,0,0,0,0,,
1127214035,Cnext-eu/kairos-ontology-toolkit,36d352c0b0a38e8e8765f52f678227cc6aeca130,tests/scenarios/acme-hub/model/extensions/client-gold-ext.ttl,extension:.ttl,1645,d957f5152e8b2ef2db3ed5e55aebb0e2b8a962166e9e4acac188ea3cb7298225,fetched,parsed,turtle,false,0,0,0,0,0,,
1127214035,Cnext-eu/kairos-ontology-toolkit,36d352c0b0a38e8e8765f52f678227cc6aeca130,tests/scenarios/acme-hub/model/extensions/client-mdm-ext.ttl,extension:.ttl,3422,8c411faf536c04baa996b129a0d1e1dfaa909a5dc2e57046d9c031451bf270ec,fetched,parsed,turtle,false,0,0,0,0,0,,
1127214035,Cnext-eu/kairos-ontology-toolkit,36d352c0b0a38e8e8765f52f678227cc6aeca130,tests/scenarios/acme-hub/model/extensions/client-silver-ext.ttl,extension:.ttl,10882,5a56d62a676c4695425d8d98a6fad8345dd303bdab488b3c834adead65f2a131,fetched,parsed,turtle,false,0,0,0,0,0,,
1127214035,Cnext-eu/kairos-ontology-toolkit,36d352c0b0a38e8e8765f52f678227cc6aeca130,tests/scenarios/acme-hub/model/extensions/ddd-contexts-ext.ttl,extension:.ttl,1613,adf7c1f4c749c36fbbbb484f17079726597df8a523e22a730442432f339a9fb6,fetched,parsed,turtle,false,0,0,0,0,0,,
1127214035,Cnext-eu/kairos-ontology-toolkit,36d352c0b0a38e8e8765f52f678227cc6aeca130,tests/scenarios/acme-hub/model/extensions/invoice-ddd-ext.ttl,extension:.ttl,1622,e59a94d72206ef6f25c3f24f71f8514108d2dafb6f8a11ad9ca970abb4a1099e,fetched,parsed,turtle,false,0,0,0,0,0,,
1127214035,Cnext-eu/kairos-ontology-toolkit,36d352c0b0a38e8e8765f52f678227cc6aeca130,tests/scenarios/acme-hub/model/extensions/invoice-gold-ext.ttl,extension:.ttl,3912,b1f10f4fb0381b1a6f4c24e46828e12306f68f9433b7e7536bcfb33ae930a818,fetched,parsed,turtle,false,0,0,0,0,0,,
1127214035,Cnext-eu/kairos-ontology-toolkit,36d352c0b0a38e8e8765f52f678227cc6aeca130,tests/scenarios/acme-hub/model/extensions/invoice-silver-ext.ttl,extension:.ttl,10303,c815ae0b54c4b3a01bb2c974cee3092be379d1eb93ee358c9925de1d33c1bf5d,fetched,parsed,turtle,false,0,0,0,0,0,,
1127214035,Cnext-eu/kairos-ontology-toolkit,36d352c0b0a38e8e8765f52f678227cc6aeca130,tests/scenarios/acme-hub/model/extensions/logistics-gold-ext.ttl,extension:.ttl,1004,0b9cd4308b45cfef66c1f484d480c33b4d7185ef20f6d49c2e585e5427b0f017,fetched,parsed,turtle,false,0,0,0,0,0,,
1127214035,Cnext-eu/kairos-ontology-toolkit,36d352c0b0a38e8e8765f52f678227cc6aeca130,tests/scenarios/acme-hub/model/extensions/logistics-silver-ext.ttl,extension:.ttl,4300,6f29cd94e1086374419895b1434c0f271b0168088384a663ac328ef54754870f,fetched,parsed,turtle,false,0,0,0,0,0,,
1127214035,Cnext-eu/kairos-ontology-toolkit,36d352c0b0a38e8e8765f52f678227cc6aeca130,tests/scenarios/acme-hub/model/mappings/adminpulse-to-client.ttl,extension:.ttl,14915,6f748f47fb498148d9be75b4b4e786089e766d15c76312ca7180a3f04b03d9e6,fetched,parsed,turtle,false,0,0,0,0,0,,
1127214035,Cnext-eu/kairos-ontology-toolkit,36d352c0b0a38e8e8765f52f678227cc6aeca130,tests/scenarios/acme-hub/model/mappings/billingpro-to-invoice.ttl,extension:.ttl,12991,e9d5053cdf212d911ee1df7870461a1ccd36c840d7f4b2722c157d6537164faf,fetched,parsed,turtle,false,0,0,0,0,0,,
1127214035,Cnext-eu/kairos-ontology-toolkit,36d352c0b0a38e8e8765f52f678227cc6aeca130,tests/scenarios/acme-hub/model/mappings/crmsystem-to-client.ttl,extension:.ttl,1460,d5d957755b7232b330e8d06af16d74e8a28758dd03963f4c0de66d7c8043bad0,fetched,parsed,turtle,false,0,0,0,0,0,,
1127214035,Cnext-eu/kairos-ontology-toolkit,36d352c0b0a38e8e8765f52f678227cc6aeca130,tests/scenarios/acme-hub/model/mappings/logisticspro-to-logistics.ttl,extension:.ttl,1831,9bbb7a38c86c02fc75b9c98e561b03ebe5aa7c6fe6b80fa8a067786edf299d88,fetched,parsed,turtle,false,0,0,0,0,0,,
1127214035,Cnext-eu/kairos-ontology-toolkit,36d352c0b0a38e8e8765f52f678227cc6aeca130,tests/scenarios/acme-hub/model/ontologies/_refmodel-party.ttl,extension:.ttl,3082,c6b0dc23d79cd5be7dcfd55c278fc29daa2dd731fc77a8c097a2e602962b2b78,fetched,parsed,turtle,false,0,0,0,0,0,,
1127214035,Cnext-eu/kairos-ontology-toolkit,36d352c0b0a38e8e8765f52f678227cc6aeca130,tests/scenarios/acme-hub/model/ontologies/client.ttl,extension:.ttl,7526,c750d5d6c51ee5328bcc5c5bdae3813ae777badafecc796494d9ddff087fce9f,fetched,parsed,turtle,false,0,0,0,0,0,,
1127214035,Cnext-eu/kairos-ontology-toolkit,36d352c0b0a38e8e8765f52f678227cc6aeca130,tests/scenarios/acme-hub/model/ontologies/invoice.ttl,extension:.ttl,5800,13d0593f56a353ce157ff960639d74c1f74dfc37d90fa23172e6e2ba94e8ccca,fetched,parsed,turtle,false,0,0,0,0,0,,
1127214035,Cnext-eu/kairos-ontology-toolkit,36d352c0b0a38e8e8765f52f678227cc6aeca130,tests/scenarios/acme-hub/model/ontologies/logistics.ttl,extension:.ttl,2250,dd12607bd595118b449bcbd1e7cfc7a2a1f84217861b69ff60a2d21c89602086,fetched,parsed,turtle,false,0,0,0,0,0,,
1127214035,Cnext-eu/kairos-ontology-toolkit,36d352c0b0a38e8e8765f52f678227cc6aeca130,tests/scenarios/acme-hub/model/reference-models/fibo/FND/Parties/Parties.rdf,extension:.rdf,754,a6aa6a88dc0520d465c8305f931024ed1043e30a21161e527f1f2d47726466f0,fetched,parsed,xml,false,0,0,0,0,0,,
1127214035,Cnext-eu/kairos-ontology-toolkit,36d352c0b0a38e8e8765f52f678227cc6aeca130,tests/scenarios/acme-hub/model/reference-models/kairos-ref-party.ttl,extension:.ttl,3965,2269850f64a2eba375de5f0edd8e7df7b892800ff88681aa40ff593d31d0ce30,fetched,parsed,turtle,false,0,0,0,0,0,,
1127214035,Cnext-eu/kairos-ontology-toolkit,36d352c0b0a38e8e8765f52f678227cc6aeca130,tests/scenarios/acme-hub/model/shapes/client-shapes.ttl,extension:.ttl,1732,7f5ec2d0ff1eb0f414bc9277a64b5ff2b74aaad059d930948acd9e850d3d11f9,fetched,parsed,turtle,true,4,0,45,0,0,rdf:type sh:NodeShape|sh:datatype|sh:maxCount|sh:minCount|sh:minLength|sh:path|sh:pattern|sh:property|sh:targetClass,
1127214035,Cnext-eu/kairos-ontology-toolkit,36d352c0b0a38e8e8765f52f678227cc6aeca130,tests/scenarios/acme-hub/model/shapes/invoice-shapes.ttl,extension:.ttl,1539,15f039d436b65fdcacae1a2f66dd3d7bdc6fdba7ea25edde1ecab3134281bcd5,fetched,parsed,turtle,true,3,0,38,0,0,rdf:type sh:NodeShape|sh:datatype|sh:maxCount|sh:minCount|sh:minInclusive|sh:path|sh:property|sh:targetClass,
1127214035,Cnext-eu/kairos-ontology-toolkit,36d352c0b0a38e8e8765f52f678227cc6aeca130,tests/scenarios/fixtures/silver-first/selected-bindings.ttl,extension:.ttl,4145,bba1f16562cc0d416efebba30d5a6129aef7e8fb38f118d4545399f1577009b7,fetched,parsed,turtle,false,0,0,0,0,0,,
1127214035,Cnext-eu/kairos-ontology-toolkit,36d352c0b0a38e8e8765f52f678227cc6aeca130,tests/scenarios/relationship-proposal-hub/model/ontologies/ref.ttl,extension:.ttl,302,87e6836fe46a4d6001871127d08816e22999aed9dac5c2e7dcfa7ece14c5d461,fetched,parsed,turtle,false,0,0,0,0,0,,
1127214035,Cnext-eu/kairos-ontology-toolkit,36d352c0b0a38e8e8765f52f678227cc6aeca130,tests/scenarios/relationship-proposal-hub/model/ontologies/sales.ttl,extension:.ttl,1296,3baff1a8b1cc369df49f2d186b9368169d97ebf08fa5b4b3587710a153f6397f,fetched,parsed,turtle,false,0,0,0,0,0,,
1127214035,Cnext-eu/kairos-ontology-toolkit,36d352c0b0a38e8e8765f52f678227cc6aeca130,tests/scenarios/v5-governed-hub/integration/sources/crm/crm.vocabulary.ttl,extension:.ttl,798,38950c02762a94478fc2f1d294749958d38b357e2e9b95cc3f9154b681d99711,fetched,parsed,turtle,false,0,0,0,0,0,,
1127214035,Cnext-eu/kairos-ontology-toolkit,36d352c0b0a38e8e8765f52f678227cc6aeca130,tests/scenarios/v5-governed-hub/model/extensions/party-gold-ext.ttl,extension:.ttl,503,7840cf9da098a98adedcb3e426a16fe0556c11d507ce9abc624caddba005d05e,fetched,parsed,turtle,false,0,0,0,0,0,,
1127214035,Cnext-eu/kairos-ontology-toolkit,36d352c0b0a38e8e8765f52f678227cc6aeca130,tests/scenarios/v5-governed-hub/model/extensions/party-mdm-ext.ttl,extension:.ttl,266,9cdb17fff463a0cff94c0a6c7c3a72eba30c7231816fb5841bf94e99fdfe157e,fetched,parsed,turtle,false,0,0,0,0,0,,
1127214035,Cnext-eu/kairos-ontology-toolkit,36d352c0b0a38e8e8765f52f678227cc6aeca130,tests/scenarios/v5-governed-hub/model/ontologies/party.ttl,extension:.ttl,701,ee5006ac5de28956fbd703befacda793ac7b56f9adef2b22fcf236d94dd09ad3,fetched,parsed,turtle,false,0,0,0,0,0,,
1127214035,Cnext-eu/kairos-ontology-toolkit,36d352c0b0a38e8e8765f52f678227cc6aeca130,tests/scenarios/v5-hub/integration/sources/crm/crm.vocabulary.ttl,extension:.ttl,3482,71f84cfb90cc72e1aefa60a1442df91e78983a16572a6e77be32006890a8e0a5,fetched,parsed,turtle,false,0,0,0,0,0,,
1127214035,Cnext-eu/kairos-ontology-toolkit,36d352c0b0a38e8e8765f52f678227cc6aeca130,tests/scenarios/v5-hub/integration/sources/erp/erp.vocabulary.ttl,extension:.ttl,948,0f3832f50ff6dd57a0f504f147afa42c1482b9debea56c5e7d8239698c20a3e7,fetched,parsed,turtle,false,0,0,0,0,0,,
1127214035,Cnext-eu/kairos-ontology-toolkit,36d352c0b0a38e8e8765f52f678227cc6aeca130,tests/scenarios/v5-hub/model/ontologies/party.ttl,extension:.ttl,1020,be46fbfa720a90237d194c107029bfc160865be2f66f08998da4f6289d53d599,fetched,parsed,turtle,false,0,0,0,0,0,,
1127214035,Cnext-eu/kairos-ontology-toolkit,36d352c0b0a38e8e8765f52f678227cc6aeca130,tests/scenarios/v5-product-hub/integration/sources/crm/crm.vocabulary.ttl,extension:.ttl,3694,a716f1009e95afae63177a5971f2c6b10937f8552ee40ea29efa2b042950f406,fetched,parsed,turtle,false,0,0,0,0,0,,
1127214035,Cnext-eu/kairos-ontology-toolkit,36d352c0b0a38e8e8765f52f678227cc6aeca130,tests/scenarios/v5-product-hub/integration/sources/erp/erp.vocabulary.ttl,extension:.ttl,1722,16758c4d6c543c8bf9511eb31019191713c06e84cd6f9a86a881b4c3742e80d5,fetched,parsed,turtle,false,0,0,0,0,0,,
1127214035,Cnext-eu/kairos-ontology-toolkit,36d352c0b0a38e8e8765f52f678227cc6aeca130,tests/scenarios/v5-product-hub/model/ontologies/billing.ttl,extension:.ttl,1335,5d27269a9edb0192b1e868c45872b5f859a8824a7617461ac0ca5bbc360d1ed5,fetched,parsed,turtle,false,0,0,0,0,0,,
1127214035,Cnext-eu/kairos-ontology-toolkit,36d352c0b0a38e8e8765f52f678227cc6aeca130,tests/scenarios/v5-product-hub/model/ontologies/party.ttl,extension:.ttl,1117,cffad26d7e02fad2f341fdff4b333532ff86662e1b71ba3cb9efee1ac438e7b9,fetched,parsed,turtle,false,0,0,0,0,0,,
1283403140,CarbonSigProductHub/comet-carbonsig,5e5b8ba99434ef305c1367b0353e0d48ada5f22c,catalog-v001.xml,sniff:rdfxml,8777,87e614310bf79e6d3b6872a7025f30a9765140de6a4182b67dfca09c5caf9fc3,fetched,parse_error,xml,false,0,0,0,0,0,,ParserError: None:142:31: Repeat node-elements inside property elements: urn:oasis:names:tc:entity:xmlns:xml:catalogprefer
1283403140,CarbonSigProductHub/comet-carbonsig,5e5b8ba99434ef305c1367b0353e0d48ada5f22c,comet-context.jsonld,extension:.jsonld,14081,3eab968f77148217f8ea1ca038cc97f831c02a5108cbc43e32bbadf75bdd3192,fetched,parsed,json-ld,true,0,0,0,0,0,,
1283403140,CarbonSigProductHub/comet-carbonsig,5e5b8ba99434ef305c1367b0353e0d48ada5f22c,ext/aluminium-asi/alignments/comet-cbam-alignment.ttl,extension:.ttl,3600,d2f2a59151827e0293febb17ff94be3e9fd4f208cfc9512e4a216fdc39b27ffa,fetched,parsed,turtle,false,0,0,0,0,0,,
1283403140,CarbonSigProductHub/comet-carbonsig,5e5b8ba99434ef305c1367b0353e0d48ada5f22c,ext/aluminium-asi/comet-ext-aluminium-asi-shapes.ttl,extension:.ttl,5751,cb9ac253e18ebc5bc59c5b369c03efc5604c3a48af4807ca5c462e75ccc9f4d4,fetched,parsed,turtle,true,7,0,82,0,15,rdf:type sh:NodeShape|sh:class|sh:datatype|sh:maxCount|sh:maxInclusive|sh:minCount|sh:minExclusive|sh:minInclusive|sh:path|sh:property|sh:targetClass,
1283403140,CarbonSigProductHub/comet-carbonsig,5e5b8ba99434ef305c1367b0353e0d48ada5f22c,ext/aluminium-asi/comet-ext-aluminium-asi.ttl,extension:.ttl,19213,ec5955caf607b0d9c9bed9c3020741d2c5392cd4a938eeb52a7b224f1f09c894,fetched,parsed,turtle,false,0,0,0,0,0,,
1283403140,CarbonSigProductHub/comet-carbonsig,5e5b8ba99434ef305c1367b0353e0d48ada5f22c,ext/aluminium-asi/tests/data/example-south32-coc.ttl,extension:.ttl,2781,f3e9431e394a291e1af4e608a13b6fcbe4edd390675d4ef8070fad976ab8d80a,fetched,parsed,turtle,false,0,0,0,0,0,,
1283403140,CarbonSigProductHub/comet-carbonsig,5e5b8ba99434ef305c1367b0353e0d48ada5f22c,ext/carbonsig/alignments/comet-verifierexport-alignment.ttl,extension:.ttl,31080,6143e48aa01c9e088c4feccaf4f534b46efa12cd5603a92cc1b8289f1e79b24a,fetched,parsed,turtle,false,0,0,0,0,0,,
1283403140,CarbonSigProductHub/comet-carbonsig,5e5b8ba99434ef305c1367b0353e0d48ada5f22c,ext/irec-e/alignments/comet-irec-evident-alignment.ttl,extension:.ttl,6717,612285932b7fa50c845f11939a12f9d88a1665212c7beebb6cd92ab2e03b225e,fetched,parsed,turtle,false,0,0,0,0,0,,
1283403140,CarbonSigProductHub/comet-carbonsig,5e5b8ba99434ef305c1367b0353e0d48ada5f22c,ext/irec-e/comet-ext-irec-e-shapes.ttl,extension:.ttl,7989,e412ba8062e78d277ea4cbc29f61c720d63f93cdd11250b46542faf08b23b0fd,fetched,parsed,turtle,true,6,0,95,6,18,rdf:type sh:NodeShape|sh:datatype|sh:in|sh:maxCount|sh:minCount|sh:minInclusive|sh:path|sh:property|sh:select|sh:sparql|sh:targetClass,
1283403140,CarbonSigProductHub/comet-carbonsig,5e5b8ba99434ef305c1367b0353e0d48ada5f22c,ext/irec-e/comet-ext-irec-e.ttl,extension:.ttl,27365,06b55f3fd3b243f51c1dbbb3a99ee2465fedf3770bd86f5e6294d9cb7d6b3836,fetched,parsed,turtle,false,0,0,0,0,0,,
1283403140,CarbonSigProductHub/comet-carbonsig,5e5b8ba99434ef305c1367b0353e0d48ada5f22c,ext/irec-e/examples/irec-e-certificate.comet.json,sniff:jsonld,2295,ae987ef3771fd81110732132f24412305578d079e890e8b8537e83e253e9123f,fetched,parse_error,json-ld,false,0,0,0,0,0,,URLError: <urlopen error [Errno -2] Name or service not known>
1283403140,CarbonSigProductHub/comet-carbonsig,5e5b8ba99434ef305c1367b0353e0d48ada5f22c,ext/irec-e/tests/data/example-irec-invalid.ttl,extension:.ttl,2130,40d6130106a029f52f154dc8b8052bd0ba5f948a5d57061ea880a0b9bf29360b,fetched,parsed,turtle,false,0,0,0,0,0,,
1283403140,CarbonSigProductHub/comet-carbonsig,5e5b8ba99434ef305c1367b0353e0d48ada5f22c,ext/irec-e/tests/data/example-irec-valid.ttl,extension:.ttl,7186,918492831cee3749e663b7a112ee1a19da180295082e3678e1b680d0d9516522,fetched,parsed,turtle,false,0,0,0,0,0,,
1283403140,CarbonSigProductHub/comet-carbonsig,5e5b8ba99434ef305c1367b0353e0d48ada5f22c,ext/iso14068/comet-ext-iso14068.ttl,extension:.ttl,30064,2cd7b875f696a72d43c9cf0825ee556c691d2a352a27705d37be785e4d339904,fetched,parsed,turtle,false,0,0,0,0,0,,
1283403140,CarbonSigProductHub/comet-carbonsig,5e5b8ba99434ef305c1367b0353e0d48ada5f22c,ext/pcr-japan/comet-ext-pcr-japan-shapes.ttl,extension:.ttl,3437,8ec3f559ca620f747ea2d7e97c212f40353af6623fbb19507e34ea9a956bae75,fetched,parsed,turtle,true,2,0,35,0,10,rdf:type sh:NodeShape|sh:class|sh:datatype|sh:hasValue|sh:languageIn|sh:maxCount|sh:minCount|sh:nodeKind|sh:path|sh:pattern|sh:property|sh:targetClass,
1283403140,CarbonSigProductHub/comet-carbonsig,5e5b8ba99434ef305c1367b0353e0d48ada5f22c,ext/pcr-japan/comet-ext-pcr-japan.ttl,extension:.ttl,16219,9270980fae23a8377e4a0e85d17c7adea5d28b99a87abce327c432159ee9bcc4,fetched,parsed,turtle,false,0,0,0,0,0,,
1283403140,CarbonSigProductHub/comet-carbonsig,5e5b8ba99434ef305c1367b0353e0d48ada5f22c,ext/pcr-japan/examples/cement-pcr.ttl,extension:.ttl,3684,a17e97402016d84afe6d360e57e3a2e3cc5d3618518d641e1de4c2d4faa05622,fetched,parsed,turtle,false,0,0,0,0,0,,
1283403140,CarbonSigProductHub/comet-carbonsig,5e5b8ba99434ef305c1367b0353e0d48ada5f22c,ext/pcr-japan/labels/labels-ja.ttl,extension:.ttl,18579,b0f0669fd87cfc2c7c6ce8293626dc6a4d12def359fb9e6a852c98c529863a82,fetched,parsed,turtle,false,0,0,0,0,0,,
1283403140,CarbonSigProductHub/comet-carbonsig,5e5b8ba99434ef305c1367b0353e0d48ada5f22c,ext/responsiblesteel/alignments/comet-cbam-alignment.ttl,extension:.ttl,7909,3562f38e4c6d5529d0a4a563f2100bdbbcfbc820e565646e57605c1d76e3dd1c,fetched,parsed,turtle,false,0,0,0,0,0,,
1283403140,CarbonSigProductHub/comet-carbonsig,5e5b8ba99434ef305c1367b0353e0d48ada5f22c,ext/responsiblesteel/alignments/comet-esrs-alignment.ttl,extension:.ttl,11823,46c77c7933f79f358aa4ff97e5c675ec911a34e5a8eb49c31c974b134f47261c,fetched,parsed,turtle,false,0,0,0,0,0,,
1283403140,CarbonSigProductHub/comet-carbonsig,5e5b8ba99434ef305c1367b0353e0d48ada5f22c,ext/responsiblesteel/alignments/comet-ghgprotocol-alignment.ttl,extension:.ttl,16098,f634220e7b7d6828940a23065873820b107bda9acd2036909017a39d7f466e5d,fetched,parsed,turtle,false,0,0,0,0,0,,
1283403140,CarbonSigProductHub/comet-carbonsig,5e5b8ba99434ef305c1367b0353e0d48ada5f22c,ext/responsiblesteel/alignments/comet-pact-alignment.ttl,extension:.ttl,5763,f39d819ce7ceb0065abdbb8367905252d970f243031bf220098ec543fd01f763,fetched,parsed,turtle,false,0,0,0,0,0,,
1283403140,CarbonSigProductHub/comet-carbonsig,5e5b8ba99434ef305c1367b0353e0d48ada5f22c,ext/responsiblesteel/comet-ext-responsiblesteel-shapes.ttl,extension:.ttl,14639,602f2d9e8a29149de7b707e61b726fab2d1068f1fa31f7acd130d019938e7b38,fetched,parsed,turtle,true,30,0,258,0,40,rdf:type sh:NodeShape|sh:class|sh:datatype|sh:in|sh:maxCount|sh:maxInclusive|sh:minCount|sh:minExclusive|sh:minInclusive|sh:path|sh:pattern|sh:property|sh:targetClass,
1283403140,CarbonSigProductHub/comet-carbonsig,5e5b8ba99434ef305c1367b0353e0d48ada5f22c,ext/responsiblesteel/comet-ext-responsiblesteel.ttl,extension:.ttl,44940,79d93a5fe58f002ef375d43c58ee97a090bb1b18728d5cc0006fea0b1a51687b,fetched,parsed,turtle,false,0,0,0,0,0,,
1283403140,CarbonSigProductHub/comet-carbonsig,5e5b8ba99434ef305c1367b0353e0d48ada5f22c,ext/responsiblesteel/labels/labels-ar.ttl,extension:.ttl,6272,c9a80d8d31ab1f4ad339403f0eedfcee6780ceac70cfaa4cfc9f47f16e35fa79,fetched,parsed,turtle,false,0,0,0,0,0,,
1283403140,CarbonSigProductHub/comet-carbonsig,5e5b8ba99434ef305c1367b0353e0d48ada5f22c,ext/responsiblesteel/labels/labels-de.ttl,extension:.ttl,5611,1f49fc5b8491e65821bcd8dd1dcdbb29aa3479057f1a5712c7db4ab034ac6ff7,fetched,parsed,turtle,false,0,0,0,0,0,,
1283403140,CarbonSigProductHub/comet-carbonsig,5e5b8ba99434ef305c1367b0353e0d48ada5f22c,ext/responsiblesteel/labels/labels-es.ttl,extension:.ttl,5870,dc13db5a932f5d80649ce52fb86b5ec6b713973975cfc7b7916e4cc8975664d7,fetched,parsed,turtle,false,0,0,0,0,0,,
1283403140,CarbonSigProductHub/comet-carbonsig,5e5b8ba99434ef305c1367b0353e0d48ada5f22c,ext/responsiblesteel/labels/labels-fr.ttl,extension:.ttl,5758,d26b6e43937ed83e652fa5ea850d2df1bdf03cff9558649a5403f96722bf7b6f,fetched,parsed,turtle,false,0,0,0,0,0,,
1283403140,CarbonSigProductHub/comet-carbonsig,5e5b8ba99434ef305c1367b0353e0d48ada5f22c,ext/responsiblesteel/labels/labels-hi.ttl,extension:.ttl,7701,1bd969b46bc285e2a95c166c241827cd1d011d15d18cd6b9ba274853c45e37d0,fetched,parsed,turtle,false,0,0,0,0,0,,
1283403140,CarbonSigProductHub/comet-carbonsig,5e5b8ba99434ef305c1367b0353e0d48ada5f22c,ext/responsiblesteel/labels/labels-ja.ttl,extension:.ttl,5522,175ed400254c925aecfcb91025ea0e64b8d99edc0d3e1cd03486b99183a4658e,fetched,parsed,turtle,false,0,0,0,0,0,,
1283403140,CarbonSigProductHub/comet-carbonsig,5e5b8ba99434ef305c1367b0353e0d48ada5f22c,ext/responsiblesteel/labels/labels-ko.ttl,extension:.ttl,5329,dc95eae962c26017fc48cc6c1b34c5fa7f5b12ca949a5f23a056e81eae5cd1bd,fetched,parsed,turtle,false,0,0,0,0,0,,
1283403140,CarbonSigProductHub/comet-carbonsig,5e5b8ba99434ef305c1367b0353e0d48ada5f22c,ext/responsiblesteel/labels/labels-pt.ttl,extension:.ttl,5913,074de0d642b21c05bdbf9adf9866b2da282a8954fcc1ac088d3d18d4b4c0b429,fetched,parsed,turtle,false,0,0,0,0,0,,
1283403140,CarbonSigProductHub/comet-carbonsig,5e5b8ba99434ef305c1367b0353e0d48ada5f22c,ext/responsiblesteel/labels/labels-zh.ttl,extension:.ttl,5651,74e83fd3f74e4e777e6b2a082d3c8b0da7f2d581f9edf9836376828c76ebe97b,fetched,parsed,turtle,false,0,0,0,0,0,,
1283403140,CarbonSigProductHub/comet-carbonsig,5e5b8ba99434ef305c1367b0353e0d48ada5f22c,ext/responsiblesteel/tests/data/example-bf-bof-site.ttl,extension:.ttl,5189,ecd58b7f942e5a95ffee53353f5cf24721de3aa68c979bce54ad4537ba3e8e27,fetched,parsed,turtle,false,0,0,0,0,0,,
1283403140,CarbonSigProductHub/comet-carbonsig,5e5b8ba99434ef305c1367b0353e0d48ada5f22c,ext/responsiblesteel/tests/data/example-coc-chain.ttl,extension:.ttl,7289,e5ae1ce06192d2894378dd91ea3f0f5ad5c24c815093a638f7cb3d99730d6b4d,fetched,parsed,turtle,false,0,0,0,0,0,,
1283403140,CarbonSigProductHub/comet-carbonsig,5e5b8ba99434ef305c1367b0353e0d48ada5f22c,ext/responsiblesteel/tests/data/example-dri-eaf-site.ttl,extension:.ttl,6550,33bbc36027787831fb5e60cb07da0fac78d0df65604f7933cb5043f014e0d512,fetched,parsed,turtle,false,0,0,0,0,0,,
1283403140,CarbonSigProductHub/comet-carbonsig,5e5b8ba99434ef305c1367b0353e0d48ada5f22c,ext/responsiblesteel/tests/data/example-eaf-site.ttl,extension:.ttl,5835,d3d86564ac1425125b33483c6deb85188aed4ec7ee2dcbaf159a1fc5ccc6e738,fetched,parsed,turtle,false,0,0,0,0,0,,
1283403140,CarbonSigProductHub/comet-carbonsig,5e5b8ba99434ef305c1367b0353e0d48ada5f22c,ext/responsiblesteel/tests/data/example-nonconformity.ttl,extension:.ttl,9696,7f8090baa8b1f565b262a54995009c19e32f57a3cae08cae361955badf702fd0,fetched,parsed,turtle,false,0,0,0,0,0,,
1283403140,CarbonSigProductHub/comet-carbonsig,5e5b8ba99434ef305c1367b0353e0d48ada5f22c,ext/tfs-pcf/comet-ext-tfs-pcf-shapes.ttl,extension:.ttl,8243,ef138a7f82eddf2d9e2ac4f63374d1f55495494d570acf46de722e94a771e444,fetched,parsed,turtle,true,7,0,105,2,22,rdf:type sh:NodeShape|sh:class|sh:datatype|sh:maxCount|sh:maxInclusive|sh:minCount|sh:minInclusive|sh:path|sh:property|sh:select|sh:sparql|sh:targetClass,
1283403140,CarbonSigProductHub/comet-carbonsig,5e5b8ba99434ef305c1367b0353e0d48ada5f22c,ext/tfs-pcf/comet-ext-tfs-pcf.ttl,extension:.ttl,61130,893fa96546645bf2f207790f6b1ffe6306fc1473421022ac9f94fc309d38a671,fetched,parsed,turtle,false,0,0,0,0,0,,
1283403140,CarbonSigProductHub/comet-carbonsig,5e5b8ba99434ef305c1367b0353e0d48ada5f22c,ext/tfs-pcf/examples/green-ethanol-pcf.ttl,extension:.ttl,4872,d923587519603ac04d2f5e31c589c7ddaaa5248c9ced089d0aca9029b5e0ffc1,fetched,parsed,turtle,false,0,0,0,0,0,,
1283403140,CarbonSigProductHub/comet-carbonsig,5e5b8ba99434ef305c1367b0353e0d48ada5f22c,ext/verification/comet-ext-verification-shapes.ttl,extension:.ttl,4232,375b257903849164b909270b8520d9471f3ada92409c27f41ff82a78c9d06a75,fetched,parsed,turtle,true,6,0,54,0,8,rdf:type sh:NodeShape|sh:datatype|sh:in|sh:maxCount|sh:maxInclusive|sh:minCount|sh:minInclusive|sh:path|sh:property|sh:targetClass,
1283403140,CarbonSigProductHub/comet-carbonsig,5e5b8ba99434ef305c1367b0353e0d48ada5f22c,ext/verification/comet-ext-verification.ttl,extension:.ttl,7395,988b38ea3e591f76084d68351e934c0aa21188d56266aa2d9d82abf13a38b49e,fetched,parsed,turtle,false,0,0,0,0,0,,
1283403140,CarbonSigProductHub/comet-carbonsig,5e5b8ba99434ef305c1367b0353e0d48ada5f22c,ext/verification/tests/data/example-verification-invalid.ttl,extension:.ttl,894,873c4475b7e51f31730e8160d94b400b222a2f9724153b3a05d98456fe49cdc6,fetched,parsed,turtle,false,0,0,0,0,0,,
1283403140,CarbonSigProductHub/comet-carbonsig,5e5b8ba99434ef305c1367b0353e0d48ada5f22c,ext/verification/tests/data/example-verification-valid.ttl,extension:.ttl,875,9b33df45c880cb2ab3886e4db15ebd8ea20e4d813670c665f4bf07ee5e56fa08,fetched,parsed,turtle,false,0,0,0,0,0,,
1283403140,CarbonSigProductHub/comet-carbonsig,5e5b8ba99434ef305c1367b0353e0d48ada5f22c,extensions/comet-pcr-shapes.ttl,extension:.ttl,2845,eb518ccdc868e759f7e3c8e0644c9a60dba0c78285c64491abf81b02d67048f0,fetched,parsed,turtle,true,1,0,21,4,8,rdf:type sh:NodeShape|sh:class|sh:datatype|sh:maxCount|sh:maxInclusive|sh:minInclusive|sh:nodeKind|sh:path|sh:property|sh:select|sh:sparql|sh:targetClass,
1283403140,CarbonSigProductHub/comet-carbonsig,5e5b8ba99434ef305c1367b0353e0d48ada5f22c,extensions/comet-pcr.ttl,extension:.ttl,22653,66343f1bc257e294bcd509b55e5392628a85d604ac8e36e5177282d6ec6f7e2e,fetched,parsed,turtle,false,0,0,0,0,0,,
1283403140,CarbonSigProductHub/comet-carbonsig,5e5b8ba99434ef305c1367b0353e0d48ada5f22c,extensions/examples/gwp-provenance-invalid.ttl,extension:.ttl,949,04f5c0c692862bea7c392ff352a8a498c9480b1d029b8682f70400d686d551e5,fetched,parsed,turtle,false,0,0,0,0,0,,
1283403140,CarbonSigProductHub/comet-carbonsig,5e5b8ba99434ef305c1367b0353e0d48ada5f22c,extensions/examples/gwp-provenance-valid.ttl,extension:.ttl,1340,e687ec29c8496e79b7383dc362bb15e6d3713debd01600277ce19e82c64f7181,fetched,parsed,turtle,false,0,0,0,0,0,,
1283403140,CarbonSigProductHub/comet-carbonsig,5e5b8ba99434ef305c1367b0353e0d48ada5f22c,extensions/ipcc-gwp.ttl,extension:.ttl,18998,f58b0574875b0a6b8adb732a8ffdefe292a733043485401451169927f24d443f,fetched,parsed,turtle,false,0,0,0,0,0,,
1283403140,CarbonSigProductHub/comet-carbonsig,5e5b8ba99434ef305c1367b0353e0d48ada5f22c,tools/examples/aluminium-pcf.comet.json,sniff:jsonld,2281,a412a9e51a5c40e025b2b46efc5e86e68d69c1aac24f40dd420461c926a3ba03,fetched,parse_error,json-ld,false,0,0,0,0,0,,URLError: <urlopen error [Errno -2] Name or service not known>
1283403140,CarbonSigProductHub/comet-carbonsig,5e5b8ba99434ef305c1367b0353e0d48ada5f22c,tools/examples/dac-credit.comet.json,sniff:jsonld,1884,89bfd40db7aed55d17ed6549ede61a2e3c8465e03cf65bf66ff40beec2b21cd1,fetched,parse_error,json-ld,false,0,0,0,0,0,,URLError: <urlopen error [Errno -2] Name or service not known>
1283403140,CarbonSigProductHub/comet-carbonsig,5e5b8ba99434ef305c1367b0353e0d48ada5f22c,tools/examples/steel-pcf.comet.json,sniff:jsonld,1929,e80f305d7a56493b585437c870c0bde944e6da1dccc8cfeef64351e1427a9230,fetched,parse_error,json-ld,false,0,0,0,0,0,,URLError: <urlopen error [Errno -2] Name or service not known>
1283403140,CarbonSigProductHub/comet-carbonsig,5e5b8ba99434ef305c1367b0353e0d48ada5f22c,tools/schemas/comet-eac.schema.json,sniff:jsonld,12280,0d8f046284a7a004e61bf97f1014fb95ce38dc1eaa20918b6b7eff01e3e1e4b0,fetched,parsed,json-ld,false,0,0,0,0,0,,
1283403140,CarbonSigProductHub/comet-carbonsig,5e5b8ba99434ef305c1367b0353e0d48ada5f22c,tools/schemas/comet-pcf.schema.json,sniff:jsonld,9045,e5964be01dc45b75adb263628a607eeb6808530afdaa1acc7d3e01993b0d1b8a,fetched,parsed,json-ld,false,0,0,0,0,0,,
1283403140,CarbonSigProductHub/comet-carbonsig,5e5b8ba99434ef305c1367b0353e0d48ada5f22c,tools/term_intelligence/term-matches.ttl,extension:.ttl,50732,d43996b193c600403ca344b2d1eb06105ff83b2cddc26f68adf7923badb98d33,fetched,parsed,turtle,false,0,0,0,0,0,,
1283403140,CarbonSigProductHub/comet-carbonsig,5e5b8ba99434ef305c1367b0353e0d48ada5f22c,void.ttl,extension:.ttl,11195,e779d801b5bb9e06c5c5ea74b72bfff43fc670fb17e8243a4cb0cf90a596231a,fetched,parsed,turtle,true,0,0,0,0,2,,
1339643803,aisemanticexpert/ontology-governance,f931304f92ce0f498972c2ffd0952c5ef5d3cd6f,ontology/fnd/core.ttl,extension:.ttl,1300,7d5eb46525a0dcf1b5668ca47774174c0ce239c0161c61f9ea28b73f34564128,fetched,parsed,turtle,false,0,0,0,0,0,,
1339643803,aisemanticexpert/ontology-governance,f931304f92ce0f498972c2ffd0952c5ef5d3cd6f,ontology/ins/claim.ttl,extension:.ttl,1111,e753fe54ab4bce02d9a5bc2c3105a8f6709c7a3a50855c535e89c7642e955be4,fetched,parsed,turtle,false,0,0,0,0,0,,
1339643803,aisemanticexpert/ontology-governance,f931304f92ce0f498972c2ffd0952c5ef5d3cd6f,ontology/ins/policy.ttl,extension:.ttl,1317,709e1b79cec355af2816864e77374fc4f5e1db4381505e98ac14cb0f2d89aed4,fetched,parsed,turtle,false,0,0,0,0,0,,
1339643803,aisemanticexpert/ontology-governance,f931304f92ce0f498972c2ffd0952c5ef5d3cd6f,provenance/CHG-2026-3472F7.ttl,extension:.ttl,803,84e0e9e2ad1deff235f7139fe7aaeb1e32d32938ec63440b1cda9458eb8f71b7,fetched,parsed,turtle,false,0,0,0,0,0,,
1339643803,aisemanticexpert/ontology-governance,f931304f92ce0f498972c2ffd0952c5ef5d3cd6f,releases/1.0.0/ontology/fnd/core.ttl,extension:.ttl,1367,a453fb1aece3060ac8c7fd2ed7818a63827878315cc1a0fd48de61d52077696f,fetched,parsed,turtle,false,0,0,0,0,0,,
1339643803,aisemanticexpert/ontology-governance,f931304f92ce0f498972c2ffd0952c5ef5d3cd6f,releases/1.0.0/ontology/ins/claim.ttl,extension:.ttl,1204,256d02eb727a5f57622cb1b1c0a9a3074ab1f82411dfce07ab85f3e31317b90a,fetched,parsed,turtle,false,0,0,0,0,0,,
1339643803,aisemanticexpert/ontology-governance,f931304f92ce0f498972c2ffd0952c5ef5d3cd6f,releases/1.0.0/ontology/ins/policy.ttl,extension:.ttl,1411,5abc7bac25ae654fda715936f705aca1e3bf3a919834249563dfa198d1e66a72,fetched,parsed,turtle,false,0,0,0,0,0,,
1339643803,aisemanticexpert/ontology-governance,f931304f92ce0f498972c2ffd0952c5ef5d3cd6f,releases/1.0.0/shapes/ins/claim.shacl.ttl,extension:.ttl,656,992b6acc8d45ae76b0ee741d3c235451e2c526d8aed0e9743ad94393181502b4,fetched,parsed,turtle,true,1,0,11,0,2,rdf:type sh:NodeShape|sh:datatype|sh:maxCount|sh:minCount|sh:path|sh:property|sh:targetClass,
1339643803,aisemanticexpert/ontology-governance,f931304f92ce0f498972c2ffd0952c5ef5d3cd6f,releases/1.0.0/shapes/ins/policy.shacl.ttl,extension:.ttl,722,e30c1fdea96133fa6824f04057fba382b296fe6bd72cf75cc8da31fb7a4d5fc6,fetched,parsed,turtle,true,1,0,10,0,3,rdf:type sh:NodeShape|sh:datatype|sh:maxCount|sh:minCount|sh:path|sh:property|sh:targetClass,
1339643803,aisemanticexpert/ontology-governance,f931304f92ce0f498972c2ffd0952c5ef5d3cd6f,releases/1.0.0/vocabulary/ins/claim-status.ttl,extension:.ttl,564,793af5f069cbf7796c92832d5a48dd87a4f71d0ac759877594b0130d256f8c99,fetched,parsed,turtle,false,0,0,0,0,0,,
1339643803,aisemanticexpert/ontology-governance,f931304f92ce0f498972c2ffd0952c5ef5d3cd6f,releases/2.0.0/ontology/fnd/core.ttl,extension:.ttl,1407,0f4a5c2faa57ebaa7a8bf5cceb6136f8c8fb1cccffa3b68d2775710797ada3a1,fetched,parsed,turtle,false,0,0,0,0,0,,
1339643803,aisemanticexpert/ontology-governance,f931304f92ce0f498972c2ffd0952c5ef5d3cd6f,releases/2.0.0/ontology/ins/claim.ttl,extension:.ttl,1219,4e69ed6464296323495c0a12c5e0f0df35bcb0595825746fc63f4bf8c30120bc,fetched,parsed,turtle,false,0,0,0,0,0,,
1339643803,aisemanticexpert/ontology-governance,f931304f92ce0f498972c2ffd0952c5ef5d3cd6f,releases/2.0.0/ontology/ins/policy.ttl,extension:.ttl,1426,ad4d2869183d73c816a794559a51f68192e1568cbba3f0c6565ac98973afc1a6,fetched,parsed,turtle,false,0,0,0,0,0,,
1339643803,aisemanticexpert/ontology-governance,f931304f92ce0f498972c2ffd0952c5ef5d3cd6f,releases/2.0.0/shapes/ins/claim.shacl.ttl,extension:.ttl,656,992b6acc8d45ae76b0ee741d3c235451e2c526d8aed0e9743ad94393181502b4,fetched,parsed,turtle,true,1,0,11,0,2,rdf:type sh:NodeShape|sh:datatype|sh:maxCount|sh:minCount|sh:path|sh:property|sh:targetClass,
1339643803,aisemanticexpert/ontology-governance,f931304f92ce0f498972c2ffd0952c5ef5d3cd6f,releases/2.0.0/shapes/ins/policy.shacl.ttl,extension:.ttl,722,e30c1fdea96133fa6824f04057fba382b296fe6bd72cf75cc8da31fb7a4d5fc6,fetched,parsed,turtle,true,1,0,10,0,3,rdf:type sh:NodeShape|sh:datatype|sh:maxCount|sh:minCount|sh:path|sh:property|sh:targetClass,
1339643803,aisemanticexpert/ontology-governance,f931304f92ce0f498972c2ffd0952c5ef5d3cd6f,releases/2.0.0/vocabulary/ins/claim-status.ttl,extension:.ttl,564,793af5f069cbf7796c92832d5a48dd87a4f71d0ac759877594b0130d256f8c99,fetched,parsed,turtle,false,0,0,0,0,0,,
1339643803,aisemanticexpert/ontology-governance,f931304f92ce0f498972c2ffd0952c5ef5d3cd6f,samples/valid-sample.ttl,extension:.ttl,564,bc15037c8df4e69d82ae61e73c9e943492d2e59feb3a39605371dd8bf990d5f8,fetched,parsed,turtle,false,0,0,0,0,0,,
1339643803,aisemanticexpert/ontology-governance,f931304f92ce0f498972c2ffd0952c5ef5d3cd6f,shapes/ins/claim.shacl.ttl,extension:.ttl,656,992b6acc8d45ae76b0ee741d3c235451e2c526d8aed0e9743ad94393181502b4,fetched,parsed,turtle,true,1,0,11,0,2,rdf:type sh:NodeShape|sh:datatype|sh:maxCount|sh:minCount|sh:path|sh:property|sh:targetClass,
1339643803,aisemanticexpert/ontology-governance,f931304f92ce0f498972c2ffd0952c5ef5d3cd6f,shapes/ins/policy.shacl.ttl,extension:.ttl,722,e30c1fdea96133fa6824f04057fba382b296fe6bd72cf75cc8da31fb7a4d5fc6,fetched,parsed,turtle,true,1,0,10,0,3,rdf:type sh:NodeShape|sh:datatype|sh:maxCount|sh:minCount|sh:path|sh:property|sh:targetClass,
1339643803,aisemanticexpert/ontology-governance,f931304f92ce0f498972c2ffd0952c5ef5d3cd6f,vocabulary/ins/claim-status.ttl,extension:.ttl,564,793af5f069cbf7796c92832d5a48dd87a4f71d0ac759877594b0130d256f8c99,fetched,parsed,turtle,false,0,0,0,0,0,,
1408912228,inuits/elody-generator,0d56792ff0c7048e3e75e51ad7780bfbeb79caf5,examples/dishacled.ui.ttl,extension:.ttl,18638,ebfb706d99cd3ed798b579ce79bdd8bab90616549c796f0ddc28c347f24fe7c2,fetched,parsed,turtle,true,0,0,41,0,119,sh:datatype|sh:maxCount|sh:minCount|sh:path|sh:property,
1408912228,inuits/elody-generator,0d56792ff0c7048e3e75e51ad7780bfbeb79caf5,ontology/elody-ui.bindings.ttl,extension:.ttl,16424,49e806bed35a7c106645390d260b9bf3e04accaac651168fa7c1744134827928,fetched,parsed,turtle,true,0,0,0,0,0,,
1408912228,inuits/elody-generator,0d56792ff0c7048e3e75e51ad7780bfbeb79caf5,scripts/roundtrip/shapes.ttl,extension:.ttl,2556,6f060d477cc8fa0e7fd70c8a8bea3a38d231d8face8287d5aac842f21f84b559,fetched,parsed,turtle,true,1,12,59,0,25,rdf:type sh:NodeShape|rdf:type sh:PropertyShape|sh:class|sh:datatype|sh:maxCount|sh:minCount|sh:path|sh:property|sh:targetClass,
1408912228,inuits/elody-generator,0d56792ff0c7048e3e75e51ad7780bfbeb79caf5,spec/examples/01-getting-started.data.ttl,extension:.ttl,976,7cf466acdb7c8e0442e89b8327019684df9ee13253e41e8898872d7e397e3d51,fetched,parsed,turtle,true,0,0,0,0,0,,
1408912228,inuits/elody-generator,0d56792ff0c7048e3e75e51ad7780bfbeb79caf5,spec/examples/01-getting-started.shapes.ttl,extension:.ttl,765,6835be24114512491e66e0b82b32b7ca836f5405bb10ca2dcf9a63909ad95ee8,fetched,parsed,turtle,true,0,0,0,0,0,,
1408912228,inuits/elody-generator,0d56792ff0c7048e3e75e51ad7780bfbeb79caf5,spec/examples/02-getting-started.shapes.ttl,extension:.ttl,1771,6d306600d291a844074feaf81daede4901c96a2ac0206c56febf3397c2f61144,fetched,parsed,turtle,true,1,0,23,0,11,rdf:type sh:NodeShape|sh:datatype|sh:maxCount|sh:minCount|sh:path|sh:property|sh:targetClass,
1408912228,inuits/elody-generator,0d56792ff0c7048e3e75e51ad7780bfbeb79caf5,spec/examples/03-getting-started.data.ttl,extension:.ttl,1218,cf787278935fdfde04c3c1f1527011520c2050bfc8c413cb739353f582d81f85,fetched,parsed,turtle,true,0,0,0,0,0,,
1408912228,inuits/elody-generator,0d56792ff0c7048e3e75e51ad7780bfbeb79caf5,spec/examples/03-getting-started.shapes.ttl,extension:.ttl,765,6835be24114512491e66e0b82b32b7ca836f5405bb10ca2dcf9a63909ad95ee8,fetched,parsed,turtle,true,0,0,0,0,0,,
1408912228,inuits/elody-generator,0d56792ff0c7048e3e75e51ad7780bfbeb79caf5,spec/examples/04-global-configuration.shapes.ttl,extension:.ttl,1105,12cd1544c82abd044d2e251f6543ed4a763a71c0b8bf2250e24acf813d1821c2,fetched,parsed,turtle,true,0,1,2,0,0,rdf:type sh:PropertyShape|sh:path,
1408912228,inuits/elody-generator,0d56792ff0c7048e3e75e51ad7780bfbeb79caf5,spec/examples/05-view-predicate-paths.data.ttl,extension:.ttl,910,a464263ec290c3d8577eb9732638a6db11559e7b71f61912445d46e3f9d7adb9,fetched,parsed,turtle,true,0,0,0,0,0,,
1408912228,inuits/elody-generator,0d56792ff0c7048e3e75e51ad7780bfbeb79caf5,spec/examples/05-view-predicate-paths.shapes.ttl,extension:.ttl,1016,c8df0561a525c9268e8e9346c64d8a34db39db527ae9ed7b5c54c2804a4022ad,fetched,parsed,turtle,true,1,0,6,0,3,rdf:type sh:NodeShape|sh:datatype|sh:path|sh:property,
1408912228,inuits/elody-generator,0d56792ff0c7048e3e75e51ad7780bfbeb79caf5,spec/examples/06-view-complex-paths.data.ttl,extension:.ttl,918,e4402bba18b3b5a61f1cd80e7447b40e1ec56c2efeb7d81b8c224032ee8733fd,fetched,parsed,turtle,true,0,0,0,0,0,,
1408912228,inuits/elody-generator,0d56792ff0c7048e3e75e51ad7780bfbeb79caf5,spec/examples/06-view-complex-paths.shapes.ttl,extension:.ttl,1135,bc8a423edb00a364f03699e2b5122f21e4257a03752ddb92e81bc663762f5a4c,fetched,parsed,turtle,true,2,0,8,0,3,rdf:type sh:NodeShape|sh:datatype|sh:path|sh:property,
1408912228,inuits/elody-generator,0d56792ff0c7048e3e75e51ad7780bfbeb79caf5,spec/examples/07-edit-predicate-paths.data.ttl,extension:.ttl,902,b826f69901600b554060ee0919e5ebaab792d49fc208a0b98a93e64055f1ead9,fetched,parsed,turtle,true,0,0,0,0,0,,
1408912228,inuits/elody-generator,0d56792ff0c7048e3e75e51ad7780bfbeb79caf5,spec/examples/07-edit-predicate-paths.shapes.ttl,extension:.ttl,1049,a5526d9ce8d28f6baf11e382c1ce83df9eb21aa10c31d5984a88d7c0a8ca58ad,fetched,parsed,turtle,true,1,0,7,0,3,rdf:type sh:NodeShape|sh:class|sh:datatype|sh:path|sh:property,
1408912228,inuits/elody-generator,0d56792ff0c7048e3e75e51ad7780bfbeb79caf5,spec/examples/08-edit-alternative-paths.data.ttl,extension:.ttl,829,6b5a7dffbe4e7c73105f69e430ec48a921ab5c1ac1fcdd888513ae5f79eadadb,fetched,parsed,turtle,true,0,0,0,0,0,,
1408912228,inuits/elody-generator,0d56792ff0c7048e3e75e51ad7780bfbeb79caf5,spec/examples/08-edit-alternative-paths.shapes.ttl,extension:.ttl,969,515e69e27e689cb8448941af07d61c3bb73eef68940e4dc2b1c57e60870b2347,fetched,parsed,turtle,true,1,0,4,0,2,rdf:type sh:NodeShape|sh:datatype|sh:path|sh:property,
1408912228,inuits/elody-generator,0d56792ff0c7048e3e75e51ad7780bfbeb79caf5,spec/examples/09-edit-other-complex-paths.data.ttl,extension:.ttl,912,ffddef14c3bb8dfbc40ca1d9f256839b3af6825d504eadda5defc4748e34dc2b,fetched,parsed,turtle,true,0,0,0,0,0,,
1408912228,inuits/elody-generator,0d56792ff0c7048e3e75e51ad7780bfbeb79caf5,spec/examples/09-edit-other-complex-paths.shapes.ttl,extension:.ttl,1058,abf59af90ca1d79ab3e4dd5bc0b7888ee18027fd173c8ab7aaacd7f37c03bed8,fetched,parsed,turtle,true,1,0,3,0,3,rdf:type sh:NodeShape|sh:path|sh:property,
1408912228,inuits/elody-generator,0d56792ff0c7048e3e75e51ad7780bfbeb79caf5,spec/examples/10-lang-resolution.data.ttl,extension:.ttl,841,04d55853479d5482a04267f74a92a8f5dbf4f855074b47772fc84ef15e983cf7,fetched,parsed,turtle,true,0,0,0,0,0,,
1408912228,inuits/elody-generator,0d56792ff0c7048e3e75e51ad7780bfbeb79caf5,spec/examples/10-lang-resolution.shapes.ttl,extension:.ttl,947,35c280ce0682d6928b236ececbcaf1c35be16eba55ff5398498ab1c506ebe46d,fetched,parsed,turtle,true,1,0,4,0,2,rdf:type sh:NodeShape|sh:languageIn|sh:path|sh:property,
1408912228,inuits/elody-generator,0d56792ff0c7048e3e75e51ad7780bfbeb79caf5,spec/examples/11-label-resolution-local-name.data.ttl,extension:.ttl,935,f44deebce6250790d247123e4458d3fe9b534fcf57dc11d18079cc52239be626,fetched,parsed,turtle,true,0,0,0,0,0,,
1408912228,inuits/elody-generator,0d56792ff0c7048e3e75e51ad7780bfbeb79caf5,spec/examples/11-label-resolution-local-name.shapes.ttl,extension:.ttl,1078,26b095f5307645f390ce40619ca1675ecbc1b605af7aa1e73feb4325c1d45b5d,fetched,parsed,turtle,true,1,0,7,0,3,rdf:type sh:NodeShape|sh:class|sh:path|sh:property|sh:targetClass,
1408912228,inuits/elody-generator,0d56792ff0c7048e3e75e51ad7780bfbeb79caf5,spec/examples/12-label-resolution-local-name.data.ttl,extension:.ttl,814,463c442a846e4e871baf0f8aab2106a6cdc677224f43f2b2cbcc0f7158eae31e,fetched,parsed,turtle,true,0,0,0,0,0,,
1408912228,inuits/elody-generator,0d56792ff0c7048e3e75e51ad7780bfbeb79caf5,spec/examples/12-label-resolution-local-name.shapes.ttl,extension:.ttl,883,654171da34f779fe8f5efc7a96bc50be109c7edbc789b383289b3c49ff536785,fetched,parsed,turtle,true,1,0,4,0,0,rdf:type sh:NodeShape|sh:path|sh:property|sh:targetClass,
1408912228,inuits/elody-generator,0d56792ff0c7048e3e75e51ad7780bfbeb79caf5,spec/examples/13-patterns.shapes.ttl,extension:.ttl,1042,3ba0de9041a2f29f9b1cf865e6c919aa73654e6e34feef0c707840f384a4f7c6,fetched,parsed,turtle,true,1,0,7,0,2,rdf:type sh:NodeShape|sh:path|sh:property,
1408912228,inuits/elody-generator,0d56792ff0c7048e3e75e51ad7780bfbeb79caf5,spec/examples/14-patterns.shapes.ttl,extension:.ttl,827,1cdcbf5e1c97300dda74add0052ac0b58e81d8adbc07bb1f2e2386200087c748,fetched,parsed,turtle,true,0,0,0,0,0,,
1408912228,inuits/elody-generator,0d56792ff0c7048e3e75e51ad7780bfbeb79caf5,spec/examples/15-search-query.shapes.ttl,extension:.ttl,1232,8b6fceff36f00f3b0bb59db52b6958e0def38abe0362b8a3efe692dc86aab526,fetched,parsed,turtle,true,1,0,5,0,1,rdf:type sh:NodeShape|sh:class|sh:path|sh:property|sh:targetClass,
1408912228,inuits/elody-generator,0d56792ff0c7048e3e75e51ad7780bfbeb79caf5,spec/examples/16-search-query.shapes.ttl,extension:.ttl,1583,bcf780acbfa6cd6876532c95670072062893027b164fba71b84658f7d2749d99,fetched,parsed,turtle,true,1,0,5,1,1,rdf:type sh:NodeShape|sh:in|sh:path|sh:property|sh:select|sh:targetClass,
1408912228,inuits/elody-generator,0d56792ff0c7048e3e75e51ad7780bfbeb79caf5,spec/examples/17-AutoCompleteEditor.shapes.ttl,extension:.ttl,848,6d052b02ec91968f2431f45e652ea9154e905d092384900ea0e180a3d88951ab,fetched,parsed,turtle,true,0,1,3,0,0,rdf:type sh:PropertyShape|sh:class|sh:path,
1408912228,inuits/elody-generator,0d56792ff0c7048e3e75e51ad7780bfbeb79caf5,spec/examples/18-BooleanEditor.shapes.ttl,extension:.ttl,854,f2d6ff287acdda2aafeb160429000bdb161d1da416d7050f890054b80325853f,fetched,parsed,turtle,true,0,1,3,0,0,rdf:type sh:PropertyShape|sh:datatype|sh:path,
1408912228,inuits/elody-generator,0d56792ff0c7048e3e75e51ad7780bfbeb79caf5,spec/examples/19-DatePickerEditor.shapes.ttl,extension:.ttl,859,fbfb97d6bfefb9925f603da72cca0eb3532341552a5fe09d0618943613e7d763,fetched,parsed,turtle,true,0,1,3,0,0,rdf:type sh:PropertyShape|sh:datatype|sh:path,
1408912228,inuits/elody-generator,0d56792ff0c7048e3e75e51ad7780bfbeb79caf5,spec/examples/20-DateTimePickerEditor.shapes.ttl,extension:.ttl,869,c8d16e663d42da25cea4f79577264c404b7f865ede1c44e6e78b4472c6f4fa9b,fetched,parsed,turtle,true,0,1,3,0,0,rdf:type sh:PropertyShape|sh:datatype|sh:path,
1408912228,inuits/elody-generator,0d56792ff0c7048e3e75e51ad7780bfbeb79caf5,spec/examples/21-DetailsEditor.shapes.ttl,extension:.ttl,1936,b0a0dbd9d17725251280abe467fcb243d4995ac39228884b329c5f37df8fa01f,fetched,parsed,turtle,true,2,3,24,0,4,rdf:type sh:NodeShape|rdf:type sh:PropertyShape|sh:class|sh:datatype|sh:hasValue|sh:maxCount|sh:minCount|sh:node|sh:nodeKind|sh:path|sh:property,
1408912228,inuits/elody-generator,0d56792ff0c7048e3e75e51ad7780bfbeb79caf5,spec/examples/22-EnumSelectEditor.shapes.ttl,extension:.ttl,917,bc7e5fe0aefe67b09be989752ec86c42142f6f55652860c150977c75bee40d5b,fetched,parsed,turtle,true,0,1,3,0,0,rdf:type sh:PropertyShape|sh:in|sh:path,
1408912228,inuits/elody-generator,0d56792ff0c7048e3e75e51ad7780bfbeb79caf5,spec/examples/23-InstancesSelectEditor.shapes.ttl,extension:.ttl,900,6bedc3cce3576957914b0f3a2ead1ad2395c1351e66bd0aaf49d7674fa59af2d,fetched,parsed,turtle,true,0,1,3,0,0,rdf:type sh:PropertyShape|sh:class|sh:path,
1408912228,inuits/elody-generator,0d56792ff0c7048e3e75e51ad7780bfbeb79caf5,spec/examples/24-IRIEditor.shapes.ttl,extension:.ttl,880,8e5a4932e9162cc4e0061c49d6d023ad18c859d466d904454f6b64ca2c83c66e,fetched,parsed,turtle,true,0,1,3,0,0,rdf:type sh:PropertyShape|sh:nodeKind|sh:path,
1408912228,inuits/elody-generator,0d56792ff0c7048e3e75e51ad7780bfbeb79caf5,spec/examples/25-NumberFieldEditor.shapes.ttl,extension:.ttl,901,9b0cd44d58273a72a24ff46003634c72afae3f75af9e310ddf02ecde32481cf7,fetched,parsed,turtle,true,0,1,3,0,0,rdf:type sh:PropertyShape|sh:datatype|sh:path,
1408912228,inuits/elody-generator,0d56792ff0c7048e3e75e51ad7780bfbeb79caf5,spec/examples/26-RichTextEditor.shapes.ttl,extension:.ttl,860,4f30baa5793f212ece8f5ece0bafb45a36764f1bd6873e5261cff57d79440cb7,fetched,parsed,turtle,true,0,1,3,0,0,rdf:type sh:PropertyShape|sh:datatype|sh:path,
1408912228,inuits/elody-generator,0d56792ff0c7048e3e75e51ad7780bfbeb79caf5,spec/examples/27-SubClassEditor.shapes.ttl,extension:.ttl,901,d3c9d765a94ed1180c325b8d9251913aa70b7d0a49c8eadad0b01ae8c525a251,fetched,parsed,turtle,true,0,1,2,0,1,rdf:type sh:PropertyShape|sh:path,
1408912228,inuits/elody-generator,0d56792ff0c7048e3e75e51ad7780bfbeb79caf5,spec/examples/28-TextAreaEditor.shapes.ttl,extension:.ttl,885,09cb78d6b5c322729df9a32b22f5b52e63736287e6dc5abf64c6d16c119e166d,fetched,parsed,turtle,true,0,1,3,0,1,rdf:type sh:PropertyShape|sh:datatype|sh:path,
1408912228,inuits/elody-generator,0d56792ff0c7048e3e75e51ad7780bfbeb79caf5,spec/examples/29-TextFieldEditor.shapes.ttl,extension:.ttl,848,5fc8ee1e1e2989b804906ebe687fd038918e90732e904720c602a239d941152c,fetched,parsed,turtle,true,0,1,3,0,0,rdf:type sh:PropertyShape|sh:datatype|sh:path,
1408912228,inuits/elody-generator,0d56792ff0c7048e3e75e51ad7780bfbeb79caf5,spec/examples/30-TextFieldWithLangEditor.shapes.ttl,extension:.ttl,864,6138195bf56d9e6688ea4d6ef6ded19777771a57fe2ce37ffb93c8441ca99bd8,fetched,parsed,turtle,true,0,1,3,0,0,rdf:type sh:PropertyShape|sh:datatype|sh:path,
1408912228,inuits/elody-generator,0d56792ff0c7048e3e75e51ad7780bfbeb79caf5,spec/examples/31-ValueTableViewer.shapes.ttl,extension:.ttl,2168,591ca6a700ded9e3177f7fd261faaa0020e4a2cc2bfdedea64a1151f4c965903,fetched,parsed,turtle,true,1,4,18,0,13,rdf:type sh:NodeShape|rdf:type sh:PropertyShape|sh:datatype|sh:node|sh:nodeKind|sh:path|sh:property|sh:targetClass,
1408912228,inuits/elody-generator,0d56792ff0c7048e3e75e51ad7780bfbeb79caf5,spec/examples/32-property-roles.shapes.ttl,extension:.ttl,864,71bf566d15610e19fd107a5ea78dccf9d7c73917865dec23d9b88e937feb32ad,fetched,parsed,turtle,true,0,1,2,0,0,rdf:type sh:PropertyShape|sh:path,
1408912228,inuits/elody-generator,0d56792ff0c7048e3e75e51ad7780bfbeb79caf5,spec/examples/33-property-roles.shapes.ttl,extension:.ttl,1031,9cd8233e12d0524190966ba3b891a4bfb3d049ab8ff7b888171333813d20acc0,fetched,parsed,turtle,true,0,2,4,0,2,rdf:type sh:PropertyShape|sh:path,
1408912228,inuits/elody-generator,0d56792ff0c7048e3e75e51ad7780bfbeb79caf5,spec/examples/34-property-roles.shapes.ttl,extension:.ttl,995,1eaaf5359a6f18fb92b16145ec57d2d8af10361b08e878171d3f692fae30c653,fetched,parse_error,turtle,true,0,0,0,0,0,,"BadSyntax: at line 8 of <>:
Bad syntax (expected '.' or '}' or ']' at end of statement) at ^ in:
""...b':path skos:prefLabel ;\n    shui:propertyRole shui:LabelRole '^b'{| sh:order 0 |}\n.\n\nex:Name a sh:PropertyShape ;\n    sh:path'..."""
1408912228,inuits/elody-generator,0d56792ff0c7048e3e75e51ad7780bfbeb79caf5,spec/widgets/editors/auto-complete-editor.ttl,extension:.ttl,1039,a83c9f314e1de69de800835fe047da02e0059dd78ed5785d5b4e71cd350921ce,fetched,parsed,turtle,true,1,0,4,0,0,rdf:type sh:NodeShape|sh:hasValue|sh:path|sh:property,
1408912228,inuits/elody-generator,0d56792ff0c7048e3e75e51ad7780bfbeb79caf5,spec/widgets/editors/blank-node-editor.ttl,extension:.ttl,922,1270e7a9018203e05e7a5b2fdb4085fd05d77be054195f825ecb0c78596d2356,fetched,parsed,turtle,true,1,0,4,0,0,rdf:type sh:NodeShape|sh:hasValue|sh:path|sh:property,
1408912228,inuits/elody-generator,0d56792ff0c7048e3e75e51ad7780bfbeb79caf5,spec/widgets/editors/boolean-editor.ttl,extension:.ttl,1076,393b689da69e044ad08111e59f55173ad53d62b8e06fffd573e11770c67b552a,fetched,parsed,turtle,true,1,0,4,0,0,rdf:type sh:NodeShape|sh:hasValue|sh:path|sh:property,
1408912228,inuits/elody-generator,0d56792ff0c7048e3e75e51ad7780bfbeb79caf5,spec/widgets/editors/date-picker-editor.ttl,extension:.ttl,1044,ff0606bf21ae9e2e02fac08c7454e5ce54b4db6e60c3344e021d3939fcc8f314,fetched,parsed,turtle,true,1,0,4,0,0,rdf:type sh:NodeShape|sh:hasValue|sh:path|sh:property,
1408912228,inuits/elody-generator,0d56792ff0c7048e3e75e51ad7780bfbeb79caf5,spec/widgets/editors/date-time-picker-editor.ttl,extension:.ttl,1132,33309fcd66d1672c8481fbb94c583310369f50090d2f88ac50a18ad1a95e2898,fetched,parsed,turtle,true,1,0,4,0,0,rdf:type sh:NodeShape|sh:hasValue|sh:path|sh:property,
1408912228,inuits/elody-generator,0d56792ff0c7048e3e75e51ad7780bfbeb79caf5,spec/widgets/editors/details-editor.ttl,extension:.ttl,924,45b902ac20610e72861314c187519721fe1d416ab5cb053c406f915abb6afd7c,fetched,parsed,turtle,true,1,0,4,0,0,rdf:type sh:NodeShape|sh:hasValue|sh:path|sh:property,
1408912228,inuits/elody-generator,0d56792ff0c7048e3e75e51ad7780bfbeb79caf5,spec/widgets/editors/enum-select-editor.ttl,extension:.ttl,919,87c83eebfd6796102d1169e27c286d75414ba714e06c57b649ab1692efe7cb78,fetched,parsed,turtle,true,1,0,4,0,0,rdf:type sh:NodeShape|sh:hasValue|sh:path|sh:property,
1408912228,inuits/elody-generator,0d56792ff0c7048e3e75e51ad7780bfbeb79caf5,spec/widgets/editors/instances-select-editor.ttl,extension:.ttl,1018,0d47e54d64b38fe03175cd9f039874fa46cd20dc043a8280d6301804eaf6917c,fetched,parsed,turtle,true,1,0,4,0,0,rdf:type sh:NodeShape|sh:hasValue|sh:path|sh:property,
1408912228,inuits/elody-generator,0d56792ff0c7048e3e75e51ad7780bfbeb79caf5,spec/widgets/editors/iri-editor.ttl,extension:.ttl,1276,9ad54e3d5feb04366da2ba230bf90f443e72d456c384784798f23836c9a5bfd9,fetched,parsed,turtle,true,1,0,4,0,0,rdf:type sh:NodeShape|sh:hasValue|sh:path|sh:property,
1408912228,inuits/elody-generator,0d56792ff0c7048e3e75e51ad7780bfbeb79caf5,spec/widgets/editors/number-field-editor.ttl,extension:.ttl,1148,bdf39f5c267e4faf07d22f2913d01d7d633a25677af1a8e74f684541a3bcce0f,fetched,parsed,turtle,true,1,0,4,0,0,rdf:type sh:NodeShape|sh:hasValue|sh:path|sh:property,
1408912228,inuits/elody-generator,0d56792ff0c7048e3e75e51ad7780bfbeb79caf5,spec/widgets/editors/rich-text-editor.ttl,extension:.ttl,1093,067919df5d2f0987d8daacc4a9b2b6ead889450cf73f2beb87b4ce41e104a9c6,fetched,parsed,turtle,true,1,0,4,0,0,rdf:type sh:NodeShape|sh:hasValue|sh:path|sh:property,
1408912228,inuits/elody-generator,0d56792ff0c7048e3e75e51ad7780bfbeb79caf5,spec/widgets/editors/sub-class-editor.ttl,extension:.ttl,792,e10120e847e2a4b78a98594484064dc1b4bf1188f1f895714338a5f812e9a768,fetched,parsed,turtle,true,1,0,4,0,0,rdf:type sh:NodeShape|sh:hasValue|sh:path|sh:property,
1408912228,inuits/elody-generator,0d56792ff0c7048e3e75e51ad7780bfbeb79caf5,spec/widgets/editors/text-area-editor.ttl,extension:.ttl,1532,88dfdf45c86bf902a958f92519f99f0636fedcc24e9a6f0cfabca48b90a26ab9,fetched,parsed,turtle,true,1,0,4,0,0,rdf:type sh:NodeShape|sh:hasValue|sh:path|sh:property,
1408912228,inuits/elody-generator,0d56792ff0c7048e3e75e51ad7780bfbeb79caf5,spec/widgets/editors/text-area-with-lang-editor.ttl,extension:.ttl,1969,0a38e2c11ccdde0a3119536ad33145ae7811f2ab08a5f91c6d19dbb44053b040,fetched,parsed,turtle,true,1,0,4,0,0,rdf:type sh:NodeShape|sh:hasValue|sh:path|sh:property,
1408912228,inuits/elody-generator,0d56792ff0c7048e3e75e51ad7780bfbeb79caf5,spec/widgets/editors/text-field-editor.ttl,extension:.ttl,1565,31a0d14be56336fd94737377b952992f9e13e121ee1d7918ad34f0d54c8cb10d,fetched,parsed,turtle,true,1,0,4,0,0,rdf:type sh:NodeShape|sh:hasValue|sh:path|sh:property,
1408912228,inuits/elody-generator,0d56792ff0c7048e3e75e51ad7780bfbeb79caf5,spec/widgets/editors/text-field-with-lang-editor.ttl,extension:.ttl,1770,a36f1e7829b5c053caf8c11a09f970b7f079223958257621957aa00adf6772da,fetched,parsed,turtle,true,1,0,4,0,0,rdf:type sh:NodeShape|sh:hasValue|sh:path|sh:property,
1408912228,inuits/elody-generator,0d56792ff0c7048e3e75e51ad7780bfbeb79caf5,spec/widgets/score-shapes.ttl,extension:.ttl,6270,a4d0226a7feb3efeb33ab13070619ddcc27d8fe1d552c4d537f22e686aebf3da,fetched,parsed,turtle,true,34,0,144,0,0,rdf:type sh:NodeShape|sh:datatype|sh:flags|sh:hasValue|sh:minCount|sh:nodeKind|sh:not|sh:or|sh:path|sh:pattern|sh:property,
1408912228,inuits/elody-generator,0d56792ff0c7048e3e75e51ad7780bfbeb79caf5,spec/widgets/shacl-ui.ttl,extension:.ttl,8772,3ae24e6f479a4f25d126e21ba1276f2b1b77d54bf7e6a7351248cb60bae91261,fetched,parsed,turtle,true,0,0,0,0,10,,
1408912228,inuits/elody-generator,0d56792ff0c7048e3e75e51ad7780bfbeb79caf5,spec/widgets/viewers/blank-node-viewer.ttl,extension:.ttl,927,5234f6485a8019c4a687fdec83d1f5bef5fbfd4afc37fec69f01284d1a520ebd,fetched,parsed,turtle,true,1,0,4,0,0,rdf:type sh:NodeShape|sh:hasValue|sh:path|sh:property,
1408912228,inuits/elody-generator,0d56792ff0c7048e3e75e51ad7780bfbeb79caf5,spec/widgets/viewers/details-viewer.ttl,extension:.ttl,905,c336e7523fb2186c0b4b590c8fec2f667ef20481b00c0c8f3323d5ff10704429,fetched,parsed,turtle,true,1,0,4,0,0,rdf:type sh:NodeShape|sh:hasValue|sh:path|sh:property,
1408912228,inuits/elody-generator,0d56792ff0c7048e3e75e51ad7780bfbeb79caf5,spec/widgets/viewers/html-viewer.ttl,extension:.ttl,887,eae99ced9b299abcc865246916af642082da50b00574af2d2f64cbf7e81f1d75,fetched,parsed,turtle,true,1,0,4,0,0,rdf:type sh:NodeShape|sh:hasValue|sh:path|sh:property,
1408912228,inuits/elody-generator,0d56792ff0c7048e3e75e51ad7780bfbeb79caf5,spec/widgets/viewers/hyperlink-viewer.ttl,extension:.ttl,1031,304ca15cdff5e37934d6e8b9735b8a695aa969b9fc88d5fefe9ec09271c2e005,fetched,parsed,turtle,true,1,0,4,0,0,rdf:type sh:NodeShape|sh:hasValue|sh:path|sh:property,
1408912228,inuits/elody-generator,0d56792ff0c7048e3e75e51ad7780bfbeb79caf5,spec/widgets/viewers/image-viewer.ttl,extension:.ttl,816,5260446266678989d71f20d72e50874f79ce3425512146d800e3f069b944c7c2,fetched,parsed,turtle,true,1,0,4,0,0,rdf:type sh:NodeShape|sh:hasValue|sh:path|sh:property,
1408912228,inuits/elody-generator,0d56792ff0c7048e3e75e51ad7780bfbeb79caf5,spec/widgets/viewers/iri-viewer.ttl,extension:.ttl,857,fca2773c22d67de1f27f6256216272e36c2414ba98e880c4c28a74d6d1b42b2a,fetched,parsed,turtle,true,1,0,4,0,0,rdf:type sh:NodeShape|sh:hasValue|sh:path|sh:property,
1408912228,inuits/elody-generator,0d56792ff0c7048e3e75e51ad7780bfbeb79caf5,spec/widgets/viewers/label-viewer.ttl,extension:.ttl,874,b084bcba01604be91a2cb9607ef1ba32b2c198fddfb2e80b5a5c940ac3bd2cb1,fetched,parsed,turtle,true,1,0,4,0,0,rdf:type sh:NodeShape|sh:hasValue|sh:path|sh:property,
1408912228,inuits/elody-generator,0d56792ff0c7048e3e75e51ad7780bfbeb79caf5,spec/widgets/viewers/lang-string-viewer.ttl,extension:.ttl,904,643ea7a9e937e2f12d37c88bc97b0c5f4cd34271a2b497e41ee2e9b06c7a22f6,fetched,parsed,turtle,true,1,0,4,0,0,rdf:type sh:NodeShape|sh:hasValue|sh:path|sh:property,
1408912228,inuits/elody-generator,0d56792ff0c7048e3e75e51ad7780bfbeb79caf5,spec/widgets/viewers/literal-viewer.ttl,extension:.ttl,798,4fa0e9f7b65e815fd70bd8d0e3a78750bfbd70360eccedd95bc8c7687b1a1f57,fetched,parsed,turtle,true,1,0,4,0,0,rdf:type sh:NodeShape|sh:hasValue|sh:path|sh:property,
1408912228,inuits/elody-generator,0d56792ff0c7048e3e75e51ad7780bfbeb79caf5,spec/widgets/viewers/value-table-viewer.ttl,extension:.ttl,767,17930d810c0c3b6219340d74046797e0a4aa7f5b242e4997f3830712ab51d359,fetched,parsed,turtle,true,1,0,4,0,0,rdf:type sh:NodeShape|sh:hasValue|sh:path|sh:property,
1408912228,inuits/elody-generator,0d56792ff0c7048e3e75e51ad7780bfbeb79caf5,tests/fixtures/dishacled/dishacled.legacy.ui.ttl,extension:.ttl,20565,df6fe19e0f5d0659c507bff42fb333015b7411ba587affcfc4458d81ea3105e8,fetched,parsed,turtle,true,0,0,32,0,84,sh:path|sh:property,
356760668,RedCrusaderJr/rdf4j,7cb2554e2004648eee0d17011c3eba8e6a8dd3e0,compliance/model/src/test/resources/benchmarkFiles/blankNodes.ttl,extension:.ttl,1003,4588a8803ba351db7e3baff7fffa6d0058d4bef99229ecb212b9674e8066c8a9,fetched,parsed,turtle,true,0,0,0,0,0,,
356760668,RedCrusaderJr/rdf4j,7cb2554e2004648eee0d17011c3eba8e6a8dd3e0,compliance/model/src/test/resources/benchmarkFiles/blankNodesLarge.ttl,extension:.ttl,6220,44de8137adca11fcab8fef0a649c8e013ea3f6ad5aa43a7ab1e39b0b14a2a0fd,fetched,parsed,turtle,true,0,0,0,0,0,,
356760668,RedCrusaderJr/rdf4j,7cb2554e2004648eee0d17011c3eba8e6a8dd3e0,compliance/model/src/test/resources/benchmarkFiles/bsbm-100-changed.ttl,extension:.ttl,3797562,7dc18370a869dfed43c783b13e0cb38dfdcf458e1a96c7e948e58230d5e16d2e,fetched,parsed,turtle,false,0,0,0,0,0,,
356760668,RedCrusaderJr/rdf4j,7cb2554e2004648eee0d17011c3eba8e6a8dd3e0,compliance/model/src/test/resources/benchmarkFiles/bsbm-100.ttl,extension:.ttl,3797534,b3a4350f71403e9984dcfb83c77c18835095810f16819ec1dc9989810b58bcf9,fetched,parsed,turtle,false,0,0,0,0,0,,
356760668,RedCrusaderJr/rdf4j,7cb2554e2004648eee0d17011c3eba8e6a8dd3e0,compliance/model/src/test/resources/benchmarkFiles/empty.ttl,extension:.ttl,0,e3b0c44298fc1c149afbf4c8996fb92427ae41e4649b934ca495991b7852b855,fetched,parsed,turtle,false,0,0,0,0,0,,
356760668,RedCrusaderJr/rdf4j,7cb2554e2004648eee0d17011c3eba8e6a8dd3e0,compliance/model/src/test/resources/benchmarkFiles/internallyIsomorphic.ttl,extension:.ttl,68781,b208dee2a3d41f25313a4a513dbb04a86b19801ede7a4a117c5b5fb5f81a0b1c,fetched,parsed,turtle,true,16,0,1040,0,0,rdf:type sh:NodeShape|sh:class|sh:datatype|sh:maxCount|sh:maxLength|sh:minCount|sh:minLength|sh:nodeKind|sh:or|sh:path|sh:property|sh:targetClass,
356760668,RedCrusaderJr/rdf4j,7cb2554e2004648eee0d17011c3eba8e6a8dd3e0,compliance/model/src/test/resources/benchmarkFiles/list.ttl,extension:.ttl,2689,7b3a9997bb73f6b689307e903fa0fc759226220ac5efaa3c4e4e47dc842df0ea,fetched,parsed,turtle,true,0,0,0,0,0,,
356760668,RedCrusaderJr/rdf4j,7cb2554e2004648eee0d17011c3eba8e6a8dd3e0,compliance/model/src/test/resources/benchmarkFiles/longChain.ttl,extension:.ttl,34826,00f079a15706ec5b62ff8ce71fbffe07e88a18057500973a3df32c124b3427e3,fetched,parsed,turtle,false,0,0,0,0,0,,
356760668,RedCrusaderJr/rdf4j,7cb2554e2004648eee0d17011c3eba8e6a8dd3e0,compliance/model/src/test/resources/benchmarkFiles/manyProperties.ttl,extension:.ttl,81155,d39c47568638845e3710d6a0c37134b63e80811568bff05ad7b9b5d2178f7101,fetched,parsed,turtle,true,0,0,0,0,0,,
356760668,RedCrusaderJr/rdf4j,7cb2554e2004648eee0d17011c3eba8e6a8dd3e0,compliance/model/src/test/resources/benchmarkFiles/manyProperties2.ttl,extension:.ttl,37266,6f0bfa7c4003ba293758ae7c3288faf03c1b81a92e08cf5797f8f98e0ee4bc13,fetched,parsed,turtle,true,0,0,0,0,0,,
356760668,RedCrusaderJr/rdf4j,7cb2554e2004648eee0d17011c3eba8e6a8dd3e0,compliance/model/src/test/resources/benchmarkFiles/shacl.ttl,extension:.ttl,25544,23ecac2fc639096da51ba7533859a2da73a12f9ba7708032b12f225ba4e3a564,fetched,parsed,turtle,true,11,0,378,0,0,rdf:type sh:NodeShape|sh:class|sh:datatype|sh:maxCount|sh:maxLength|sh:minCount|sh:minLength|sh:nodeKind|sh:or|sh:path|sh:property|sh:targetClass|sh:uniqueLang,
356760668,RedCrusaderJr/rdf4j,7cb2554e2004648eee0d17011c3eba8e6a8dd3e0,compliance/model/src/test/resources/benchmarkFiles/shaclValidationReport-changed.ttl,extension:.ttl,230671,d268b055f7e41e7a172dc5558fd820dbdfa143c2c7f968e46d6d3db5b537a774,fetched,parsed,turtle,true,1,1,6,0,7002,rdf:type sh:NodeShape|rdf:type sh:PropertyShape|sh:not|sh:path|sh:targetClass|sh:uniqueLang,
356760668,RedCrusaderJr/rdf4j,7cb2554e2004648eee0d17011c3eba8e6a8dd3e0,compliance/model/src/test/resources/benchmarkFiles/shaclValidationReport.ttl,extension:.ttl,230551,5a7606279be6f3e0576d3d414c5fdab3d5459a4a11efe87bb70ddbca966a1676,fetched,parsed,turtle,true,1,1,6,0,7002,rdf:type sh:NodeShape|rdf:type sh:PropertyShape|sh:not|sh:path|sh:targetClass|sh:uniqueLang,
356760668,RedCrusaderJr/rdf4j,7cb2554e2004648eee0d17011c3eba8e6a8dd3e0,compliance/model/src/test/resources/benchmarkFiles/sparqlTestCase.ttl,extension:.ttl,3488,9ca3fce3b369fbb14eae54a28c461e0d9d696d6989bf5f83ecfefff2af61a9c3,fetched,parsed,turtle,false,0,0,0,0,0,,
356760668,RedCrusaderJr/rdf4j,7cb2554e2004648eee0d17011c3eba8e6a8dd3e0,compliance/model/src/test/resources/benchmarkFiles/spin-full-forwardchained.ttl,extension:.ttl,762513,f9b1f6ce43faa96a9a3806794d74ee1b1b3762c3b8f4196e962ba8a3f13cc885,fetched,parsed,turtle,false,0,0,0,0,0,,
356760668,RedCrusaderJr/rdf4j,7cb2554e2004648eee0d17011c3eba8e6a8dd3e0,compliance/model/src/test/resources/benchmarkFiles/uuid.ttl,extension:.ttl,3110047,928db4840249ff82f74484455a855d9c143a11389374c5864becdfe0a8ea8cb8,fetched,parsed,turtle,false,0,0,0,0,0,,
356760668,RedCrusaderJr/rdf4j,7cb2554e2004648eee0d17011c3eba8e6a8dd3e0,compliance/repository/src/test/resources/fixtures/memory-rdfs.ttl,extension:.ttl,973,94617dd7adb6c49b167a93269c24686937d872cf5b40ac2dc6fef546ffac189c,fetched,parsed,turtle,false,0,0,0,0,0,,
356760668,RedCrusaderJr/rdf4j,7cb2554e2004648eee0d17011c3eba8e6a8dd3e0,compliance/repository/src/test/resources/fixtures/memory.ttl,extension:.ttl,838,575434159a414c1f37f845ff0b2e26700c585cdc8e54f2c7b81e0a21889814b6,fetched,parsed,turtle,false,0,0,0,0,0,,
356760668,RedCrusaderJr/rdf4j,7cb2554e2004648eee0d17011c3eba8e6a8dd3e0,core/http/client/src/test/resources/__files/repository-config.nt,extension:.nt,72,1d15c06ec381255d222552f911d62791f3cdd9b6d990073f0f7acce389710440,fetched,parsed,nt,false,0,0,0,0,0,,
356760668,RedCrusaderJr/rdf4j,7cb2554e2004648eee0d17011c3eba8e6a8dd3e0,core/queryalgebra/evaluation/src/test/resources/benchmarkFiles/bsbm-100.ttl,extension:.ttl,3797534,b3a4350f71403e9984dcfb83c77c18835095810f16819ec1dc9989810b58bcf9,fetched,parsed,turtle,false,0,0,0,0,0,,
356760668,RedCrusaderJr/rdf4j,7cb2554e2004648eee0d17011c3eba8e6a8dd3e0,core/repository/api/src/main/resources/org/eclipse/rdf4j/repository/config/memory-customrule.ttl,extension:.ttl,1643,8a75945575738912ccd1a5c3cdc67b48014c34da62aee324d3c8307a9cba3008,fetched,parse_error,turtle,false,0,0,0,0,0,,"BadSyntax: at line 34 of <>:
Bad syntax (objectList expected) at ^ in:
""...b'ration Cache sync threshold|10000%}"";\n            ms:persist'^b' {%Persist|true|false%} ;\n            ms:syncDelay {%Sync de'..."""
356760668,RedCrusaderJr/rdf4j,7cb2554e2004648eee0d17011c3eba8e6a8dd3e0,core/repository/api/src/main/resources/org/eclipse/rdf4j/repository/config/memory-lucene.ttl,extension:.ttl,1455,0796879688ab042005ea9229b87f2a66a393977ecc5a3b7fe1db957ed6f043a9,fetched,parse_error,turtle,false,0,0,0,0,0,,"BadSyntax: at line 24 of <>:
Bad syntax (objectList expected) at ^ in:
""...b'c threshold|10000%}"";\n                            ms:persist'^b' {%Persist|true|false%} ;\n                            ms:syn'..."""
356760668,RedCrusaderJr/rdf4j,7cb2554e2004648eee0d17011c3eba8e6a8dd3e0,core/repository/api/src/main/resources/org/eclipse/rdf4j/repository/config/memory-rdfs-dt.ttl,extension:.ttl,1344,5d55ee391164cd55e1c950fe5a0183f0de16e53feaeb116c27b4200026660bee,fetched,parse_error,turtle,false,0,0,0,0,0,,"BadSyntax: at line 25 of <>:
Bad syntax (objectList expected) at ^ in:
""...b'ery Iteration Cache size|10000%}"";\n               ms:persist'^b' {%Persist|true|false%} ;\n               ms:syncDelay {%Sync'..."""
356760668,RedCrusaderJr/rdf4j,7cb2554e2004648eee0d17011c3eba8e6a8dd3e0,core/repository/api/src/main/resources/org/eclipse/rdf4j/repository/config/memory-rdfs-legacy.ttl,extension:.ttl,1194,2d5b18cc9d96af73c4e233ade7be78203ff278cd0a35a9723d6384a8db561601,fetched,parse_error,turtle,false,0,0,0,0,0,,"BadSyntax: at line 23 of <>:
Bad syntax (objectList expected) at ^ in:
""...b'%Query Iteration Cache size|10000%}"";\n            ms:persist'^b' {%Persist|true|false%} ;\n            ms:syncDelay {%Sync de'..."""
356760668,RedCrusaderJr/rdf4j,7cb2554e2004648eee0d17011c3eba8e6a8dd3e0,core/repository/api/src/main/resources/org/eclipse/rdf4j/repository/config/memory-rdfs-lucene.ttl,extension:.ttl,1444,e73d76b15aa284bac77a3a2bb161ab0c95360288b35c7b3bb7ee9b760325c339,fetched,parse_error,turtle,false,0,0,0,0,0,,"BadSyntax: at line 27 of <>:
Bad syntax (objectList expected) at ^ in:
""...b' Iteration Cache size|10000%}"";\n                  ms:persist'^b' {%Persist|true|false%} ;\n                  ms:syncDelay {%S'..."""
356760668,RedCrusaderJr/rdf4j,7cb2554e2004648eee0d17011c3eba8e6a8dd3e0,core/repository/api/src/main/resources/org/eclipse/rdf4j/repository/config/memory-rdfs.ttl,extension:.ttl,1172,6ba69bbeb3ec70267eedfe59d7f22bdd723adf0a7f3e68091cba9e9987c36aa3,fetched,parse_error,turtle,false,0,0,0,0,0,,"BadSyntax: at line 23 of <>:
Bad syntax (objectList expected) at ^ in:
""...b'%Query Iteration Cache size|10000%}"";\n            ms:persist'^b' {%Persist|true|false%} ;\n            ms:syncDelay {%Sync de'..."""
356760668,RedCrusaderJr/rdf4j,7cb2554e2004648eee0d17011c3eba8e6a8dd3e0,core/repository/api/src/main/resources/org/eclipse/rdf4j/repository/config/memory-shacl.ttl,extension:.ttl,1124,7c5d810ee7d52f8c27ff5c2eb8b1b9a860ea8df219f3f3ab931c1c90427398a6,fetched,parse_error,turtle,false,0,0,0,0,0,,"BadSyntax: at line 22 of <>:
Bad syntax (objectList expected) at ^ in:
""...b'%Query Iteration Cache size|10000%}"";\n            ms:persist'^b' {%Persist|true|false%} ;\n            ms:syncDelay {%Sync de'..."""
356760668,RedCrusaderJr/rdf4j,7cb2554e2004648eee0d17011c3eba8e6a8dd3e0,core/repository/api/src/main/resources/org/eclipse/rdf4j/repository/config/memory-spin-rdfs-lucene.ttl,extension:.ttl,1657,a4ba10d010ac8a7635a04bcb8f3abc1011500715fb7d5c5bf90d242d5cdd4a22,fetched,parse_error,turtle,false,0,0,0,0,0,,"BadSyntax: at line 31 of <>:
Bad syntax (objectList expected) at ^ in:
""...b'teration Cache sync threshold|10000%}"";\n\t\t\t\t\t\t    ms:persist'^b' {%Persist|true|false%} ;\n\t\t\t\t\t\t    ms:syncDelay {%Sync dela'..."""
356760668,RedCrusaderJr/rdf4j,7cb2554e2004648eee0d17011c3eba8e6a8dd3e0,core/repository/api/src/main/resources/org/eclipse/rdf4j/repository/config/memory-spin-rdfs.ttl,extension:.ttl,1424,51b542f203a9ae022ac45f63b9d304bf9499ab7c2374b7972bbdea5f58788935,fetched,parse_error,turtle,false,0,0,0,0,0,,"BadSyntax: at line 27 of <>:
Bad syntax (objectList expected) at ^ in:
""...b'ery Iteration Cache sync threshold|10000%}"";\n\t\t\t\t\tms:persist'^b' {%Persist|true|false%} ;\n\t\t\t\t\tms:syncDelay {%Sync delay|0%}'..."""
356760668,RedCrusaderJr/rdf4j,7cb2554e2004648eee0d17011c3eba8e6a8dd3e0,core/repository/api/src/main/resources/org/eclipse/rdf4j/repository/config/memory-spin.ttl,extension:.ttl,1366,7e182446c7cd0f5100e6a72bf9fa44693711416fd7027fdd3951198de9c8a7c3,fetched,parse_error,turtle,false,0,0,0,0,0,,"BadSyntax: at line 26 of <>:
Bad syntax (objectList expected) at ^ in:
""...b'ration Cache sync threshold|10000%}"";\n            ms:persist'^b' {%Persist|true|false%} ;\n            ms:syncDelay {%Sync de'..."""
356760668,RedCrusaderJr/rdf4j,7cb2554e2004648eee0d17011c3eba8e6a8dd3e0,core/repository/api/src/main/resources/org/eclipse/rdf4j/repository/config/memory.ttl,extension:.ttl,1009,9418d322cd515fdfa788857e6c0c79c8fe5957c241ffa30acc55383c91a479c2,fetched,parse_error,turtle,false,0,0,0,0,0,,"BadSyntax: at line 19 of <>:
Bad syntax (objectList expected) at ^ in:
""...b'Iteration Cache sync threshold|10000%}"";\n         ms:persist'^b' {%Persist|true|false%} ;\n         ms:syncDelay {%Sync delay'..."""
356760668,RedCrusaderJr/rdf4j,7cb2554e2004648eee0d17011c3eba8e6a8dd3e0,core/repository/api/src/main/resources/org/eclipse/rdf4j/repository/config/native-customrule.ttl,extension:.ttl,1612,fed204e92722e4262e2c3627f16f337676ee32059f625e45b6adfdf7f0e18643,fetched,parsed,turtle,false,0,0,0,0,0,,
356760668,RedCrusaderJr/rdf4j,7cb2554e2004648eee0d17011c3eba8e6a8dd3e0,core/repository/api/src/main/resources/org/eclipse/rdf4j/repository/config/native-lucene.ttl,extension:.ttl,1468,5e218de59702a55c4fddcda160c43baba36e894113ff683ba598c8008c990848,fetched,parsed,turtle,false,0,0,0,0,0,,
356760668,RedCrusaderJr/rdf4j,7cb2554e2004648eee0d17011c3eba8e6a8dd3e0,core/repository/api/src/main/resources/org/eclipse/rdf4j/repository/config/native-rdfs-dt.ttl,extension:.ttl,1310,eab67b18e8c79fb9aa67c5a74b39f57b1d1348b82d83a06317ef66ef7b5ec783,fetched,parsed,turtle,false,0,0,0,0,0,,
356760668,RedCrusaderJr/rdf4j,7cb2554e2004648eee0d17011c3eba8e6a8dd3e0,core/repository/api/src/main/resources/org/eclipse/rdf4j/repository/config/native-rdfs-lucene.ttl,extension:.ttl,1580,a178b88f4b3cf1262592494d60540fc03916458ee552a5dc8091a71ce098bd75,fetched,parsed,turtle,false,0,0,0,0,0,,
356760668,RedCrusaderJr/rdf4j,7cb2554e2004648eee0d17011c3eba8e6a8dd3e0,core/repository/api/src/main/resources/org/eclipse/rdf4j/repository/config/native-rdfs.ttl,extension:.ttl,1143,ab0b908651ef70750e84067b67ae0bea5816fd772a0b9393ba10dfc940f17c5d,fetched,parsed,turtle,false,0,0,0,0,0,,
356760668,RedCrusaderJr/rdf4j,7cb2554e2004648eee0d17011c3eba8e6a8dd3e0,core/repository/api/src/main/resources/org/eclipse/rdf4j/repository/config/native-shacl.ttl,extension:.ttl,1091,88007e138966cbb72e0063c55b12e002773ccd2662dfa77ec01ae6199a3d86bf,fetched,parsed,turtle,false,0,0,0,0,0,,
356760668,RedCrusaderJr/rdf4j,7cb2554e2004648eee0d17011c3eba8e6a8dd3e0,core/repository/api/src/main/resources/org/eclipse/rdf4j/repository/config/native-spin-rdfs-lucene.ttl,extension:.ttl,1795,cd7ec0d141ed6e5668936fa0a5a615ad1b294bd95f2b0eb3ac1f27ebcc0b71d3,fetched,parsed,turtle,false,0,0,0,0,0,,
356760668,RedCrusaderJr/rdf4j,7cb2554e2004648eee0d17011c3eba8e6a8dd3e0,core/repository/api/src/main/resources/org/eclipse/rdf4j/repository/config/native-spin-rdfs.ttl,extension:.ttl,1513,84c9522f09099587dc30617da742377efdc74c1a57a174c4af5f1be7340563d5,fetched,parsed,turtle,false,0,0,0,0,0,,
356760668,RedCrusaderJr/rdf4j,7cb2554e2004648eee0d17011c3eba8e6a8dd3e0,core/repository/api/src/main/resources/org/eclipse/rdf4j/repository/config/native-spin.ttl,extension:.ttl,1307,6d0edef99654bbda3e54be8293d2418962a59a5409e0ba4401f619b61818e67a,fetched,parsed,turtle,false,0,0,0,0,0,,
356760668,RedCrusaderJr/rdf4j,7cb2554e2004648eee0d17011c3eba8e6a8dd3e0,core/repository/api/src/main/resources/org/eclipse/rdf4j/repository/config/native.ttl,extension:.ttl,971,f2e694cac0d51af50eff52a446ab0a521e5eec9cfef8497c4ddecad546ad1a99,fetched,parsed,turtle,false,0,0,0,0,0,,
356760668,RedCrusaderJr/rdf4j,7cb2554e2004648eee0d17011c3eba8e6a8dd3e0,core/repository/api/src/main/resources/org/eclipse/rdf4j/repository/config/remote.ttl,extension:.ttl,621,a940705690358766c5114896ae9e16c6c1530bd62c29159e047a8cba118dd0fe,fetched,parsed,turtle,false,0,0,0,0,0,,
356760668,RedCrusaderJr/rdf4j,7cb2554e2004648eee0d17011c3eba8e6a8dd3e0,core/repository/api/src/main/resources/org/eclipse/rdf4j/repository/config/sparql.ttl,extension:.ttl,633,3429145f665ada8e631dd97d1a93202255f914d0e425a3a587c78c4e0cfbde78,fetched,parsed,turtle,false,0,0,0,0,0,,
356760668,RedCrusaderJr/rdf4j,7cb2554e2004648eee0d17011c3eba8e6a8dd3e0,core/repository/manager/src/main/resources/org/eclipse/rdf4j/repository/config/system.ttl,extension:.ttl,881,9b3039d309fcf6b0d0abc7076a87fd3b6d6d40d7118caf996c446420e817e60f,fetched,parsed,turtle,false,0,0,0,0,0,,
356760668,RedCrusaderJr/rdf4j,7cb2554e2004648eee0d17011c3eba8e6a8dd3e0,core/repository/sail/src/test/resources/proxy.ttl,extension:.ttl,437,170aedf9700da6b0792f4284a39171510995e63e2775572b55597881b325c794,fetched,parsed,turtle,false,0,0,0,0,0,,
356760668,RedCrusaderJr/rdf4j,7cb2554e2004648eee0d17011c3eba8e6a8dd3e0,core/rio/binary/src/test/resources/testcases/binary/binary-RDF-langString-no-language-test.rdf,extension:.rdf,166,802df74e3d30d075fb1ed2f8477a9fa6aac44cc5758eb5ac13a939275526ee84,fetched,parse_error,xml,false,0,0,0,0,0,,SAXParseException: <unknown>:1:4: not well-formed (invalid token)
356760668,RedCrusaderJr/rdf4j,7cb2554e2004648eee0d17011c3eba8e6a8dd3e0,core/rio/hdt/src/test/resources/test-orig.nt,extension:.nt,6314,0e9f3e360811a9db77d2a5a37352e26b6d2764738304f4bbcb127746fe0e22d1,fetched,parsed,nt,false,0,0,0,0,0,,
356760668,RedCrusaderJr/rdf4j,7cb2554e2004648eee0d17011c3eba8e6a8dd3e0,core/rio/jsonld/src/test/resources/testcases/jsonld/jsonld-RDF-langString-no-language-test.jsonld,extension:.jsonld,201,2029b3695266124dd4ef1ed81297cad68eecb2774a1383115da923b55ec9e3f3,fetched,parsed,json-ld,false,0,0,0,0,0,,
356760668,RedCrusaderJr/rdf4j,7cb2554e2004648eee0d17011c3eba8e6a8dd3e0,core/rio/nquads/src/test/resources/testcases/nquads/nquads-RDF-langString-no-language-test.nq,extension:.nq,135,fe2b1c5f040bb3275c9aaffa424d8233388f359a5b39c8b004d607d5b543a8b2,fetched,parsed,nquads,false,0,0,0,0,0,,
356760668,RedCrusaderJr/rdf4j,7cb2554e2004648eee0d17011c3eba8e6a8dd3e0,core/rio/nquads/src/test/resources/testcases/nquads/test1.nq,extension:.nq,691,f702244c38911b9dde1aca4b28875b201db1de6bc3df5c104bb19e06030e8b75,fetched,parsed,nquads,false,0,0,0,0,0,,
356760668,RedCrusaderJr/rdf4j,7cb2554e2004648eee0d17011c3eba8e6a8dd3e0,core/rio/nquads/src/test/resources/testcases/nquads/test2.nq,extension:.nq,118986,e38ccc6b9fbd706997e0aabf4c103df246ec4e8538ccc04366488667f0d51226,fetched,parsed,nquads,false,0,0,0,0,0,,
356760668,RedCrusaderJr/rdf4j,7cb2554e2004648eee0d17011c3eba8e6a8dd3e0,core/rio/ntriples/src/test/resources/testcases/ntriples/ntriples-RDF-langString-no-language-test.nt,extension:.nt,135,fe2b1c5f040bb3275c9aaffa424d8233388f359a5b39c8b004d607d5b543a8b2,fetched,parsed,nt,false,0,0,0,0,0,,
356760668,RedCrusaderJr/rdf4j,7cb2554e2004648eee0d17011c3eba8e6a8dd3e0,core/rio/ntriples/src/test/resources/testcases/ntriples/test.nt,extension:.nt,4036,2d3e7abece8bfe5920901a4d6ac74db5a9ac8614087c48fed30ea9b3ab08c6e5,fetched,parsed,nt,false,0,0,0,0,0,,
356760668,RedCrusaderJr/rdf4j,7cb2554e2004648eee0d17011c3eba8e6a8dd3e0,core/rio/rdfxml/src/test/resources/org/eclipse/rdf4j/rio/rdfxml/not-an-rdfxml-file.rdf,extension:.rdf,129,6bceeba7f13f2bc378b8f2f0353d7ff4d7a8ded235f19dea3b270af8a311a334,fetched,parse_error,xml,false,0,0,0,0,0,,SAXParseException: <unknown>:1:1: not well-formed (invalid token)
356760668,RedCrusaderJr/rdf4j,7cb2554e2004648eee0d17011c3eba8e6a8dd3e0,core/rio/rdfxml/src/test/resources/org/eclipse/rdf4j/rio/rdfxml/rdfxml-absolute-iris.rdf,extension:.rdf,253,21bb3cf29d62d1ce41023f606885ea5457d2642d15e4130aa8c466a71c0437ad,fetched,parsed,xml,false,0,0,0,0,0,,
356760668,RedCrusaderJr/rdf4j,7cb2554e2004648eee0d17011c3eba8e6a8dd3e0,core/rio/rdfxml/src/test/resources/org/eclipse/rdf4j/rio/rdfxml/rdfxml-external-general-entity.rdf,extension:.rdf,391,af72d44ab590d5940171d4ff145ba25768a6658494af49961a956dc1c0a25994,fetched,parsed,xml,false,0,0,0,0,0,,
356760668,RedCrusaderJr/rdf4j,7cb2554e2004648eee0d17011c3eba8e6a8dd3e0,core/rio/rdfxml/src/test/resources/org/eclipse/rdf4j/rio/rdfxml/rdfxml-external-param-entity.rdf,extension:.rdf,409,476cbb3160ff5c32971e02e1c4f4ddbe76d336946d48d89bdc287e86a5937461,fetched,parsed,xml,false,0,0,0,0,0,,
356760668,RedCrusaderJr/rdf4j,7cb2554e2004648eee0d17011c3eba8e6a8dd3e0,core/rio/rdfxml/src/test/resources/org/eclipse/rdf4j/rio/rdfxml/rdfxml-namespace-addition.rdf,extension:.rdf,507,f16770ebe821b7ab8e895ef2b0e11462d81dae50e836830f3d9cfbea756d9f66,fetched,parsed,xml,false,0,0,0,0,0,,
356760668,RedCrusaderJr/rdf4j,7cb2554e2004648eee0d17011c3eba8e6a8dd3e0,core/rio/rdfxml/src/test/resources/org/eclipse/rdf4j/rio/rdfxml/rdfxml-relative-iris-internal-base.rdf,extension:.rdf,269,1e6afb1af6b3d72bf1c1ab9bb13a26dfe090701580753534c52f269e167891ea,fetched,parsed,xml,false,0,0,0,0,0,,
356760668,RedCrusaderJr/rdf4j,7cb2554e2004648eee0d17011c3eba8e6a8dd3e0,core/rio/rdfxml/src/test/resources/org/eclipse/rdf4j/rio/rdfxml/rdfxml-relative-iris-missing-base.rdf,extension:.rdf,235,022b6518a9e670cd04a402fdd6bee78a2a47118d01edf28a2bfaeb6643714062,fetched,parsed,xml,false,0,0,0,0,0,,
356760668,RedCrusaderJr/rdf4j,7cb2554e2004648eee0d17011c3eba8e6a8dd3e0,core/rio/rdfxml/src/test/resources/org/eclipse/rdf4j/rio/rdfxml/rdfxml-whitespace-literal.rdf,extension:.rdf,283,1061eb84fdc45622057bd5bfba01520237cee499c6659ed0128bfa7b2dcc46b7,fetched,parsed,xml,false,0,0,0,0,0,,
356760668,RedCrusaderJr/rdf4j,7cb2554e2004648eee0d17011c3eba8e6a8dd3e0,core/rio/rdfxml/src/test/resources/testcases/rdfxml/openrdf/Manifest.rdf,extension:.rdf,3851,2fd4e6adffd6dd148bdda87980f92b2f1c1bb34ae379956cac40bb6aa1b05d8c,fetched,parsed,xml,false,0,0,0,0,0,,
356760668,RedCrusaderJr/rdf4j,7cb2554e2004648eee0d17011c3eba8e6a8dd3e0,core/rio/rdfxml/src/test/resources/testcases/rdfxml/openrdf/bad-entity-expansion-limit.rdf,extension:.rdf,1004,a007bb7c291ad2147872bc3e791ee33cb920d74273dd850e7c320ea61b670120,fetched,parse_error,xml,false,0,0,0,0,0,,SAXParseException: <unknown>:21:13: limit on input amplification factor (from DTD and entities) breached
356760668,RedCrusaderJr/rdf4j,7cb2554e2004648eee0d17011c3eba8e6a8dd3e0,core/rio/rdfxml/src/test/resources/testcases/rdfxml/openrdf/rdfms-empty-property-elements/test001a.nt,extension:.nt,212,b26b9ef8d655e8e6c17db0641a7726a85c4fe23b44b1a657a06a92515c0f2f1e,fetched,parsed,nt,false,0,0,0,0,0,,
356760668,RedCrusaderJr/rdf4j,7cb2554e2004648eee0d17011c3eba8e6a8dd3e0,core/rio/rdfxml/src/test/resources/testcases/rdfxml/openrdf/rdfms-empty-property-elements/test001a.rdf,extension:.rdf,544,3a3371769b5cfc0295ee8d9865fcda5cb8a51ced018624037e6c1fb8f2d3a9be,fetched,parsed,xml,false,0,0,0,0,0,,
356760668,RedCrusaderJr/rdf4j,7cb2554e2004648eee0d17011c3eba8e6a8dd3e0,core/rio/rdfxml/src/test/resources/testcases/rdfxml/openrdf/rdfms-empty-property-elements/test001b.nt,extension:.nt,216,8ff190ff34b0b7370986df75f439a0a4e051c18361b9f9e5d8f048339feb5be2,fetched,parsed,nt,false,0,0,0,0,0,,
356760668,RedCrusaderJr/rdf4j,7cb2554e2004648eee0d17011c3eba8e6a8dd3e0,core/rio/rdfxml/src/test/resources/testcases/rdfxml/openrdf/rdfms-empty-property-elements/test001b.rdf,extension:.rdf,440,7d54a2e425ccfae6e0a1a44fb5904f13452380fd4cb2f9d958cd56d593a6016c,fetched,parsed,xml,false,0,0,0,0,0,,
356760668,RedCrusaderJr/rdf4j,7cb2554e2004648eee0d17011c3eba8e6a8dd3e0,core/rio/rdfxml/src/test/resources/testcases/rdfxml/openrdf/rdfms-empty-property-elements/test002.nt,extension:.nt,157,b55147b2f4c18df84bd58df311b626e8b6fe86b4f6974ca11ab4dd822cf2767c,fetched,parsed,nt,false,0,0,0,0,0,,
356760668,RedCrusaderJr/rdf4j,7cb2554e2004648eee0d17011c3eba8e6a8dd3e0,core/rio/rdfxml/src/test/resources/testcases/rdfxml/openrdf/rdfms-empty-property-elements/test002a.rdf,extension:.rdf,545,4941d081031b15445bfda94f055da2f57be4b0460cad733e5d6c95b637ab60f1,fetched,parsed,xml,false,0,0,0,0,0,,
356760668,RedCrusaderJr/rdf4j,7cb2554e2004648eee0d17011c3eba8e6a8dd3e0,core/rio/rdfxml/src/test/resources/testcases/rdfxml/openrdf/rdfms-empty-property-elements/test002b.rdf,extension:.rdf,440,753563fd65a4f0e70604569e9af7044314a4333b649e26837d286c98957a1757,fetched,parsed,xml,false,0,0,0,0,0,,
356760668,RedCrusaderJr/rdf4j,7cb2554e2004648eee0d17011c3eba8e6a8dd3e0,core/rio/rdfxml/src/test/resources/testcases/rdfxml/openrdf/rdfms-empty-property-elements/test003.nt,extension:.nt,75,7ab59e0ee716c82839ff3322ad4db7fadb8bf8c7a732e8c78c3cf6ce00fc6705,fetched,parsed,nt,false,0,0,0,0,0,,
356760668,RedCrusaderJr/rdf4j,7cb2554e2004648eee0d17011c3eba8e6a8dd3e0,core/rio/rdfxml/src/test/resources/testcases/rdfxml/openrdf/rdfms-empty-property-elements/test003a.rdf,extension:.rdf,383,3d5199ccf6708693decd2fe1219cd8a178e585a0e86b90232e1af0dd210807ea,fetched,parsed,xml,false,0,0,0,0,0,,
356760668,RedCrusaderJr/rdf4j,7cb2554e2004648eee0d17011c3eba8e6a8dd3e0,core/rio/rdfxml/src/test/resources/testcases/rdfxml/openrdf/rdfms-empty-property-elements/test003b.rdf,extension:.rdf,400,418a6a219669d316aaee9a2542c628d9273ef7a7c4cbf3b04ee64f78b9320530,fetched,parsed,xml,false,0,0,0,0,0,,
356760668,RedCrusaderJr/rdf4j,7cb2554e2004648eee0d17011c3eba8e6a8dd3e0,core/rio/rdfxml/src/test/resources/testcases/rdfxml/openrdf/xmlbase/test001.nt,extension:.nt,129,93b8591b312b8afb31a3f2762d256396a43294062caa03d767f45792f1a166ed,fetched,parsed,nt,false,0,0,0,0,0,,
356760668,RedCrusaderJr/rdf4j,7cb2554e2004648eee0d17011c3eba8e6a8dd3e0,core/rio/rdfxml/src/test/resources/testcases/rdfxml/openrdf/xmlbase/test001.rdf,extension:.rdf,256,8c19af5f1de8d85417df138a7f2eac92be0cbc60a9edddead8bdae6d2aecefd5,fetched,parsed,xml,false,0,0,0,0,0,,
356760668,RedCrusaderJr/rdf4j,7cb2554e2004648eee0d17011c3eba8e6a8dd3e0,core/rio/rdfxml/src/test/resources/testcases/rdfxml/rdfxml-RDF-langString-no-language-test.rdf,extension:.rdf,334,0fd7883960da5cce3667b4939bcb843f8f80acb804eb8bbbaf0f8fdfb9c32d9f,fetched,parsed,xml,false,0,0,0,0,0,,
356760668,RedCrusaderJr/rdf4j,7cb2554e2004648eee0d17011c3eba8e6a8dd3e0,core/rio/trig/src/test/resources/testcases/trig/trig-RDF-langString-no-language-test.trig,extension:.trig,135,fe2b1c5f040bb3275c9aaffa424d8233388f359a5b39c8b004d607d5b543a8b2,fetched,parsed,trig,false,0,0,0,0,0,,
356760668,RedCrusaderJr/rdf4j,7cb2554e2004648eee0d17011c3eba8e6a8dd3e0,core/rio/trig/src/test/resources/testcases/trig/trig-syntax-minimal-whitespace-01.trig,extension:.trig,817,32527e9315286b58624a56d605d8ab89b89b60051445d751e2088ad7224657e6,fetched,parsed,trig,false,0,0,0,0,0,,
356760668,RedCrusaderJr/rdf4j,7cb2554e2004648eee0d17011c3eba8e6a8dd3e0,core/rio/turtle/src/test/resources/org/eclipse/rdf4j/rio/turtle/turtle-absolute-iris.ttl,extension:.ttl,102,c8b06a019b208d7a817bc5de093919933b5a6245b152bd95e5d54436c635f1a8,fetched,parsed,turtle,false,0,0,0,0,0,,
356760668,RedCrusaderJr/rdf4j,7cb2554e2004648eee0d17011c3eba8e6a8dd3e0,core/rio/turtle/src/test/resources/org/eclipse/rdf4j/rio/turtle/turtle-relative-iris-internal-base.ttl,extension:.ttl,114,72ee352c5c0002dc57e4312309222392b5b7b1965b694063605561d18935fa58,fetched,parsed,turtle,false,0,0,0,0,0,,
356760668,RedCrusaderJr/rdf4j,7cb2554e2004648eee0d17011c3eba8e6a8dd3e0,core/rio/turtle/src/test/resources/org/eclipse/rdf4j/rio/turtle/turtle-relative-iris-missing-base.ttl,extension:.ttl,84,bbda8fa7d8561557455bdb3f8e8366c2f743b48103cba791239d17ab94dcef09,fetched,parsed,turtle,false,0,0,0,0,0,,
356760668,RedCrusaderJr/rdf4j,7cb2554e2004648eee0d17011c3eba8e6a8dd3e0,core/rio/turtle/src/test/resources/test-newlines.ttl,extension:.ttl,274,0eba1f4cc3ceec2235253b9794ca9399a24b3b3e72d65183e8c4957ec71b3187,fetched,parse_error,turtle,false,0,0,0,0,0,,"BadSyntax: at line 9 of <>:
Bad syntax (Prefix "":"" not bound) at ^ in:
""...b"" ex:Foo .\nex:b a ex:Foo .\nex:b ex:value '''^M'''.\nex:c \n    ""^b':foo ex:Foo .\nex:a ex:value 1.0 .\nex:a ex:value 3.0 .\n'"""
356760668,RedCrusaderJr/rdf4j,7cb2554e2004648eee0d17011c3eba8e6a8dd3e0,core/rio/turtle/src/test/resources/testcases/turtle/turtle-RDF-langString-no-language-test.ttl,extension:.ttl,135,fe2b1c5f040bb3275c9aaffa424d8233388f359a5b39c8b004d607d5b543a8b2,fetched,parsed,turtle,false,0,0,0,0,0,,
356760668,RedCrusaderJr/rdf4j,7cb2554e2004648eee0d17011c3eba8e6a8dd3e0,core/rio/turtle/src/test/resources/testcases/turtle/turtle-long-literals-test.nt,extension:.nt,289,8f062da2463885951826577601f62f8145125a4ba2989d69310931a2faf50c90,fetched,parsed,nt,false,0,0,0,0,0,,
356760668,RedCrusaderJr/rdf4j,7cb2554e2004648eee0d17011c3eba8e6a8dd3e0,core/rio/turtle/src/test/resources/testcases/turtle/turtle-long-literals-test.ttl,extension:.ttl,153,623f016eae6296abe6dfb07d4c3d48d753355882a70713803045666b30248ab3,fetched,parsed,turtle,false,0,0,0,0,0,,
356760668,RedCrusaderJr/rdf4j,7cb2554e2004648eee0d17011c3eba8e6a8dd3e0,core/sail/elasticsearch-store/src/test/resources/benchmarkFiles/datagovbe-valid.ttl,extension:.ttl,58028456,,skipped_too_large,skipped_too_large,,false,0,0,0,0,0,,
356760668,RedCrusaderJr/rdf4j,7cb2554e2004648eee0d17011c3eba8e6a8dd3e0,core/sail/elasticsearch-store/src/test/resources/testFile.ttl,extension:.ttl,514,606d02b26fdea0e63c82f01ef4a219e63f044b6b14f6d9b884b93913d12fdea9,fetched,parsed,turtle,true,1,0,5,0,0,rdf:type sh:NodeShape|sh:minCount|sh:path|sh:property|sh:targetClass,
356760668,RedCrusaderJr/rdf4j,7cb2554e2004648eee0d17011c3eba8e6a8dd3e0,core/sail/extensible-store/src/test/resources/bsbm-100.ttl,extension:.ttl,3797534,b3a4350f71403e9984dcfb83c77c18835095810f16819ec1dc9989810b58bcf9,fetched,parsed,turtle,false,0,0,0,0,0,,
356760668,RedCrusaderJr/rdf4j,7cb2554e2004648eee0d17011c3eba8e6a8dd3e0,core/sail/federation/src/test/resources/testcases/federation-member-1.ttl,extension:.ttl,682,3227727a22ffa0ee242d3234c941a879c80ff36b5fb041f84bc418454826433c,fetched,parsed,turtle,false,0,0,0,0,0,,
356760668,RedCrusaderJr/rdf4j,7cb2554e2004648eee0d17011c3eba8e6a8dd3e0,core/sail/federation/src/test/resources/testcases/federation-member-2.ttl,extension:.ttl,1030,c0f57ff2f82a66dd7ea464e08a34ada19b061a916b7420e34375d1300e8a1ee3,fetched,parsed,turtle,false,0,0,0,0,0,,
356760668,RedCrusaderJr/rdf4j,7cb2554e2004648eee0d17011c3eba8e6a8dd3e0,core/sail/federation/src/test/resources/testcases/federation-member-3.ttl,extension:.ttl,820,02486184a4a351612364ede8f88644254ceb686de04d963e4c501510a212dd22,fetched,parsed,turtle,false,0,0,0,0,0,,
356760668,RedCrusaderJr/rdf4j,7cb2554e2004648eee0d17011c3eba8e6a8dd3e0,core/sail/inferencer/src/test/resources/custom-query-inferencing/predicate-serql/initial.ttl,extension:.ttl,128,fbb3627b09c69fd2b716c71026d333f780489ba2a5c2b44b9de8dafebc8ca1e8,fetched,parsed,turtle,false,0,0,0,0,0,,
356760668,RedCrusaderJr/rdf4j,7cb2554e2004648eee0d17011c3eba8e6a8dd3e0,core/sail/inferencer/src/test/resources/custom-query-inferencing/predicate/initial.ttl,extension:.ttl,128,fbb3627b09c69fd2b716c71026d333f780489ba2a5c2b44b9de8dafebc8ca1e8,fetched,parsed,turtle,false,0,0,0,0,0,,
356760668,RedCrusaderJr/rdf4j,7cb2554e2004648eee0d17011c3eba8e6a8dd3e0,core/sail/inferencer/src/test/resources/custom-query-inferencing/resource/initial.ttl,extension:.ttl,102,5b99c08a68f734503773ba387c2b1488f95ad9c4ef13d872395bb5c012733ff7,fetched,parsed,turtle,false,0,0,0,0,0,,
356760668,RedCrusaderJr/rdf4j,7cb2554e2004648eee0d17011c3eba8e6a8dd3e0,core/sail/lucene-spin/src/test/resources/org/eclipse/rdf4j/sail/220-example.ttl,extension:.ttl,1433,7da2904ade7697b89324dc5635dd279ce0c451917ad4d458f222d29b26d23452,fetched,parsed,turtle,false,0,0,0,0,0,,
356760668,RedCrusaderJr/rdf4j,7cb2554e2004648eee0d17011c3eba8e6a8dd3e0,core/sail/memory/src/test/resources/alp-testdata.ttl,extension:.ttl,423,321e94bcc221bcc399c50cd6502c02a6d44275e11031af64de96a8bc725bb209,fetched,parsed,turtle,false,0,0,0,0,0,,
356760668,RedCrusaderJr/rdf4j,7cb2554e2004648eee0d17011c3eba8e6a8dd3e0,core/sail/memory/src/test/resources/benchmarkFiles/datagovbe-valid.ttl,extension:.ttl,58028456,,skipped_too_large,skipped_too_large,,false,0,0,0,0,0,,
356760668,RedCrusaderJr/rdf4j,7cb2554e2004648eee0d17011c3eba8e6a8dd3e0,core/sail/nativerdf/src/test/resources/benchmarkFiles/datagovbe-valid.ttl,extension:.ttl,58028456,,skipped_too_large,skipped_too_large,,false,0,0,0,0,0,,
356760668,RedCrusaderJr/rdf4j,7cb2554e2004648eee0d17011c3eba8e6a8dd3e0,core/sail/nativerdf/src/test/resources/nativestore-testdata/SES-1867/initialState.nq,extension:.nq,18048457,fb66cdb410f4c900d92e754bbbb65447557d6b4ecd2e65d2f2804c51f4e9d5c1,fetched,parsed,nquads,false,0,0,0,0,0,,
356760668,RedCrusaderJr/rdf4j,7cb2554e2004648eee0d17011c3eba8e6a8dd3e0,core/sail/nativerdf/src/test/resources/nativestore-testdata/SES-1867/newTriples.nt,extension:.nt,5090308,86518e13c0ce55d4b5c507b0f4531b73d41ba341361eb386726eb3463710a3f9,fetched,parsed,nt,false,0,0,0,0,0,,
356760668,RedCrusaderJr/rdf4j,7cb2554e2004648eee0d17011c3eba8e6a8dd3e0,core/sail/sail-spin/src/test/resources/schema/owl.ttl,extension:.ttl,158,844d95046aa352971df7d41a285f747225e41514449fb96987dd1277bd1e5936,fetched,parse_error,turtle,false,0,0,0,0,0,,"BadSyntax: at line 4 of <>:
Bad syntax (Prefix ""rdfs:"" not bound) at ^ in:
""b'\n@prefix owl: <http://www.w3.org/2002/07/owl#> .\n\nowl:Class '^b'rdfs:subClassOf rdfs:Class .\nowl:Thing a rdfs:Class .\nowl:Re'..."""
356760668,RedCrusaderJr/rdf4j,7cb2554e2004648eee0d17011c3eba8e6a8dd3e0,core/sail/sail-spin/src/test/resources/testcases/testAskConstraint.ttl,extension:.ttl,333,668374c8994a15da6dd5ab50f189564c54aa6e2aef98adc0619ea53976956f2d,fetched,parse_error,turtle,false,0,0,0,0,0,,"BadSyntax: at line 5 of <>:
Bad syntax (Prefix ""rdfs:"" not bound) at ^ in:
""...b'tp://spinrdf.org/spin#>.\n@prefix ex: <ex:>.\n\nex:testClass a '^b'rdfs:Class ;\n\t\tspin:constraint [\n\t\t\t\ta sp:Ask ;\n\t\t\t\tsp:text '..."""
356760668,RedCrusaderJr/rdf4j,7cb2554e2004648eee0d17011c3eba8e6a8dd3e0,core/sail/sail-spin/src/test/resources/testcases/testAskFunctionConstraint.ttl,extension:.ttl,588,a6fdf48288fb3a9d8f5a329edef220112450d8febd78c6a3250268478223896c,fetched,parse_error,turtle,false,0,0,0,0,0,,"BadSyntax: at line 5 of <>:
Bad syntax (Prefix ""rdfs:"" not bound) at ^ in:
""...b'tp://spinrdf.org/spin#>.\n@prefix ex: <ex:>.\n\nex:testClass a '^b'rdfs:Class ;\n\t\tspin:constraint [\n\t\t\t\ta sp:Ask ;\n\t\t\t\tsp:text '..."""
356760668,RedCrusaderJr/rdf4j,7cb2554e2004648eee0d17011c3eba8e6a8dd3e0,core/sail/sail-spin/src/test/resources/testcases/testConstructProperty-expected.ttl,extension:.ttl,189,88d89aa4264bcd3d248b4174213fb721acd04f3f4955f146831b9328999070fe,fetched,parsed,turtle,false,0,0,0,0,0,,
356760668,RedCrusaderJr/rdf4j,7cb2554e2004648eee0d17011c3eba8e6a8dd3e0,core/sail/sail-spin/src/test/resources/testcases/testConstructProperty.ttl,extension:.ttl,623,704166fd3458cb86d8189c97f08c11ef9f14b6754606b6e8d98c110ba54073d9,fetched,parse_error,turtle,false,0,0,0,0,0,,"BadSyntax: at line 5 of <>:
Bad syntax (Prefix ""rdfs:"" not bound) at ^ in:
""...b'tp://spinrdf.org/spin#>.\n@prefix ex: <ex:>.\n\nex:TestClass a '^b'rdfs:Class ;\n\t\tspin:rule [\n\t\t\t\ta sp:Construct ;\n\t\t\t\tsp:text '..."""
356760668,RedCrusaderJr/rdf4j,7cb2554e2004648eee0d17011c3eba8e6a8dd3e0,core/sail/sail-spin/src/test/resources/testcases/testConstructRule-expected.ttl,extension:.ttl,189,88d89aa4264bcd3d248b4174213fb721acd04f3f4955f146831b9328999070fe,fetched,parsed,turtle,false,0,0,0,0,0,,
356760668,RedCrusaderJr/rdf4j,7cb2554e2004648eee0d17011c3eba8e6a8dd3e0,core/sail/sail-spin/src/test/resources/testcases/testConstructRule.ttl,extension:.ttl,369,3c7cfecb446d3b8951caa6e78c3d9df376c6f3036c4e2865a1aeeca68138a501,fetched,parse_error,turtle,false,0,0,0,0,0,,"BadSyntax: at line 5 of <>:
Bad syntax (Prefix ""rdfs:"" not bound) at ^ in:
""...b'tp://spinrdf.org/spin#>.\n@prefix ex: <ex:>.\n\nex:TestClass a '^b'rdfs:Class ;\n\t\tspin:rule [\n\t\t\t\ta sp:Construct ;\n\t\t\t\tsp:text '..."""
356760668,RedCrusaderJr/rdf4j,7cb2554e2004648eee0d17011c3eba8e6a8dd3e0,core/sail/sail-spin/src/test/resources/testcases/testConstructor-expected.ttl,extension:.ttl,210,f601d0e9eb768729a473ead75d2a5248e9a86c58e3beed3d403e1594a9af7d48,fetched,parsed,turtle,false,0,0,0,0,0,,
356760668,RedCrusaderJr/rdf4j,7cb2554e2004648eee0d17011c3eba8e6a8dd3e0,core/sail/sail-spin/src/test/resources/testcases/testConstructor-full.ttl,extension:.ttl,659,10e5607a3d1df44437025cbb4d90a57ae9c06bdaca2e142a3e2e95e0fce6d2ab,fetched,parse_error,turtle,false,0,0,0,0,0,,"BadSyntax: at line 5 of <>:
Bad syntax (Prefix ""rdfs:"" not bound) at ^ in:
""...b'://spinrdf.org/spin#>.\n@prefix ex: <ex:>.\n\nex:ParentClass a '^b'rdfs:Class ;\n\t\tspin:constructor [\n\t\t\t\ta sp:Construct ;\n\t\t\t\ts'..."""
356760668,RedCrusaderJr/rdf4j,7cb2554e2004648eee0d17011c3eba8e6a8dd3e0,core/sail/sail-spin/src/test/resources/testcases/testConstructor.ttl,extension:.ttl,627,7e3474e0dfb1f59e89162f5ce40677adcea2d9b6d3d8b7d5f93a6b1e1a3abd91,fetched,parse_error,turtle,false,0,0,0,0,0,,"BadSyntax: at line 5 of <>:
Bad syntax (Prefix ""rdfs:"" not bound) at ^ in:
""...b'://spinrdf.org/spin#>.\n@prefix ex: <ex:>.\n\nex:ParentClass a '^b'rdfs:Class ;\n\t\tspin:constructor [\n\t\t\t\ta sp:Construct ;\n\t\t\t\ts'..."""
356760668,RedCrusaderJr/rdf4j,7cb2554e2004648eee0d17011c3eba8e6a8dd3e0,core/sail/sail-spin/src/test/resources/testcases/testDeepConstructRule-expected.ttl,extension:.ttl,142,3a7d78d95a3f0a211fe377fe448bfaa2415966a5ed5f629a40e4aba7788b56c6,fetched,parsed,turtle,false,0,0,0,0,0,,
356760668,RedCrusaderJr/rdf4j,7cb2554e2004648eee0d17011c3eba8e6a8dd3e0,core/sail/sail-spin/src/test/resources/testcases/testDeepConstructRule.ttl,extension:.ttl,368,e81009b7edddc9b19504fdd53912e5b5b0be7f566447ff303a83019f1ce2833c,fetched,parse_error,turtle,false,0,0,0,0,0,,"BadSyntax: at line 5 of <>:
Bad syntax (Prefix ""rdfs:"" not bound) at ^ in:
""...b'/spin#>.\n@prefix ex: <http://example.org/>.\n\nex:TestClass a '^b'rdfs:Class ;\n\t\tspin:rule [\n\t\t\t\ta sp:Construct ;\n\t\t\t\tsp:text '..."""
356760668,RedCrusaderJr/rdf4j,7cb2554e2004648eee0d17011c3eba8e6a8dd3e0,core/sail/sail-spin/src/test/resources/testcases/testEvalFunctionConstraint.ttl,extension:.ttl,606,68f80ce003d4ff17a455524be4a41ee0dc06bdb737b7914ee49f9d0791dcd36e,fetched,parse_error,turtle,false,0,0,0,0,0,,"BadSyntax: at line 5 of <>:
Bad syntax (Prefix ""rdfs:"" not bound) at ^ in:
""...b'tp://spinrdf.org/spin#>.\n@prefix ex: <ex:>.\n\nex:testClass a '^b'rdfs:Class ;\n\t\tspin:constraint [\n\t\t\t\ta sp:Ask ;\n\t\t\t\tsp:text '..."""
356760668,RedCrusaderJr/rdf4j,7cb2554e2004648eee0d17011c3eba8e6a8dd3e0,core/sail/sail-spin/src/test/resources/testcases/testEvaluationMode.ttl,extension:.ttl,311,82e98453fa005992ad8fdd093aeef70339558020187e87c99ea369110568ddfe,fetched,parsed,turtle,false,0,0,0,0,0,,
356760668,RedCrusaderJr/rdf4j,7cb2554e2004648eee0d17011c3eba8e6a8dd3e0,core/sail/sail-spin/src/test/resources/testcases/testMagicProperty-expected.ttl,extension:.ttl,221,03aa18f8facfb4a00d7af468b2d46c353ed351008aed4abae5e205f771bedb33,fetched,parsed,turtle,false,0,0,0,0,0,,
356760668,RedCrusaderJr/rdf4j,7cb2554e2004648eee0d17011c3eba8e6a8dd3e0,core/sail/sail-spin/src/test/resources/testcases/testMagicProperty.ttl,extension:.ttl,666,722b8be7115d9c3055eb203e09e6546924d2dd7f30c6e46257be25a37daefddf,fetched,parse_error,turtle,false,0,0,0,0,0,,"BadSyntax: at line 18 of <>:
Bad syntax (Prefix ""rdfs:"" not bound) at ^ in:
""...b'rg1 ex:prop ?x . bind(?x+1 as ?y)}"""""" \n\t] .\n\nex:TestClass a '^b'rdfs:Class ;\n\t\tspin:rule [\n\t\t\t\ta sp:Construct ;\n\t\t\t\tsp:text '..."""
356760668,RedCrusaderJr/rdf4j,7cb2554e2004648eee0d17011c3eba8e6a8dd3e0,core/sail/sail-spin/src/test/resources/testcases/testMagicPropertyConstraint.ttl,extension:.ttl,660,388949611d1cf5bb771b41d2b79ce2c42a242a9d73d1a51e626fb740ef560dbb,fetched,parse_error,turtle,false,0,0,0,0,0,,"BadSyntax: at line 18 of <>:
Bad syntax (Prefix ""rdfs:"" not bound) at ^ in:
""...b'rg1 ex:prop ?x . bind(?x+1 as ?y)}"""""" \n\t] .\n\nex:TestClass a '^b'rdfs:Class ;\n\t\tspin:constraint [\n\t\t\t\ta sp:Ask ;\n\t\t\t\tsp:text '..."""
356760668,RedCrusaderJr/rdf4j,7cb2554e2004648eee0d17011c3eba8e6a8dd3e0,core/sail/sail-spin/src/test/resources/testcases/testMagicPropertyFunction-expected.ttl,extension:.ttl,214,2d9993e2c20e649ec6262898890897199e3b2a9266cfd0ad90eea9277534ff70,fetched,parsed,turtle,false,0,0,0,0,0,,
356760668,RedCrusaderJr/rdf4j,7cb2554e2004648eee0d17011c3eba8e6a8dd3e0,core/sail/sail-spin/src/test/resources/testcases/testMagicPropertyFunction.ttl,extension:.ttl,692,cb99e4802ce9d8d26058bf8307008a58ad0982224a7940f7c0c5184c1929592b,fetched,parse_error,turtle,false,0,0,0,0,0,,"BadSyntax: at line 18 of <>:
Bad syntax (Prefix ""rdfs:"" not bound) at ^ in:
""...b'\t\t\t\t\tWHERE {?y ex:related ?arg1 .}"""""" \n\t] .\n\nex:TestClass a '^b'rdfs:Class ;\n\t\tspin:rule [\n\t\t\t\ta sp:Construct ;\n\t\t\t\tsp:text '..."""
356760668,RedCrusaderJr/rdf4j,7cb2554e2004648eee0d17011c3eba8e6a8dd3e0,core/sail/sail-spin/src/test/resources/testcases/testMagicPropertyRule-expected.ttl,extension:.ttl,221,03aa18f8facfb4a00d7af468b2d46c353ed351008aed4abae5e205f771bedb33,fetched,parsed,turtle,false,0,0,0,0,0,,
356760668,RedCrusaderJr/rdf4j,7cb2554e2004648eee0d17011c3eba8e6a8dd3e0,core/sail/sail-spin/src/test/resources/testcases/testMagicPropertyRule.ttl,extension:.ttl,666,722b8be7115d9c3055eb203e09e6546924d2dd7f30c6e46257be25a37daefddf,fetched,parse_error,turtle,false,0,0,0,0,0,,"BadSyntax: at line 18 of <>:
Bad syntax (Prefix ""rdfs:"" not bound) at ^ in:
""...b'rg1 ex:prop ?x . bind(?x+1 as ?y)}"""""" \n\t] .\n\nex:TestClass a '^b'rdfs:Class ;\n\t\tspin:rule [\n\t\t\t\ta sp:Construct ;\n\t\t\t\tsp:text '..."""
356760668,RedCrusaderJr/rdf4j,7cb2554e2004648eee0d17011c3eba8e6a8dd3e0,core/sail/sail-spin/src/test/resources/testcases/testNegationConstructRule.ttl,extension:.ttl,632,5c411ae8d9de6168ace03a31ed9fcb6d12c698c20ab3f7a12e2a7ccf3d2f89a4,fetched,parsed,turtle,false,0,0,0,0,0,,
356760668,RedCrusaderJr/rdf4j,7cb2554e2004648eee0d17011c3eba8e6a8dd3e0,core/sail/sail-spin/src/test/resources/testcases/testSelectProperty-expected.ttl,extension:.ttl,189,88d89aa4264bcd3d248b4174213fb721acd04f3f4955f146831b9328999070fe,fetched,parsed,turtle,false,0,0,0,0,0,,
356760668,RedCrusaderJr/rdf4j,7cb2554e2004648eee0d17011c3eba8e6a8dd3e0,core/sail/sail-spin/src/test/resources/testcases/testSelectProperty.ttl,extension:.ttl,606,69a6ff4b2476e391d78f362b3702c0f4eb3db2871639a868f72dfc9682749957,fetched,parse_error,turtle,false,0,0,0,0,0,,"BadSyntax: at line 5 of <>:
Bad syntax (Prefix ""rdfs:"" not bound) at ^ in:
""...b'tp://spinrdf.org/spin#>.\n@prefix ex: <ex:>.\n\nex:TestClass a '^b'rdfs:Class ;\n\t\tspin:rule [\n\t\t\t\ta sp:Construct ;\n\t\t\t\tsp:text '..."""
356760668,RedCrusaderJr/rdf4j,7cb2554e2004648eee0d17011c3eba8e6a8dd3e0,core/sail/sail-spin/src/test/resources/testcases/testSpinxRule-expected.ttl,extension:.ttl,194,d7fafa795a45c164c800d9b849a985d6d1fa6c6127f287c0d842084fa85b6742,fetched,parsed,turtle,false,0,0,0,0,0,,
356760668,RedCrusaderJr/rdf4j,7cb2554e2004648eee0d17011c3eba8e6a8dd3e0,core/sail/sail-spin/src/test/resources/testcases/testSpinxRule.ttl,extension:.ttl,636,67c3021fb78102aaa3df5056e0c9051a3cf47e6a26ca83a1cf394dbe7f513ffe,fetched,parse_error,turtle,false,0,0,0,0,0,,"BadSyntax: at line 13 of <>:
Bad syntax (Prefix ""xsd:"" not bound) at ^ in:
""...b';\n\tspinx:javaScriptCode """"""arg1*arg1;"""""" ;\n\tspin:returnType '^b'xsd:decimal .\n\nex:testClass a rdfs:Class ;\n\t\tspin:rule [\n\t\t\t'..."""
356760668,RedCrusaderJr/rdf4j,7cb2554e2004648eee0d17011c3eba8e6a8dd3e0,core/sail/sail-spin/src/test/resources/testcases/testTemplateConstraint-full.ttl,extension:.ttl,511,0ae099aa9d4d9e8db81699d10bfd530dde9cbf95e5f3a392ccc904da5280963f,fetched,parse_error,turtle,false,0,0,0,0,0,,"BadSyntax: at line 7 of <>:
Bad syntax (Prefix ""rdfs:"" not bound) at ^ in:
""...b' <http://spinrdf.org/arg#>.\n@prefix ex: <ex:>.\n\nex:Person a '^b'rdfs:Class ;\n\t\tspin:constraint [\n\t\t\t\ta spin:Templates, spin:'..."""
356760668,RedCrusaderJr/rdf4j,7cb2554e2004648eee0d17011c3eba8e6a8dd3e0,core/sail/sail-spin/src/test/resources/testcases/testTemplateConstraint.ttl,extension:.ttl,399,905adc0cecc7a19c9db13e7ea5c314730f88766183a803a246ba486e2525c212,fetched,parse_error,turtle,false,0,0,0,0,0,,"BadSyntax: at line 7 of <>:
Bad syntax (Prefix ""rdfs:"" not bound) at ^ in:
""...b' <http://spinrdf.org/arg#>.\n@prefix ex: <ex:>.\n\nex:Person a '^b'rdfs:Class ;\n\t\tspin:constraint [\n\t\t\t\ta spl:ObjectCountProper'..."""
356760668,RedCrusaderJr/rdf4j,7cb2554e2004648eee0d17011c3eba8e6a8dd3e0,core/sail/sail-spin/src/test/resources/testcases/testTransactions-data.ttl,extension:.ttl,131,3d0f9a4c05025399f4fed455542804d8248927ab054952a2813aa3a8b6c511e4,fetched,parsed,turtle,false,0,0,0,0,0,,
356760668,RedCrusaderJr/rdf4j,7cb2554e2004648eee0d17011c3eba8e6a8dd3e0,core/sail/sail-spin/src/test/resources/testcases/testTransactions-expected.ttl,extension:.ttl,159,9897d7b69ebfca585129eaa38472b0f8ee14e1cc482d58c411ce9e65d2bf07e2,fetched,parsed,turtle,false,0,0,0,0,0,,
356760668,RedCrusaderJr/rdf4j,7cb2554e2004648eee0d17011c3eba8e6a8dd3e0,core/sail/sail-spin/src/test/resources/testcases/testTransactions-rule.ttl,extension:.ttl,407,49b793555003961030546e1b279c402a0a4d83634d843bfc809cb0723d58e549,fetched,parse_error,turtle,false,0,0,0,0,0,,"BadSyntax: at line 5 of <>:
Bad syntax (Prefix ""rdfs:"" not bound) at ^ in:
""...b'<http://spinrdf.org/spin#>.\n@prefix ex: <ex:>.\n\nex:Person a '^b'rdfs:Class .\n\nex:John a ex:Person ;\n        ex:parentOf ex:L'..."""
356760668,RedCrusaderJr/rdf4j,7cb2554e2004648eee0d17011c3eba8e6a8dd3e0,core/sail/sail-spin/src/test/resources/testcases/testUpdateTemplateRule-expected.ttl,extension:.ttl,176,9b52f871d87e25aecc853bdf43bd61dfba66545242ee00dad2ffbb058e28624b,fetched,parsed,turtle,false,0,0,0,0,0,,
356760668,RedCrusaderJr/rdf4j,7cb2554e2004648eee0d17011c3eba8e6a8dd3e0,core/sail/sail-spin/src/test/resources/testcases/testUpdateTemplateRule-full.ttl,extension:.ttl,710,31a0d98e9f8b927fecc17cf8099e47af6362037c18c230dc5e34c338e019cf4e,fetched,parse_error,turtle,false,0,0,0,0,0,,"BadSyntax: at line 7 of <>:
Bad syntax (Prefix ""rdfs:"" not bound) at ^ in:
""...b'prefix ex: <ex:>.\n\nex:TestTemplate a spin:UpdateTemplate ;\n\t'^b'rdfs:subClassOf spin:UpdateTemplates ;\n\tspin:body [\n\t\ta sp:M'..."""
356760668,RedCrusaderJr/rdf4j,7cb2554e2004648eee0d17011c3eba8e6a8dd3e0,core/sail/sail-spin/src/test/resources/testcases/testUpdateTemplateRule.ttl,extension:.ttl,631,0a26f4147e57afd22e48d3b7a042ce290602ab7878cc3e80edf69146cde1ed4e,fetched,parse_error,turtle,false,0,0,0,0,0,,"BadSyntax: at line 7 of <>:
Bad syntax (Prefix ""rdfs:"" not bound) at ^ in:
""...b'prefix ex: <ex:>.\n\nex:TestTemplate a spin:UpdateTemplate ;\n\t'^b'rdfs:subClassOf spin:UpdateTemplates ;\n\tspin:body [\n\t\ta sp:M'..."""
356760668,RedCrusaderJr/rdf4j,7cb2554e2004648eee0d17011c3eba8e6a8dd3e0,core/sail/shacl/src/main/resources/shacl-sparql-inference/dashConstants.ttl,extension:.ttl,635,014f6dda4c80b0ccbcfee2976af3f4149da2adab0a52e3fed070774cbd69e2d4,fetched,parsed,turtle,true,0,0,0,0,0,,
356760668,RedCrusaderJr/rdf4j,7cb2554e2004648eee0d17011c3eba8e6a8dd3e0,core/sail/shacl/src/main/resources/shacl-sparql-inference/shaclVocabulary.ttl,extension:.ttl,52886,25dfbf083857e990ef7841641a40d6b76e8d0f1b9dd96647522f53ac4b01529a,fetched,parsed,turtle,true,0,0,74,0,1048,sh:datatype|sh:in|sh:maxCount|sh:nodeKind|sh:path,
356760668,RedCrusaderJr/rdf4j,7cb2554e2004648eee0d17011c3eba8e6a8dd3e0,core/sail/shacl/src/test/resources/complexBenchmark/datagovbe-valid.ttl,extension:.ttl,58028456,,skipped_too_large,skipped_too_large,,false,0,0,0,0,0,,
356760668,RedCrusaderJr/rdf4j,7cb2554e2004648eee0d17011c3eba8e6a8dd3e0,core/sail/shacl/src/test/resources/complexBenchmark/generated.ttl,extension:.ttl,36728856,,skipped_too_large,skipped_too_large,,false,0,0,0,0,0,,
356760668,RedCrusaderJr/rdf4j,7cb2554e2004648eee0d17011c3eba8e6a8dd3e0,core/sail/shacl/src/test/resources/complexBenchmark/shacl.ttl,extension:.ttl,25544,23ecac2fc639096da51ba7533859a2da73a12f9ba7708032b12f225ba4e3a564,fetched,parsed,turtle,true,11,0,378,0,0,rdf:type sh:NodeShape|sh:class|sh:datatype|sh:maxCount|sh:maxLength|sh:minCount|sh:minLength|sh:nodeKind|sh:or|sh:path|sh:property|sh:targetClass|sh:uniqueLang,
356760668,RedCrusaderJr/rdf4j,7cb2554e2004648eee0d17011c3eba8e6a8dd3e0,core/sail/shacl/src/test/resources/complexBenchmark/smallFile.ttl,extension:.ttl,9861,07356dc0cfb1ba7c42c240e7811950049723b9798c795cd12b627012213c16fd,fetched,parsed,turtle,true,0,0,0,0,0,,
356760668,RedCrusaderJr/rdf4j,7cb2554e2004648eee0d17011c3eba8e6a8dd3e0,core/sail/shacl/src/test/resources/complexBenchmark/smallFileInvalid.ttl,extension:.ttl,32491,58dc038a2c4898eba305d0fb920bcde295d974d6b19adc0b5581f9b2ad83fcb8,fetched,parsed,turtle,true,0,0,0,0,0,,
356760668,RedCrusaderJr/rdf4j,7cb2554e2004648eee0d17011c3eba8e6a8dd3e0,core/sail/shacl/src/test/resources/complexBenchmark/smallFileInvalid2.ttl,extension:.ttl,32821,1b834b24489fd68a07ff09d6c1b139019a9a6c7881cb45abd0a34b9ec4c8954e,fetched,parsed,turtle,true,0,0,0,0,0,,
356760668,RedCrusaderJr/rdf4j,7cb2554e2004648eee0d17011c3eba8e6a8dd3e0,core/sail/shacl/src/test/resources/complexPath.ttl,extension:.ttl,858,0a7f8b64cb3a765ed73f4e98d233bda836d668de1aef4f3781759a498a5d2da8,fetched,parsed,turtle,true,1,0,11,0,3,rdf:type sh:NodeShape|sh:minCount|sh:path|sh:property|sh:targetClass,
356760668,RedCrusaderJr/rdf4j,7cb2554e2004648eee0d17011c3eba8e6a8dd3e0,core/sail/shacl/src/test/resources/empty.ttl,extension:.ttl,0,e3b0c44298fc1c149afbf4c8996fb92427ae41e4649b934ca495991b7852b855,fetched,parsed,turtle,false,0,0,0,0,0,,
356760668,RedCrusaderJr/rdf4j,7cb2554e2004648eee0d17011c3eba8e6a8dd3e0,core/sail/shacl/src/test/resources/reduceNumberOfPlansTest/shacl.ttl,extension:.ttl,682,3431418b43e89eedddcacb51547e021a9f85f7f9621c0df10a40ce2f47d2f045,fetched,parsed,turtle,true,2,0,16,0,0,rdf:type sh:NodeShape|sh:minCount|sh:path|sh:property|sh:targetClass,
356760668,RedCrusaderJr/rdf4j,7cb2554e2004648eee0d17011c3eba8e6a8dd3e0,core/sail/shacl/src/test/resources/shacl.ttl,extension:.ttl,515,98619a33faedb9b26369e0a9d9aadf285a8c8bc192312f2363da9b2dad108ee0,fetched,parsed,turtle,true,1,0,5,0,0,rdf:type sh:NodeShape|sh:minCount|sh:path|sh:property|sh:targetClass,
356760668,RedCrusaderJr/rdf4j,7cb2554e2004648eee0d17011c3eba8e6a8dd3e0,core/sail/shacl/src/test/resources/shaclClassBenchmark.ttl,extension:.ttl,563,e49714206c18ede9c0dfb12fbea8eb1315fe5bf06f70fdfce8a351e9691a766d,fetched,parsed,turtle,true,1,0,5,0,0,rdf:type sh:NodeShape|sh:class|sh:path|sh:property|sh:targetClass,
356760668,RedCrusaderJr/rdf4j,7cb2554e2004648eee0d17011c3eba8e6a8dd3e0,core/sail/shacl/src/test/resources/shaclDatatype.ttl,extension:.ttl,509,ffe435fd08a5332d1f60778dcdb1bcbfebbbf7b135214b63c3301cb5079c7c8b,fetched,parsed,turtle,true,1,0,5,0,0,rdf:type sh:NodeShape|sh:datatype|sh:path|sh:property|sh:targetClass,
356760668,RedCrusaderJr/rdf4j,7cb2554e2004648eee0d17011c3eba8e6a8dd3e0,core/sail/shacl/src/test/resources/shaclDatatypeAndMinCount.ttl,extension:.ttl,523,20211ec83df5596b4560dd79041f2ff76e0094ba2478e11e4fc28dbcb91b0f93,fetched,parsed,turtle,true,1,0,6,0,0,rdf:type sh:NodeShape|sh:datatype|sh:minCount|sh:path|sh:property|sh:targetClass,
356760668,RedCrusaderJr/rdf4j,7cb2554e2004648eee0d17011c3eba8e6a8dd3e0,core/sail/shacl/src/test/resources/shaclDatatypeSparqlTarget.ttl,extension:.ttl,1239,fbe937c07a37688b0af5a9721fea61c3d9eec9b0abf15e81ab9b88c90ffc547c,fetched,parsed,turtle,true,1,0,5,1,1,rdf:type sh:NodeShape|sh:datatype|sh:path|sh:property|sh:select|sh:target,
356760668,RedCrusaderJr/rdf4j,7cb2554e2004648eee0d17011c3eba8e6a8dd3e0,core/sail/shacl/src/test/resources/shaclDatatypeTargetFilter.ttl,extension:.ttl,787,8e79e47826ff376b88603495178f2a493d9ea4b3a792049be648c1b948342486,fetched,parsed,turtle,true,1,0,7,0,1,rdf:type sh:NodeShape|sh:datatype|sh:hasValue|sh:path|sh:property,
356760668,RedCrusaderJr/rdf4j,7cb2554e2004648eee0d17011c3eba8e6a8dd3e0,core/sail/shacl/src/test/resources/shaclDatatypeTargetFilterWithUnion.ttl,extension:.ttl,804,439cf0e7152437bf568a8b42a096cc51da399aff55dff6617d8f8f1f14600ee8,fetched,parsed,turtle,true,1,0,6,0,1,rdf:type sh:NodeShape|sh:datatype|sh:path|sh:property,
356760668,RedCrusaderJr/rdf4j,7cb2554e2004648eee0d17011c3eba8e6a8dd3e0,core/sail/shacl/src/test/resources/shaclExactly.ttl,extension:.ttl,605,d9dd469360d0db81c621ccffd74cb50fc5eb74fb54db7b21f04fa6030c3f3a52,fetched,parsed,turtle,true,1,0,11,0,0,rdf:type sh:NodeShape|sh:maxCount|sh:minCount|sh:path|sh:property|sh:targetClass|sh:targetNode,
356760668,RedCrusaderJr/rdf4j,7cb2554e2004648eee0d17011c3eba8e6a8dd3e0,core/sail/shacl/src/test/resources/shaclLanguageIn.ttl,extension:.ttl,531,98698770de13af34b0cffaa9ba494534557adc1f776be67ef9c4ccb1ac2193d3,fetched,parsed,turtle,true,1,0,5,0,0,rdf:type sh:NodeShape|sh:languageIn|sh:path|sh:property|sh:targetClass,
356760668,RedCrusaderJr/rdf4j,7cb2554e2004648eee0d17011c3eba8e6a8dd3e0,core/sail/shacl/src/test/resources/shaclMax.ttl,extension:.ttl,461,0aa62e52484b51fe463781a8ec64b9af0ee3745a6b55380fc4ed2df12a0e7b6e,fetched,parsed,turtle,true,1,0,5,0,0,rdf:type sh:NodeShape|sh:maxCount|sh:path|sh:property|sh:targetClass,
356760668,RedCrusaderJr/rdf4j,7cb2554e2004648eee0d17011c3eba8e6a8dd3e0,core/sail/shacl/src/test/resources/shaclMaxCountBenchmark.ttl,extension:.ttl,514,42d693806b1cc11634758e3de5a17fd7f8636ae636a869e4e0319217f126b8fc,fetched,parsed,turtle,true,1,0,5,0,0,rdf:type sh:NodeShape|sh:maxCount|sh:path|sh:property|sh:targetClass,
356760668,RedCrusaderJr/rdf4j,7cb2554e2004648eee0d17011c3eba8e6a8dd3e0,core/sail/shacl/src/test/resources/shaclMinCountZero.ttl,extension:.ttl,515,680855ca3de7a583bf98990750ebea00e6a46ec1ba4ef07b5b4d6d0c81a745a8,fetched,parsed,turtle,true,1,0,5,0,0,rdf:type sh:NodeShape|sh:minCount|sh:path|sh:property|sh:targetClass,
356760668,RedCrusaderJr/rdf4j,7cb2554e2004648eee0d17011c3eba8e6a8dd3e0,core/sail/shacl/src/test/resources/shaclNodeRecursive.ttl,extension:.ttl,635,0093bf17be27c82c0aa59f557f3dc1c293d1d03a2711b912b9c3d315feac944f,fetched,parsed,turtle,true,1,0,11,0,0,rdf:type sh:NodeShape|sh:datatype|sh:maxCount|sh:minCount|sh:node|sh:path|sh:property|sh:targetClass,
356760668,RedCrusaderJr/rdf4j,7cb2554e2004648eee0d17011c3eba8e6a8dd3e0,core/sail/shacl/src/test/resources/shaclNotClassBenchmark.ttl,extension:.ttl,570,4f3d50be943e29af8e81d4f24380aa1b98f82edfd640166f648077ced7d159a5,fetched,parsed,turtle,true,1,0,6,0,0,rdf:type sh:NodeShape|sh:class|sh:not|sh:path|sh:property|sh:targetClass,
356760668,RedCrusaderJr/rdf4j,7cb2554e2004648eee0d17011c3eba8e6a8dd3e0,core/sail/shacl/src/test/resources/shaclNotMaxCountBenchmark.ttl,extension:.ttl,488,f7730bc8f951fa0d903ccaaf7e12b40d76ef9c5d294dcf07af1cad89232f5e48,fetched,parsed,turtle,true,1,0,5,0,0,rdf:type sh:NodeShape|sh:maxCount|sh:not|sh:path|sh:targetClass,
356760668,RedCrusaderJr/rdf4j,7cb2554e2004648eee0d17011c3eba8e6a8dd3e0,core/sail/shacl/src/test/resources/shaclNotUniqueLang.ttl,extension:.ttl,504,200bdf91ef1d7eb3391cbf86c4e747819b29d432c83d49bac241ed4690fd51d9,fetched,parsed,turtle,true,1,0,5,0,0,rdf:type sh:NodeShape|sh:not|sh:path|sh:targetClass|sh:uniqueLang,
356760668,RedCrusaderJr/rdf4j,7cb2554e2004648eee0d17011c3eba8e6a8dd3e0,core/sail/shacl/src/test/resources/shaclUniqueLang.ttl,extension:.ttl,509,100785be0fad2db0c8d223724a2ba4215c709799af5092c4d66e5d11380ee8a8,fetched,parsed,turtle,true,1,0,5,0,0,rdf:type sh:NodeShape|sh:path|sh:property|sh:targetClass|sh:uniqueLang,
356760668,RedCrusaderJr/rdf4j,7cb2554e2004648eee0d17011c3eba8e6a8dd3e0,core/sail/shacl/src/test/resources/shaclValidateTarget.ttl,extension:.ttl,441,fa4fd5c0001d2467f6ae429d80fe43e20c823c0188e89daf8a37aac36682cf03,fetched,parsed,turtle,true,1,0,4,0,0,rdf:type sh:NodeShape|sh:class|sh:targetClass,
356760668,RedCrusaderJr/rdf4j,7cb2554e2004648eee0d17011c3eba8e6a8dd3e0,core/sail/shacl/src/test/resources/shacleNoTargetClass.ttl,extension:.ttl,433,3cff199cf86360ba4bbeffed18dcf81efff2a92930947099ca6b5b960c0bd263,fetched,parsed,turtle,true,1,0,4,0,0,rdf:type sh:NodeShape|sh:minCount|sh:path|sh:property,
356760668,RedCrusaderJr/rdf4j,7cb2554e2004648eee0d17011c3eba8e6a8dd3e0,core/sail/shacl/src/test/resources/test-cases/and-or/datatypeNodeShape/invalid/case1/report.ttl,extension:.ttl,1332,7242b4583133de0b5b136f9ebdcad18e9de5946a37ccc4d5f4c0fa8bb4b8dcf2,fetched,parsed,turtle,true,6,3,22,0,9,rdf:type sh:NodeShape|rdf:type sh:PropertyShape|sh:and|sh:datatype|sh:or|sh:path|sh:targetClass,
356760668,RedCrusaderJr/rdf4j,7cb2554e2004648eee0d17011c3eba8e6a8dd3e0,core/sail/shacl/src/test/resources/test-cases/and-or/datatypeNodeShape/shacl.ttl,extension:.ttl,788,2bc7920586a20049ba70dc555e2d1c99a694068a561ba462f91185091d2acf40,fetched,parsed,turtle,true,1,0,14,0,0,rdf:type sh:NodeShape|sh:and|sh:datatype|sh:or|sh:path|sh:targetClass,
356760668,RedCrusaderJr/rdf4j,7cb2554e2004648eee0d17011c3eba8e6a8dd3e0,core/sail/shacl/src/test/resources/test-cases/and-or/datatypeNodeShape/valid/case1/report.ttl,extension:.ttl,0,e3b0c44298fc1c149afbf4c8996fb92427ae41e4649b934ca495991b7852b855,fetched,parsed,turtle,false,0,0,0,0,0,,
356760668,RedCrusaderJr/rdf4j,7cb2554e2004648eee0d17011c3eba8e6a8dd3e0,core/sail/shacl/src/test/resources/test-cases/class/allObjects/invalid/case1/report.ttl,extension:.ttl,743,496fb9dcb6f985a44e5a3b1efe57d01324c1ee63d5023cd9ea9554c78e34bdc3,fetched,parsed,turtle,true,0,1,3,0,10,rdf:type sh:PropertyShape|sh:class|sh:path,
356760668,RedCrusaderJr/rdf4j,7cb2554e2004648eee0d17011c3eba8e6a8dd3e0,core/sail/shacl/src/test/resources/test-cases/class/allObjects/invalid/case2/report.ttl,extension:.ttl,743,496fb9dcb6f985a44e5a3b1efe57d01324c1ee63d5023cd9ea9554c78e34bdc3,fetched,parsed,turtle,true,0,1,3,0,10,rdf:type sh:PropertyShape|sh:class|sh:path,
356760668,RedCrusaderJr/rdf4j,7cb2554e2004648eee0d17011c3eba8e6a8dd3e0,core/sail/shacl/src/test/resources/test-cases/class/allObjects/invalid/case3/report.ttl,extension:.ttl,743,496fb9dcb6f985a44e5a3b1efe57d01324c1ee63d5023cd9ea9554c78e34bdc3,fetched,parsed,turtle,true,0,1,3,0,10,rdf:type sh:PropertyShape|sh:class|sh:path,
356760668,RedCrusaderJr/rdf4j,7cb2554e2004648eee0d17011c3eba8e6a8dd3e0,core/sail/shacl/src/test/resources/test-cases/class/allObjects/shacl.ttl,extension:.ttl,516,90df972dc3c6eda733c68777ada632e0d85f8e90745e716295ea2319945245e3,fetched,parsed,turtle,true,1,0,5,0,0,rdf:type sh:NodeShape|sh:class|sh:path|sh:property|sh:target,
356760668,RedCrusaderJr/rdf4j,7cb2554e2004648eee0d17011c3eba8e6a8dd3e0,core/sail/shacl/src/test/resources/test-cases/class/allObjects/valid/case1/report.ttl,extension:.ttl,0,e3b0c44298fc1c149afbf4c8996fb92427ae41e4649b934ca495991b7852b855,fetched,parsed,turtle,false,0,0,0,0,0,,
356760668,RedCrusaderJr/rdf4j,7cb2554e2004648eee0d17011c3eba8e6a8dd3e0,core/sail/shacl/src/test/resources/test-cases/class/allObjects/valid/case2/report.ttl,extension:.ttl,0,e3b0c44298fc1c149afbf4c8996fb92427ae41e4649b934ca495991b7852b855,fetched,parsed,turtle,false,0,0,0,0,0,,
356760668,RedCrusaderJr/rdf4j,7cb2554e2004648eee0d17011c3eba8e6a8dd3e0,core/sail/shacl/src/test/resources/test-cases/class/allObjects/valid/case3/report.ttl,extension:.ttl,0,e3b0c44298fc1c149afbf4c8996fb92427ae41e4649b934ca495991b7852b855,fetched,parsed,turtle,false,0,0,0,0,0,,
356760668,RedCrusaderJr/rdf4j,7cb2554e2004648eee0d17011c3eba8e6a8dd3e0,core/sail/shacl/src/test/resources/test-cases/class/allSubjects/invalid/case1/report.ttl,extension:.ttl,743,496fb9dcb6f985a44e5a3b1efe57d01324c1ee63d5023cd9ea9554c78e34bdc3,fetched,parsed,turtle,true,0,1,3,0,10,rdf:type sh:PropertyShape|sh:class|sh:path,
356760668,RedCrusaderJr/rdf4j,7cb2554e2004648eee0d17011c3eba8e6a8dd3e0,core/sail/shacl/src/test/resources/test-cases/class/allSubjects/invalid/case2/report.ttl,extension:.ttl,743,496fb9dcb6f985a44e5a3b1efe57d01324c1ee63d5023cd9ea9554c78e34bdc3,fetched,parsed,turtle,true,0,1,3,0,10,rdf:type sh:PropertyShape|sh:class|sh:path,
356760668,RedCrusaderJr/rdf4j,7cb2554e2004648eee0d17011c3eba8e6a8dd3e0,core/sail/shacl/src/test/resources/test-cases/class/allSubjects/shacl.ttl,extension:.ttl,517,d91291bedf856b3131182c1002f376790507bccfab385f4146be9483b0b5bb53,fetched,parsed,turtle,true,1,0,5,0,0,rdf:type sh:NodeShape|sh:class|sh:path|sh:property|sh:target,
356760668,RedCrusaderJr/rdf4j,7cb2554e2004648eee0d17011c3eba8e6a8dd3e0,core/sail/shacl/src/test/resources/test-cases/class/allSubjects/valid/case1/report.ttl,extension:.ttl,0,e3b0c44298fc1c149afbf4c8996fb92427ae41e4649b934ca495991b7852b855,fetched,parsed,turtle,false,0,0,0,0,0,,
356760668,RedCrusaderJr/rdf4j,7cb2554e2004648eee0d17011c3eba8e6a8dd3e0,core/sail/shacl/src/test/resources/test-cases/class/allSubjects/valid/case2/report.ttl,extension:.ttl,0,e3b0c44298fc1c149afbf4c8996fb92427ae41e4649b934ca495991b7852b855,fetched,parsed,turtle,false,0,0,0,0,0,,
356760668,RedCrusaderJr/rdf4j,7cb2554e2004648eee0d17011c3eba8e6a8dd3e0,core/sail/shacl/src/test/resources/test-cases/class/allSubjects/valid/case3/report.ttl,extension:.ttl,0,e3b0c44298fc1c149afbf4c8996fb92427ae41e4649b934ca495991b7852b855,fetched,parsed,turtle,false,0,0,0,0,0,,
356760668,RedCrusaderJr/rdf4j,7cb2554e2004648eee0d17011c3eba8e6a8dd3e0,core/sail/shacl/src/test/resources/test-cases/class/and/invalid/case1/report.ttl,extension:.ttl,868,55b6bd5329f867fdd02ba95592d8ac90994d26aa6066219904bfd9447dee0d68,fetched,parsed,turtle,true,2,1,7,0,10,rdf:type sh:NodeShape|rdf:type sh:PropertyShape|sh:and|sh:class|sh:path,
356760668,RedCrusaderJr/rdf4j,7cb2554e2004648eee0d17011c3eba8e6a8dd3e0,core/sail/shacl/src/test/resources/test-cases/class/and/invalid/case2/report.ttl,extension:.ttl,868,55b6bd5329f867fdd02ba95592d8ac90994d26aa6066219904bfd9447dee0d68,fetched,parsed,turtle,true,2,1,7,0,10,rdf:type sh:NodeShape|rdf:type sh:PropertyShape|sh:and|sh:class|sh:path,
356760668,RedCrusaderJr/rdf4j,7cb2554e2004648eee0d17011c3eba8e6a8dd3e0,core/sail/shacl/src/test/resources/test-cases/class/and/invalid/case3/report.ttl,extension:.ttl,868,55b6bd5329f867fdd02ba95592d8ac90994d26aa6066219904bfd9447dee0d68,fetched,parsed,turtle,true,2,1,7,0,10,rdf:type sh:NodeShape|rdf:type sh:PropertyShape|sh:and|sh:class|sh:path,
356760668,RedCrusaderJr/rdf4j,7cb2554e2004648eee0d17011c3eba8e6a8dd3e0,core/sail/shacl/src/test/resources/test-cases/class/and/invalid/case4/report.ttl,extension:.ttl,868,da10b535449db2ecf0aae064af820f601435ed3dd00d6bed0caff7d19e6ed308,fetched,parsed,turtle,true,2,1,7,0,10,rdf:type sh:NodeShape|rdf:type sh:PropertyShape|sh:and|sh:class|sh:path,
356760668,RedCrusaderJr/rdf4j,7cb2554e2004648eee0d17011c3eba8e6a8dd3e0,core/sail/shacl/src/test/resources/test-cases/class/and/invalid/case5/report.ttl,extension:.ttl,868,2d8d77a89eb59526cec6e27fc47ab4d8b9cb5995b61a3da04dd40715c0c0e3c4,fetched,parsed,turtle,true,2,1,7,0,10,rdf:type sh:NodeShape|rdf:type sh:PropertyShape|sh:and|sh:class|sh:path,
356760668,RedCrusaderJr/rdf4j,7cb2554e2004648eee0d17011c3eba8e6a8dd3e0,core/sail/shacl/src/test/resources/test-cases/class/and/invalid/case6/report.ttl,extension:.ttl,849,e4f4eb66a133e589877ef0813fe43d7014c82b696c3d94e350623bf26ef3e736,fetched,parsed,turtle,true,2,1,7,0,10,rdf:type sh:NodeShape|rdf:type sh:PropertyShape|sh:and|sh:class|sh:path,
356760668,RedCrusaderJr/rdf4j,7cb2554e2004648eee0d17011c3eba8e6a8dd3e0,core/sail/shacl/src/test/resources/test-cases/class/and/invalid/case7/report.ttl,extension:.ttl,867,debead9456b22af09e5f24765b486c7a893f8252e884dd8e8234024718b8dadf,fetched,parsed,turtle,true,2,1,7,0,10,rdf:type sh:NodeShape|rdf:type sh:PropertyShape|sh:and|sh:class|sh:path,
356760668,RedCrusaderJr/rdf4j,7cb2554e2004648eee0d17011c3eba8e6a8dd3e0,core/sail/shacl/src/test/resources/test-cases/class/and/invalid/case8/report.ttl,extension:.ttl,868,55b6bd5329f867fdd02ba95592d8ac90994d26aa6066219904bfd9447dee0d68,fetched,parsed,turtle,true,2,1,7,0,10,rdf:type sh:NodeShape|rdf:type sh:PropertyShape|sh:and|sh:class|sh:path,
356760668,RedCrusaderJr/rdf4j,7cb2554e2004648eee0d17011c3eba8e6a8dd3e0,core/sail/shacl/src/test/resources/test-cases/class/and/invalid/case9/report.ttl,extension:.ttl,1147,b9bd38ae441f2cc8fc6db54046a76ee43a219bd7299b91ebf6a7a13e32d325b5,fetched,parsed,turtle,true,2,1,7,0,18,rdf:type sh:NodeShape|rdf:type sh:PropertyShape|sh:and|sh:class|sh:path,
356760668,RedCrusaderJr/rdf4j,7cb2554e2004648eee0d17011c3eba8e6a8dd3e0,core/sail/shacl/src/test/resources/test-cases/class/and/shacl.ttl,extension:.ttl,507,bac61eb2bef84c6d0044de92f814ddb20a827f7e202dea6b24347b768d47f0b5,fetched,parsed,turtle,true,1,0,8,0,0,rdf:type sh:NodeShape|sh:and|sh:class|sh:path|sh:property|sh:targetClass,
356760668,RedCrusaderJr/rdf4j,7cb2554e2004648eee0d17011c3eba8e6a8dd3e0,core/sail/shacl/src/test/resources/test-cases/class/and/valid/case1/report.ttl,extension:.ttl,0,e3b0c44298fc1c149afbf4c8996fb92427ae41e4649b934ca495991b7852b855,fetched,parsed,turtle,false,0,0,0,0,0,,
356760668,RedCrusaderJr/rdf4j,7cb2554e2004648eee0d17011c3eba8e6a8dd3e0,core/sail/shacl/src/test/resources/test-cases/class/and/valid/case2/report.ttl,extension:.ttl,0,e3b0c44298fc1c149afbf4c8996fb92427ae41e4649b934ca495991b7852b855,fetched,parsed,turtle,false,0,0,0,0,0,,
356760668,RedCrusaderJr/rdf4j,7cb2554e2004648eee0d17011c3eba8e6a8dd3e0,core/sail/shacl/src/test/resources/test-cases/class/and/valid/case3/report.ttl,extension:.ttl,0,e3b0c44298fc1c149afbf4c8996fb92427ae41e4649b934ca495991b7852b855,fetched,parsed,turtle,false,0,0,0,0,0,,
356760668,RedCrusaderJr/rdf4j,7cb2554e2004648eee0d17011c3eba8e6a8dd3e0,core/sail/shacl/src/test/resources/test-cases/class/and/valid/case4/report.ttl,extension:.ttl,0,e3b0c44298fc1c149afbf4c8996fb92427ae41e4649b934ca495991b7852b855,fetched,parsed,turtle,false,0,0,0,0,0,,
356760668,RedCrusaderJr/rdf4j,7cb2554e2004648eee0d17011c3eba8e6a8dd3e0,core/sail/shacl/src/test/resources/test-cases/class/and/valid/case5/report.ttl,extension:.ttl,0,e3b0c44298fc1c149afbf4c8996fb92427ae41e4649b934ca495991b7852b855,fetched,parsed,turtle,false,0,0,0,0,0,,
356760668,RedCrusaderJr/rdf4j,7cb2554e2004648eee0d17011c3eba8e6a8dd3e0,core/sail/shacl/src/test/resources/test-cases/class/and/valid/case6/report.ttl,extension:.ttl,0,e3b0c44298fc1c149afbf4c8996fb92427ae41e4649b934ca495991b7852b855,fetched,parsed,turtle,false,0,0,0,0,0,,
356760668,RedCrusaderJr/rdf4j,7cb2554e2004648eee0d17011c3eba8e6a8dd3e0,core/sail/shacl/src/test/resources/test-cases/class/and/valid/case7/report.ttl,extension:.ttl,0,e3b0c44298fc1c149afbf4c8996fb92427ae41e4649b934ca495991b7852b855,fetched,parsed,turtle,false,0,0,0,0,0,,
356760668,RedCrusaderJr/rdf4j,7cb2554e2004648eee0d17011c3eba8e6a8dd3e0,core/sail/shacl/src/test/resources/test-cases/class/and2/invalid/case1/report.ttl,extension:.ttl,1082,a87eb80da29615dbdc05e9a433b69c847f7867df2f4915b82d4ad588164af0a1,fetched,parsed,turtle,true,5,1,13,0,10,rdf:type sh:NodeShape|rdf:type sh:PropertyShape|sh:class|sh:not|sh:or|sh:path,
356760668,RedCrusaderJr/rdf4j,7cb2554e2004648eee0d17011c3eba8e6a8dd3e0,core/sail/shacl/src/test/resources/test-cases/class/and2/invalid/case2/report.ttl,extension:.ttl,1082,a87eb80da29615dbdc05e9a433b69c847f7867df2f4915b82d4ad588164af0a1,fetched,parsed,turtle,true,5,1,13,0,10,rdf:type sh:NodeShape|rdf:type sh:PropertyShape|sh:class|sh:not|sh:or|sh:path,
356760668,RedCrusaderJr/rdf4j,7cb2554e2004648eee0d17011c3eba8e6a8dd3e0,core/sail/shacl/src/test/resources/test-cases/class/and2/invalid/case3/report.ttl,extension:.ttl,1082,a87eb80da29615dbdc05e9a433b69c847f7867df2f4915b82d4ad588164af0a1,fetched,parsed,turtle,true,5,1,13,0,10,rdf:type sh:NodeShape|rdf:type sh:PropertyShape|sh:class|sh:not|sh:or|sh:path,
356760668,RedCrusaderJr/rdf4j,7cb2554e2004648eee0d17011c3eba8e6a8dd3e0,core/sail/shacl/src/test/resources/test-cases/class/and2/invalid/case4/report.ttl,extension:.ttl,1082,ac5799c50fe7bb3b4ff81eab207c870ac48ff3d9d5f85a4edd7156842d85bbd2,fetched,parsed,turtle,true,5,1,13,0,10,rdf:type sh:NodeShape|rdf:type sh:PropertyShape|sh:class|sh:not|sh:or|sh:path,
356760668,RedCrusaderJr/rdf4j,7cb2554e2004648eee0d17011c3eba8e6a8dd3e0,core/sail/shacl/src/test/resources/test-cases/class/and2/invalid/case5/report.ttl,extension:.ttl,1082,b3e706bccd7d00949917633de5a3763a68c82327b4085f3e4ccb32412f99b8c0,fetched,parsed,turtle,true,5,1,13,0,10,rdf:type sh:NodeShape|rdf:type sh:PropertyShape|sh:class|sh:not|sh:or|sh:path,
356760668,RedCrusaderJr/rdf4j,7cb2554e2004648eee0d17011c3eba8e6a8dd3e0,core/sail/shacl/src/test/resources/test-cases/class/and2/invalid/case6/report.ttl,extension:.ttl,1063,4ff9b6074853d8ce2ede542a95ba7c3a22da21fbaf84f27a86ba1646661760f2,fetched,parsed,turtle,true,5,1,13,0,10,rdf:type sh:NodeShape|rdf:type sh:PropertyShape|sh:class|sh:not|sh:or|sh:path,
356760668,RedCrusaderJr/rdf4j,7cb2554e2004648eee0d17011c3eba8e6a8dd3e0,core/sail/shacl/src/test/resources/test-cases/class/and2/invalid/case7/report.ttl,extension:.ttl,1081,9209baf5fc42ab9b406d69cb1e621aad3047958050f382d889b64f660e561ccc,fetched,parsed,turtle,true,5,1,13,0,10,rdf:type sh:NodeShape|rdf:type sh:PropertyShape|sh:class|sh:not|sh:or|sh:path,
356760668,RedCrusaderJr/rdf4j,7cb2554e2004648eee0d17011c3eba8e6a8dd3e0,core/sail/shacl/src/test/resources/test-cases/class/and2/invalid/case8/report.ttl,extension:.ttl,1082,a87eb80da29615dbdc05e9a433b69c847f7867df2f4915b82d4ad588164af0a1,fetched,parsed,turtle,true,5,1,13,0,10,rdf:type sh:NodeShape|rdf:type sh:PropertyShape|sh:class|sh:not|sh:or|sh:path,
356760668,RedCrusaderJr/rdf4j,7cb2554e2004648eee0d17011c3eba8e6a8dd3e0,core/sail/shacl/src/test/resources/test-cases/class/and2/invalid/case9/report.ttl,extension:.ttl,1275,196d8c7fcee37011480172986c29aff9df0bc7a36468d805fd45ff8e0cc23c63,fetched,parsed,turtle,true,5,1,13,0,18,rdf:type sh:NodeShape|rdf:type sh:PropertyShape|sh:class|sh:not|sh:or|sh:path,
356760668,RedCrusaderJr/rdf4j,7cb2554e2004648eee0d17011c3eba8e6a8dd3e0,core/sail/shacl/src/test/resources/test-cases/class/and2/shacl.ttl,extension:.ttl,564,8989efde1d5aa507875fc3bf6fde9106520fc47cf64689fe1cebd364f82e3801,fetched,parsed,turtle,true,1,0,11,0,0,rdf:type sh:NodeShape|sh:class|sh:not|sh:or|sh:path|sh:property|sh:targetClass,
356760668,RedCrusaderJr/rdf4j,7cb2554e2004648eee0d17011c3eba8e6a8dd3e0,core/sail/shacl/src/test/resources/test-cases/class/and2/valid/case1/report.ttl,extension:.ttl,0,e3b0c44298fc1c149afbf4c8996fb92427ae41e4649b934ca495991b7852b855,fetched,parsed,turtle,false,0,0,0,0,0,,
356760668,RedCrusaderJr/rdf4j,7cb2554e2004648eee0d17011c3eba8e6a8dd3e0,core/sail/shacl/src/test/resources/test-cases/class/and2/valid/case2/report.ttl,extension:.ttl,0,e3b0c44298fc1c149afbf4c8996fb92427ae41e4649b934ca495991b7852b855,fetched,parsed,turtle,false,0,0,0,0,0,,
356760668,RedCrusaderJr/rdf4j,7cb2554e2004648eee0d17011c3eba8e6a8dd3e0,core/sail/shacl/src/test/resources/test-cases/class/and2/valid/case3/report.ttl,extension:.ttl,0,e3b0c44298fc1c149afbf4c8996fb92427ae41e4649b934ca495991b7852b855,fetched,parsed,turtle,false,0,0,0,0,0,,
356760668,RedCrusaderJr/rdf4j,7cb2554e2004648eee0d17011c3eba8e6a8dd3e0,core/sail/shacl/src/test/resources/test-cases/class/and2/valid/case4/report.ttl,extension:.ttl,0,e3b0c44298fc1c149afbf4c8996fb92427ae41e4649b934ca495991b7852b855,fetched,parsed,turtle,false,0,0,0,0,0,,
356760668,RedCrusaderJr/rdf4j,7cb2554e2004648eee0d17011c3eba8e6a8dd3e0,core/sail/shacl/src/test/resources/test-cases/class/and2/valid/case5/report.ttl,extension:.ttl,0,e3b0c44298fc1c149afbf4c8996fb92427ae41e4649b934ca495991b7852b855,fetched,parsed,turtle,false,0,0,0,0,0,,
356760668,RedCrusaderJr/rdf4j,7cb2554e2004648eee0d17011c3eba8e6a8dd3e0,core/sail/shacl/src/test/resources/test-cases/class/and2/valid/case6/report.ttl,extension:.ttl,0,e3b0c44298fc1c149afbf4c8996fb92427ae41e4649b934ca495991b7852b855,fetched,parsed,turtle,false,0,0,0,0,0,,
356760668,RedCrusaderJr/rdf4j,7cb2554e2004648eee0d17011c3eba8e6a8dd3e0,core/sail/shacl/src/test/resources/test-cases/class/and2/valid/case7/report.ttl,extension:.ttl,0,e3b0c44298fc1c149afbf4c8996fb92427ae41e4649b934ca495991b7852b855,fetched,parsed,turtle,false,0,0,0,0,0,,
356760668,RedCrusaderJr/rdf4j,7cb2554e2004648eee0d17011c3eba8e6a8dd3e0,core/sail/shacl/src/test/resources/test-cases/class/complexTargetShape/invalid/case1/report.ttl,extension:.ttl,743,496fb9dcb6f985a44e5a3b1efe57d01324c1ee63d5023cd9ea9554c78e34bdc3,fetched,parsed,turtle,true,0,1,3,0,10,rdf:type sh:PropertyShape|sh:class|sh:path,
356760668,RedCrusaderJr/rdf4j,7cb2554e2004648eee0d17011c3eba8e6a8dd3e0,core/sail/shacl/src/test/resources/test-cases/class/complexTargetShape/invalid/case2/report.ttl,extension:.ttl,743,496fb9dcb6f985a44e5a3b1efe57d01324c1ee63d5023cd9ea9554c78e34bdc3,fetched,parsed,turtle,true,0,1,3,0,10,rdf:type sh:PropertyShape|sh:class|sh:path,
356760668,RedCrusaderJr/rdf4j,7cb2554e2004648eee0d17011c3eba8e6a8dd3e0,core/sail/shacl/src/test/resources/test-cases/class/complexTargetShape/invalid/case3/report.ttl,extension:.ttl,743,496fb9dcb6f985a44e5a3b1efe57d01324c1ee63d5023cd9ea9554c78e34bdc3,fetched,parsed,turtle,true,0,1,3,0,10,rdf:type sh:PropertyShape|sh:class|sh:path,
356760668,RedCrusaderJr/rdf4j,7cb2554e2004648eee0d17011c3eba8e6a8dd3e0,core/sail/shacl/src/test/resources/test-cases/class/complexTargetShape/invalid/case4/report.ttl,extension:.ttl,743,3d3cb76d9a996dc1bd8795907c04aec163e36e4ff2cd8a3a755c32dca6f7d8c9,fetched,parsed,turtle,true,0,1,3,0,10,rdf:type sh:PropertyShape|sh:class|sh:path,
356760668,RedCrusaderJr/rdf4j,7cb2554e2004648eee0d17011c3eba8e6a8dd3e0,core/sail/shacl/src/test/resources/test-cases/class/complexTargetShape/invalid/case5/report.ttl,extension:.ttl,743,1099c6a78cac0436456630c0b65f81efcd70f70dff624fad9b980bb6b7e4a560,fetched,parsed,turtle,true,0,1,3,0,10,rdf:type sh:PropertyShape|sh:class|sh:path,
356760668,RedCrusaderJr/rdf4j,7cb2554e2004648eee0d17011c3eba8e6a8dd3e0,core/sail/shacl/src/test/resources/test-cases/class/complexTargetShape/invalid/case6/report.ttl,extension:.ttl,724,e53c501d2549ba8be72235ae944a44c1236b288a00269e52f435082143088273,fetched,parsed,turtle,true,0,1,3,0,10,rdf:type sh:PropertyShape|sh:class|sh:path,
356760668,RedCrusaderJr/rdf4j,7cb2554e2004648eee0d17011c3eba8e6a8dd3e0,core/sail/shacl/src/test/resources/test-cases/class/complexTargetShape/invalid/case7/report.ttl,extension:.ttl,742,ac75058357b82ba702b2bcfa8a3244454a0d65901bde6ce40d5a786db52bc7bb,fetched,parsed,turtle,true,0,1,3,0,10,rdf:type sh:PropertyShape|sh:class|sh:path,
356760668,RedCrusaderJr/rdf4j,7cb2554e2004648eee0d17011c3eba8e6a8dd3e0,core/sail/shacl/src/test/resources/test-cases/class/complexTargetShape/invalid/case8/report.ttl,extension:.ttl,743,496fb9dcb6f985a44e5a3b1efe57d01324c1ee63d5023cd9ea9554c78e34bdc3,fetched,parsed,turtle,true,0,1,3,0,10,rdf:type sh:PropertyShape|sh:class|sh:path,
356760668,RedCrusaderJr/rdf4j,7cb2554e2004648eee0d17011c3eba8e6a8dd3e0,core/sail/shacl/src/test/resources/test-cases/class/complexTargetShape/invalid/case9/report.ttl,extension:.ttl,1021,2b6f8e3f8f44a5dfc276474f8fb71b9b972f10bcb3787f1da948ae10ed1e2b88,fetched,parsed,turtle,true,0,1,3,0,18,rdf:type sh:PropertyShape|sh:class|sh:path,
356760668,RedCrusaderJr/rdf4j,7cb2554e2004648eee0d17011c3eba8e6a8dd3e0,core/sail/shacl/src/test/resources/test-cases/class/complexTargetShape/shacl.ttl,extension:.ttl,862,ee59d8c41b1225487155d17cafd25f94a09673abcfac1862532339e93c6b5fa4,fetched,parsed,turtle,true,2,0,16,0,0,rdf:type sh:NodeShape|sh:and|sh:class|sh:hasValue|sh:or|sh:path|sh:property,
356760668,RedCrusaderJr/rdf4j,7cb2554e2004648eee0d17011c3eba8e6a8dd3e0,core/sail/shacl/src/test/resources/test-cases/class/complexTargetShape/valid/case1/report.ttl,extension:.ttl,0,e3b0c44298fc1c149afbf4c8996fb92427ae41e4649b934ca495991b7852b855,fetched,parsed,turtle,false,0,0,0,0,0,,
356760668,RedCrusaderJr/rdf4j,7cb2554e2004648eee0d17011c3eba8e6a8dd3e0,core/sail/shacl/src/test/resources/test-cases/class/complexTargetShape/valid/case2/report.ttl,extension:.ttl,0,e3b0c44298fc1c149afbf4c8996fb92427ae41e4649b934ca495991b7852b855,fetched,parsed,turtle,false,0,0,0,0,0,,
356760668,RedCrusaderJr/rdf4j,7cb2554e2004648eee0d17011c3eba8e6a8dd3e0,core/sail/shacl/src/test/resources/test-cases/class/complexTargetShape/valid/case3/report.ttl,extension:.ttl,0,e3b0c44298fc1c149afbf4c8996fb92427ae41e4649b934ca495991b7852b855,fetched,parsed,turtle,false,0,0,0,0,0,,
356760668,RedCrusaderJr/rdf4j,7cb2554e2004648eee0d17011c3eba8e6a8dd3e0,core/sail/shacl/src/test/resources/test-cases/class/complexTargetShape/valid/case4/report.ttl,extension:.ttl,0,e3b0c44298fc1c149afbf4c8996fb92427ae41e4649b934ca495991b7852b855,fetched,parsed,turtle,false,0,0,0,0,0,,
356760668,RedCrusaderJr/rdf4j,7cb2554e2004648eee0d17011c3eba8e6a8dd3e0,core/sail/shacl/src/test/resources/test-cases/class/complexTargetShape/valid/case5/report.ttl,extension:.ttl,0,e3b0c44298fc1c149afbf4c8996fb92427ae41e4649b934ca495991b7852b855,fetched,parsed,turtle,false,0,0,0,0,0,,
356760668,RedCrusaderJr/rdf4j,7cb2554e2004648eee0d17011c3eba8e6a8dd3e0,core/sail/shacl/src/test/resources/test-cases/class/complexTargetShape/valid/case6/report.ttl,extension:.ttl,0,e3b0c44298fc1c149afbf4c8996fb92427ae41e4649b934ca495991b7852b855,fetched,parsed,turtle,false,0,0,0,0,0,,
356760668,RedCrusaderJr/rdf4j,7cb2554e2004648eee0d17011c3eba8e6a8dd3e0,core/sail/shacl/src/test/resources/test-cases/class/complexTargetShape/valid/case7/report.ttl,extension:.ttl,0,e3b0c44298fc1c149afbf4c8996fb92427ae41e4649b934ca495991b7852b855,fetched,parsed,turtle,false,0,0,0,0,0,,
356760668,RedCrusaderJr/rdf4j,7cb2554e2004648eee0d17011c3eba8e6a8dd3e0,core/sail/shacl/src/test/resources/test-cases/class/complexTargetShape2/invalid/case1/report.ttl,extension:.ttl,743,496fb9dcb6f985a44e5a3b1efe57d01324c1ee63d5023cd9ea9554c78e34bdc3,fetched,parsed,turtle,true,0,1,3,0,10,rdf:type sh:PropertyShape|sh:class|sh:path,
356760668,RedCrusaderJr/rdf4j,7cb2554e2004648eee0d17011c3eba8e6a8dd3e0,core/sail/shacl/src/test/resources/test-cases/class/complexTargetShape2/invalid/case2/report.ttl,extension:.ttl,743,496fb9dcb6f985a44e5a3b1efe57d01324c1ee63d5023cd9ea9554c78e34bdc3,fetched,parsed,turtle,true,0,1,3,0,10,rdf:type sh:PropertyShape|sh:class|sh:path,
356760668,RedCrusaderJr/rdf4j,7cb2554e2004648eee0d17011c3eba8e6a8dd3e0,core/sail/shacl/src/test/resources/test-cases/class/complexTargetShape2/invalid/case3/report.ttl,extension:.ttl,743,496fb9dcb6f985a44e5a3b1efe57d01324c1ee63d5023cd9ea9554c78e34bdc3,fetched,parsed,turtle,true,0,1,3,0,10,rdf:type sh:PropertyShape|sh:class|sh:path,
356760668,RedCrusaderJr/rdf4j,7cb2554e2004648eee0d17011c3eba8e6a8dd3e0,core/sail/shacl/src/test/resources/test-cases/class/complexTargetShape2/invalid/case4/report.ttl,extension:.ttl,743,496fb9dcb6f985a44e5a3b1efe57d01324c1ee63d5023cd9ea9554c78e34bdc3,fetched,parsed,turtle,true,0,1,3,0,10,rdf:type sh:PropertyShape|sh:class|sh:path,
356760668,RedCrusaderJr/rdf4j,7cb2554e2004648eee0d17011c3eba8e6a8dd3e0,core/sail/shacl/src/test/resources/test-cases/class/complexTargetShape2/shacl.ttl,extension:.ttl,1089,c94bf9f6714df38a1e7dca81a718cd6833a342aad1980a56469d2a06668def27,fetched,parsed,turtle,true,2,0,15,0,0,rdf:type sh:NodeShape|sh:and|sh:class|sh:hasValue|sh:or|sh:path|sh:property,
356760668,RedCrusaderJr/rdf4j,7cb2554e2004648eee0d17011c3eba8e6a8dd3e0,core/sail/shacl/src/test/resources/test-cases/class/complexTargetShape2/valid/case1/report.ttl,extension:.ttl,0,e3b0c44298fc1c149afbf4c8996fb92427ae41e4649b934ca495991b7852b855,fetched,parsed,turtle,false,0,0,0,0,0,,
356760668,RedCrusaderJr/rdf4j,7cb2554e2004648eee0d17011c3eba8e6a8dd3e0,core/sail/shacl/src/test/resources/test-cases/class/complexTargetShape2/valid/case2/report.ttl,extension:.ttl,0,e3b0c44298fc1c149afbf4c8996fb92427ae41e4649b934ca495991b7852b855,fetched,parsed,turtle,false,0,0,0,0,0,,
356760668,RedCrusaderJr/rdf4j,7cb2554e2004648eee0d17011c3eba8e6a8dd3e0,core/sail/shacl/src/test/resources/test-cases/class/complexTargetShape2/valid/case3/report.ttl,extension:.ttl,0,e3b0c44298fc1c149afbf4c8996fb92427ae41e4649b934ca495991b7852b855,fetched,parsed,turtle,false,0,0,0,0,0,,
356760668,RedCrusaderJr/rdf4j,7cb2554e2004648eee0d17011c3eba8e6a8dd3e0,core/sail/shacl/src/test/resources/test-cases/class/multipleClass/invalid/case1/report.ttl,extension:.ttl,744,8eb7144fa37b7fc0dff9ee7a8c8b10c1237b77b3345b9481db7934cdffdf91df,fetched,parsed,turtle,true,0,1,3,0,10,rdf:type sh:PropertyShape|sh:class|sh:path,
356760668,RedCrusaderJr/rdf4j,7cb2554e2004648eee0d17011c3eba8e6a8dd3e0,core/sail/shacl/src/test/resources/test-cases/class/multipleClass/shacl.ttl,extension:.ttl,470,9857d0583f5b0eda9e8ba240d306a23d7ac6da7ac7c94b97afb4b8a767d4c6ce,fetched,parsed,turtle,true,1,0,6,0,0,rdf:type sh:NodeShape|sh:class|sh:path|sh:property|sh:targetClass,
356760668,RedCrusaderJr/rdf4j,7cb2554e2004648eee0d17011c3eba8e6a8dd3e0,core/sail/shacl/src/test/resources/test-cases/class/multipleClass/valid/case1/report.ttl,extension:.ttl,0,e3b0c44298fc1c149afbf4c8996fb92427ae41e4649b934ca495991b7852b855,fetched,parsed,turtle,false,0,0,0,0,0,,
356760668,RedCrusaderJr/rdf4j,7cb2554e2004648eee0d17011c3eba8e6a8dd3e0,core/sail/shacl/src/test/resources/test-cases/class/nestedNode/invalid/case1/report.ttl,extension:.ttl,1005,d772662e0e1fc407ee1295d1a4f648967a16426d2de9e4670d4e5c90e463081f,fetched,parsed,turtle,true,1,3,11,0,10,rdf:type sh:NodeShape|rdf:type sh:PropertyShape|sh:class|sh:node|sh:path|sh:property,
356760668,RedCrusaderJr/rdf4j,7cb2554e2004648eee0d17011c3eba8e6a8dd3e0,core/sail/shacl/src/test/resources/test-cases/class/nestedNode/invalid/case2/report.ttl,extension:.ttl,1011,feec44cd0603166ed09f68cda14bea3784a1ea87a933a8235568cde82a8aba87,fetched,parsed,turtle,true,1,3,11,0,10,rdf:type sh:NodeShape|rdf:type sh:PropertyShape|sh:class|sh:node|sh:path|sh:property,
356760668,RedCrusaderJr/rdf4j,7cb2554e2004648eee0d17011c3eba8e6a8dd3e0,core/sail/shacl/src/test/resources/test-cases/class/nestedNode/invalid/case3/report.ttl,extension:.ttl,1211,50afa8eb3ffedd81619b3589e3f8f1b1ef244131aab8afcbc346b3297daa4c30,fetched,parsed,turtle,true,1,3,11,0,18,rdf:type sh:NodeShape|rdf:type sh:PropertyShape|sh:class|sh:node|sh:path|sh:property,
356760668,RedCrusaderJr/rdf4j,7cb2554e2004648eee0d17011c3eba8e6a8dd3e0,core/sail/shacl/src/test/resources/test-cases/class/nestedNode/invalid/case4/report.ttl,extension:.ttl,1211,a63e524907ee19e40dc9e3c1b48e6eeeebf981fb39f143942ee70c4dc4ac3c5e,fetched,parsed,turtle,true,1,3,11,0,18,rdf:type sh:NodeShape|rdf:type sh:PropertyShape|sh:class|sh:node|sh:path|sh:property,
356760668,RedCrusaderJr/rdf4j,7cb2554e2004648eee0d17011c3eba8e6a8dd3e0,core/sail/shacl/src/test/resources/test-cases/class/nestedNode/invalid/case5/report.ttl,extension:.ttl,1011,feec44cd0603166ed09f68cda14bea3784a1ea87a933a8235568cde82a8aba87,fetched,parsed,turtle,true,1,3,11,0,10,rdf:type sh:NodeShape|rdf:type sh:PropertyShape|sh:class|sh:node|sh:path|sh:property,
356760668,RedCrusaderJr/rdf4j,7cb2554e2004648eee0d17011c3eba8e6a8dd3e0,core/sail/shacl/src/test/resources/test-cases/class/nestedNode/invalid/case6/report.ttl,extension:.ttl,1011,feec44cd0603166ed09f68cda14bea3784a1ea87a933a8235568cde82a8aba87,fetched,parsed,turtle,true,1,3,11,0,10,rdf:type sh:NodeShape|rdf:type sh:PropertyShape|sh:class|sh:node|sh:path|sh:property,
356760668,RedCrusaderJr/rdf4j,7cb2554e2004648eee0d17011c3eba8e6a8dd3e0,core/sail/shacl/src/test/resources/test-cases/class/nestedNode/shacl.ttl,extension:.ttl,891,4f417da5a05e129623c686a5cdc8ec8b3a6a2c59c1e5172cd95f1637947aa008,fetched,parsed,turtle,true,1,0,13,0,0,rdf:type sh:NodeShape|sh:class|sh:node|sh:path|sh:property|sh:targetClass,
356760668,RedCrusaderJr/rdf4j,7cb2554e2004648eee0d17011c3eba8e6a8dd3e0,core/sail/shacl/src/test/resources/test-cases/class/nestedNode/valid/case1/report.ttl,extension:.ttl,0,e3b0c44298fc1c149afbf4c8996fb92427ae41e4649b934ca495991b7852b855,fetched,parsed,turtle,false,0,0,0,0,0,,
356760668,RedCrusaderJr/rdf4j,7cb2554e2004648eee0d17011c3eba8e6a8dd3e0,core/sail/shacl/src/test/resources/test-cases/class/nestedNode/valid/case2/report.ttl,extension:.ttl,0,e3b0c44298fc1c149afbf4c8996fb92427ae41e4649b934ca495991b7852b855,fetched,parsed,turtle,false,0,0,0,0,0,,
356760668,RedCrusaderJr/rdf4j,7cb2554e2004648eee0d17011c3eba8e6a8dd3e0,core/sail/shacl/src/test/resources/test-cases/class/not/invalid/case1/report.ttl,extension:.ttl,794,9ba8774b9ab30c1c4ba03d3b29b12fe3405dd04be75ce54c21c1095bd6116fa6,fetched,parsed,turtle,true,1,1,5,0,10,rdf:type sh:NodeShape|rdf:type sh:PropertyShape|sh:class|sh:not|sh:path,
356760668,RedCrusaderJr/rdf4j,7cb2554e2004648eee0d17011c3eba8e6a8dd3e0,core/sail/shacl/src/test/resources/test-cases/class/not/invalid/case2/report.ttl,extension:.ttl,794,9ba8774b9ab30c1c4ba03d3b29b12fe3405dd04be75ce54c21c1095bd6116fa6,fetched,parsed,turtle,true,1,1,5,0,10,rdf:type sh:NodeShape|rdf:type sh:PropertyShape|sh:class|sh:not|sh:path,
356760668,RedCrusaderJr/rdf4j,7cb2554e2004648eee0d17011c3eba8e6a8dd3e0,core/sail/shacl/src/test/resources/test-cases/class/not/invalid/case3/report.ttl,extension:.ttl,794,9ba8774b9ab30c1c4ba03d3b29b12fe3405dd04be75ce54c21c1095bd6116fa6,fetched,parsed,turtle,true,1,1,5,0,10,rdf:type sh:NodeShape|rdf:type sh:PropertyShape|sh:class|sh:not|sh:path,
356760668,RedCrusaderJr/rdf4j,7cb2554e2004648eee0d17011c3eba8e6a8dd3e0,core/sail/shacl/src/test/resources/test-cases/class/not/invalid/case6/report.ttl,extension:.ttl,775,1a754fec44d00eb62b8c42fd7cd5ac7209fdf65f447098ff3522faae207108a6,fetched,parsed,turtle,true,1,1,5,0,10,rdf:type sh:NodeShape|rdf:type sh:PropertyShape|sh:class|sh:not|sh:path,
356760668,RedCrusaderJr/rdf4j,7cb2554e2004648eee0d17011c3eba8e6a8dd3e0,core/sail/shacl/src/test/resources/test-cases/class/not/invalid/case7/report.ttl,extension:.ttl,794,9ba8774b9ab30c1c4ba03d3b29b12fe3405dd04be75ce54c21c1095bd6116fa6,fetched,parsed,turtle,true,1,1,5,0,10,rdf:type sh:NodeShape|rdf:type sh:PropertyShape|sh:class|sh:not|sh:path,
356760668,RedCrusaderJr/rdf4j,7cb2554e2004648eee0d17011c3eba8e6a8dd3e0,core/sail/shacl/src/test/resources/test-cases/class/not/invalid/case8/report.ttl,extension:.ttl,794,9ba8774b9ab30c1c4ba03d3b29b12fe3405dd04be75ce54c21c1095bd6116fa6,fetched,parsed,turtle,true,1,1,5,0,10,rdf:type sh:NodeShape|rdf:type sh:PropertyShape|sh:class|sh:not|sh:path,
356760668,RedCrusaderJr/rdf4j,7cb2554e2004648eee0d17011c3eba8e6a8dd3e0,core/sail/shacl/src/test/resources/test-cases/class/not/shacl.ttl,extension:.ttl,486,83bc577926e2134f92abe8d6925306680d998d5add8e67c24927f435eb0fc089,fetched,parsed,turtle,true,1,0,7,0,0,rdf:type sh:NodeShape|sh:class|sh:not|sh:path|sh:property|sh:targetClass,
356760668,RedCrusaderJr/rdf4j,7cb2554e2004648eee0d17011c3eba8e6a8dd3e0,core/sail/shacl/src/test/resources/test-cases/class/not/valid/case1/report.ttl,extension:.ttl,0,e3b0c44298fc1c149afbf4c8996fb92427ae41e4649b934ca495991b7852b855,fetched,parsed,turtle,false,0,0,0,0,0,,
356760668,RedCrusaderJr/rdf4j,7cb2554e2004648eee0d17011c3eba8e6a8dd3e0,core/sail/shacl/src/test/resources/test-cases/class/not/valid/case2/report.ttl,extension:.ttl,0,e3b0c44298fc1c149afbf4c8996fb92427ae41e4649b934ca495991b7852b855,fetched,parsed,turtle,false,0,0,0,0,0,,
650625777,Jeri-jose/neosemantics,44e0bf3af6ce5fcf2a9faf513227429e27ec568a,docs/_unused/rdf/NCBITaxon-subProps.rdf,extension:.rdf,1493,23283baf4e1b794114d699a1795c2264f3856780e4c74e7ee9c4bbca8934ec90,fetched,parsed,xml,false,0,0,0,0,0,,
650625777,Jeri-jose/neosemantics,44e0bf3af6ce5fcf2a9faf513227429e27ec568a,docs/_unused/rdf/RDFDataset/RDFDataset.trig,extension:.trig,778,d6cf44f8606cf02d8214e881b09c78330e849074a5c1957ba5bcc3d5c923fe7f,fetched,parsed,trig,false,0,0,0,0,0,,
650625777,Jeri-jose/neosemantics,44e0bf3af6ce5fcf2a9faf513227429e27ec568a,docs/_unused/rdf/RDFDataset/RDFDatasetDelete.trig,extension:.trig,580,0654701dddf618e6767e4bbaf7203d3de6a0050c297a73bb7801f9567b1dd96d,fetched,parsed,trig,false,0,0,0,0,0,,
650625777,Jeri-jose/neosemantics,44e0bf3af6ce5fcf2a9faf513227429e27ec568a,docs/_unused/rdf/customDataTypes.ttl,extension:.ttl,149,d0603716fecc5f18039ef909b411280fac0584545ec847e00eb6045cc8927a97,fetched,parse_error,turtle,false,0,0,0,0,0,,"BadSyntax: at line 4 of <>:
Bad syntax (Prefix ""rdf:"" not bound) at ^ in:
""b'@prefix ex: <http://example.com/> .\n\nex:Mercedes \n\t'^b'rdf:type ex:Car ;\n\tex:price ""10000""^^ex:EUR ;\n\tex:power ""300'..."""
650625777,Jeri-jose/neosemantics,44e0bf3af6ce5fcf2a9faf513227429e27ec568a,docs/_unused/rdf/deleteRDF/dataset.ttl,extension:.ttl,544,425a7e5116cef9a98368c22214dad5f1e090cb03a67642fd80f4a664a96e0048,fetched,parsed,turtle,false,0,0,0,0,0,,
650625777,Jeri-jose/neosemantics,44e0bf3af6ce5fcf2a9faf513227429e27ec568a,docs/_unused/rdf/deleteRDF/delete.ttl,extension:.ttl,366,27cb6da6ec287958b4c64be29af092bf51774c035d30bd57cfc4a29308b99526,fetched,parsed,turtle,false,0,0,0,0,0,,
650625777,Jeri-jose/neosemantics,44e0bf3af6ce5fcf2a9faf513227429e27ec568a,docs/_unused/rdf/miniinstances.ttl,extension:.ttl,772,c44b8aacafcecbe11c55815f3ad65a4fd3bb7290b64adfbaa267d9f212381762,fetched,parsed,turtle,false,0,0,0,0,0,,
650625777,Jeri-jose/neosemantics,44e0bf3af6ce5fcf2a9faf513227429e27ec568a,docs/_unused/rdf/minionto.ttl,extension:.ttl,525,28e0341c77c7b291caffea49400240eb0dd40e01afe8decf675762da8f907661,fetched,parsed,turtle,false,0,0,0,0,0,,
650625777,Jeri-jose/neosemantics,44e0bf3af6ce5fcf2a9faf513227429e27ec568a,docs/_unused/rdf/movieDBRelHierarchy.ttl,extension:.ttl,723,7f622a17895e98a568efc2d6648e3f0a3f5d83d1256302baaf46b2d691b518dc,fetched,parsed,turtle,false,0,0,0,0,0,,
650625777,Jeri-jose/neosemantics,44e0bf3af6ce5fcf2a9faf513227429e27ec568a,docs/_unused/rdf/multilang.ttl,extension:.ttl,362,a3c216b95466ba607e7d335ab1bb1cddc24d30b39a37260da1b9d669bbea91f4,fetched,parsed,turtle,false,0,0,0,0,0,,
650625777,Jeri-jose/neosemantics,44e0bf3af6ce5fcf2a9faf513227429e27ec568a,docs/_unused/rdf/multivalued1.nt,extension:.nt,364,491b4209372e932d3518ee171f060d91d9ff4eca0c1ccc2dc6f07c86800012f5,fetched,parsed,nt,false,0,0,0,0,0,,
650625777,Jeri-jose/neosemantics,44e0bf3af6ce5fcf2a9faf513227429e27ec568a,docs/_unused/rdf/multivalued2.ttl,extension:.ttl,503,2b16523e82cac3285861713e2918bc1c646adb2592f034f2ecb57d7f53e864af,fetched,parsed,turtle,false,0,0,0,0,0,,
650625777,Jeri-jose/neosemantics,44e0bf3af6ce5fcf2a9faf513227429e27ec568a,docs/_unused/rdf/multivalued3.nt,extension:.nt,412,ef1a59967ad7d899da358246112bccb2722f5599f2942f1b9afc75d996b3e019,fetched,parsed,nt,false,0,0,0,0,0,,
650625777,Jeri-jose/neosemantics,44e0bf3af6ce5fcf2a9faf513227429e27ec568a,docs/_unused/rdf/nsmntx.ttl,extension:.ttl,820,6a706354262658815bb26a53954f9e2d4884d2c4735afa8536518f23359ac5d5,fetched,parsed,turtle,false,0,0,0,0,0,,
650625777,Jeri-jose/neosemantics,44e0bf3af6ce5fcf2a9faf513227429e27ec568a,docs/_unused/rdf/permid-person-fragment.ttl,extension:.ttl,573,813e458d355cb0ffbb83db7e230e712dc56f136b031da9511615c64d0403c24e,fetched,parsed,turtle,false,0,0,0,0,0,,
650625777,Jeri-jose/neosemantics,44e0bf3af6ce5fcf2a9faf513227429e27ec568a,docs/_unused/rdf/steps.ttl,extension:.ttl,362,a3c216b95466ba607e7d335ab1bb1cddc24d30b39a37260da1b9d669bbea91f4,fetched,parsed,turtle,false,0,0,0,0,0,,
650625777,Jeri-jose/neosemantics,44e0bf3af6ce5fcf2a9faf513227429e27ec568a,docs/_unused/rdf/vw.owl,extension:.owl,12750,5268da555b5c51f5ae8f7859d16351ff46a7e3bbb00c6db347d45fde5566d483,fetched,parse_error,xml,false,0,0,0,0,0,,SAXParseException: <unknown>:1:0: not well-formed (invalid token)
650625777,Jeri-jose/neosemantics,44e0bf3af6ce5fcf2a9faf513227429e27ec568a,src/test/resources/100k.nt,extension:.nt,15504961,5411d3a0d61d7b53c6d2eb48073d6e84c5c0d91d4633628f4a6d3036ee92ade2,fetched,parsed,nt,false,0,0,0,0,0,,
650625777,Jeri-jose/neosemantics,44e0bf3af6ce5fcf2a9faf513227429e27ec568a,src/test/resources/RDFDatasets/RDFDataset.nq,extension:.nq,2104,f7daab7315a724b2475bb26f6b424851d60f78d5015f8958e6312e976d406280,fetched,parsed,nquads,false,0,0,0,0,0,,
650625777,Jeri-jose/neosemantics,44e0bf3af6ce5fcf2a9faf513227429e27ec568a,src/test/resources/RDFDatasets/RDFDataset.trig,extension:.trig,791,d1d92918ef3739591cec7626f572c6fcf46b0552fee0ec2e05cfdca6cfbdb31e,fetched,parsed,trig,false,0,0,0,0,0,,
650625777,Jeri-jose/neosemantics,44e0bf3af6ce5fcf2a9faf513227429e27ec568a,src/test/resources/RDFDatasets/RDFDatasetBNodes.trig,extension:.trig,511,f27985de6fb0d8874ec6409dec7f2a11bcdcb4f92fc70abf08253f5175799390,fetched,parsed,trig,false,0,0,0,0,0,,
650625777,Jeri-jose/neosemantics,44e0bf3af6ce5fcf2a9faf513227429e27ec568a,src/test/resources/RDFDatasets/RDFDatasetBNodesDelete.trig,extension:.trig,441,184ed19bc693d77a3d2d004070327f7ce22ac9de77ea2d69d9dc09a2a374059d,fetched,parsed,trig,false,0,0,0,0,0,,
650625777,Jeri-jose/neosemantics,44e0bf3af6ce5fcf2a9faf513227429e27ec568a,src/test/resources/RDFDatasets/RDFDatasetBNodesPostDeletion.trig,extension:.trig,380,6262a9429f0198f070e00d5dcc3d664c24d7e5f9358ce1383c0917a4e8b22254,fetched,parsed,trig,false,0,0,0,0,0,,
650625777,Jeri-jose/neosemantics,44e0bf3af6ce5fcf2a9faf513227429e27ec568a,src/test/resources/RDFDatasets/RDFDatasetDelete.nq,extension:.nq,1419,b4837951d1485ae1ca1f99bef7f12950ff59943bc509eae389f0d9d189910474,fetched,parsed,nquads,false,0,0,0,0,0,,
650625777,Jeri-jose/neosemantics,44e0bf3af6ce5fcf2a9faf513227429e27ec568a,src/test/resources/RDFDatasets/RDFDatasetDelete.trig,extension:.trig,593,ce709983655bcf351a8a727e728312c9175eb4cc3a2211113370025820310a6b,fetched,parsed,trig,false,0,0,0,0,0,,
650625777,Jeri-jose/neosemantics,44e0bf3af6ce5fcf2a9faf513227429e27ec568a,src/test/resources/SPOTest.owl,extension:.owl,2286,d1e49c4acb2520dea21474fa5d906ee81ba5617240b0cc28fce13a5d66eb6767,fetched,parsed,xml,false,0,0,0,0,0,,
650625777,Jeri-jose/neosemantics,44e0bf3af6ce5fcf2a9faf513227429e27ec568a,src/test/resources/badUri.ttl,extension:.ttl,208,3740da5d1ba3e7e9aef45140977266ee4cc7bc287fb8f66c7cf9314b96f5c316,fetched,parsed,turtle,false,0,0,0,0,0,,
650625777,Jeri-jose/neosemantics,44e0bf3af6ce5fcf2a9faf513227429e27ec568a,src/test/resources/badUris.rdf,extension:.rdf,371,f30c1ae80915a52f22f19c3267e891a6aba275716bd98dc53ccb44b8f1dbc783,fetched,parsed,xml,false,0,0,0,0,0,,
650625777,Jeri-jose/neosemantics,44e0bf3af6ce5fcf2a9faf513227429e27ec568a,src/test/resources/class-hierarchy-test.rdf,extension:.rdf,875,0c387c591d0d1fd44180f3fc7d21050c1a8ffa106f2e99f8ce81a4ebdc7ab7b2,fetched,parsed,xml,false,0,0,0,0,0,,
650625777,Jeri-jose/neosemantics,44e0bf3af6ce5fcf2a9faf513227429e27ec568a,src/test/resources/customDataTypes.ttl,extension:.ttl,362,008e5c720cf629bf0b18d6bf5850eb35bc6ce5ba929c8818efe10b0baba71fa5,fetched,parse_error,turtle,false,0,0,0,0,0,,"BadSyntax: at line 5 of <>:
Bad syntax (Prefix ""rdf:"" not bound) at ^ in:
""...b'x xsd: <http://www.w3.org/2001/XMLSchema#> .\n\nex:Mercedes \n\t'^b'rdf:type ex:Car ;\n\tex:price ""10000""^^ex:EUR ;\n\tex:price ""110'..."""
650625777,Jeri-jose/neosemantics,44e0bf3af6ce5fcf2a9faf513227429e27ec568a,src/test/resources/customDataTypes2.ttl,extension:.ttl,727,a8ff2483d09774ebd0069825c40c4cc81662ba2a7211f267bf1fd378e976053e,fetched,parsed,turtle,false,0,0,0,0,0,,
650625777,Jeri-jose/neosemantics,44e0bf3af6ce5fcf2a9faf513227429e27ec568a,src/test/resources/data13061.trig,extension:.trig,458,ba61ca513a568599b4c3475904f26c38057cce621f089c652009b5c3abd11e43,fetched,parsed,trig,false,0,0,0,0,0,,
650625777,Jeri-jose/neosemantics,44e0bf3af6ce5fcf2a9faf513227429e27ec568a,src/test/resources/datetime/datetime-and-other.ttl,extension:.ttl,554,7f1ea11f9fe667a22e3540c656663a8bb0f601a7c4d12fb5dea86901c79a33e6,fetched,parsed,turtle,false,0,0,0,0,0,,
650625777,Jeri-jose/neosemantics,44e0bf3af6ce5fcf2a9faf513227429e27ec568a,src/test/resources/datetime/datetime-complex.ttl,extension:.ttl,1129,ba9482525f9b3b227608ad6c017ee919d9046d2a548861e0d78d707d4bd0081f,fetched,parsed,turtle,false,0,0,0,0,0,,
650625777,Jeri-jose/neosemantics,44e0bf3af6ce5fcf2a9faf513227429e27ec568a,src/test/resources/datetime/datetime-simple-multivalued.ttl,extension:.ttl,444,589a306178479d29827bf599f601549ebdb490920f65c5809b145e7cebe6df8c,fetched,parsed,turtle,false,0,0,0,0,0,,
650625777,Jeri-jose/neosemantics,44e0bf3af6ce5fcf2a9faf513227429e27ec568a,src/test/resources/datetime/datetime-simple.ttl,extension:.ttl,350,c88a465dc1aa247a98d8d22646cb194c421d811a8dc7ec244df623e817c4daaa,fetched,parsed,turtle,false,0,0,0,0,0,,
650625777,Jeri-jose/neosemantics,44e0bf3af6ce5fcf2a9faf513227429e27ec568a,src/test/resources/dbpedia-fragment.ttl,extension:.ttl,3217592,e8657f0e4dd23ab5bdc942c71a700ef5b429cb363a8bead788ada1c971b79e07,fetched,parsed,turtle,false,0,0,0,0,0,,
650625777,Jeri-jose/neosemantics,44e0bf3af6ce5fcf2a9faf513227429e27ec568a,src/test/resources/deleteRDF/bNodes.ttl,extension:.ttl,758,2daba29d026e0f3a56489b43b64d5f2149f5a166f2816d8b8bd0e28c58c63293,fetched,parse_error,turtle,false,0,0,0,0,0,,"BadSyntax: at line 21 of <>:
Bad syntax (Prefix ""rdf:"" not bound) at ^ in:
""...b'1A1A1"" ;\n   ex:addressLocality ""London"" .\n \n_:students\n   a '^b'rdf:Bag ;\n   ex:hasMember _:s1 ;\n   ex:hasMember _:s2 .\n \n_:'..."""
650625777,Jeri-jose/neosemantics,44e0bf3af6ce5fcf2a9faf513227429e27ec568a,src/test/resources/deleteRDF/bNodesDeletion.ttl,extension:.ttl,325,e174c2a144b63d01b8b8a8be6ba8e218df67b3595ad5974fe6a4d3368426ee6b,fetched,parsed,turtle,false,0,0,0,0,0,,
650625777,Jeri-jose/neosemantics,44e0bf3af6ce5fcf2a9faf513227429e27ec568a,src/test/resources/deleteRDF/bNodesPostDeletion.ttl,extension:.ttl,726,020c93795a5a6c20445593a0e691380b3f1a954008aa4169c2fe19be590c06a0,fetched,parse_error,turtle,false,0,0,0,0,0,,"BadSyntax: at line 20 of <>:
Bad syntax (Prefix ""rdf:"" not bound) at ^ in:
""...b'A1A1A1"" ;\n   ex:addressLocality ""London"" .\n\n_:students\n   a '^b'rdf:Bag ;\n   ex:hasMember _:s1 ;\n   ex:hasMember _:s2 .\n\n_:a'..."""
650625777,Jeri-jose/neosemantics,44e0bf3af6ce5fcf2a9faf513227429e27ec568a,src/test/resources/deleteRDF/dataset1.ttl,extension:.ttl,546,7c5746d7c71d1f0f86bb86c5ff23a5df708875e23976816cb6b859dc1ae60278,fetched,parsed,turtle,false,0,0,0,0,0,,
650625777,Jeri-jose/neosemantics,44e0bf3af6ce5fcf2a9faf513227429e27ec568a,src/test/resources/deleteRDF/dataset1Delete1.ttl,extension:.ttl,81,de55391dd112dfbdee64fd31bd556664e8489f2fdbf31404b012b34c6561f25c,fetched,parsed,turtle,false,0,0,0,0,0,,
650625777,Jeri-jose/neosemantics,44e0bf3af6ce5fcf2a9faf513227429e27ec568a,src/test/resources/deleteRDF/dataset1Delete2.ttl,extension:.ttl,76,3278fd74864bb1ca4f3fbefa3a1fe0e00066ad22e214f91301444cef027cb3de,fetched,parsed,turtle,false,0,0,0,0,0,,
650625777,Jeri-jose/neosemantics,44e0bf3af6ce5fcf2a9faf513227429e27ec568a,src/test/resources/deleteRDF/dataset1Delete3.ttl,extension:.ttl,73,586ba70e76277b07402c2fa7c0f0620151ec0e7bbdec9da2ff04595e4ecf38d0,fetched,parsed,turtle,false,0,0,0,0,0,,
650625777,Jeri-jose/neosemantics,44e0bf3af6ce5fcf2a9faf513227429e27ec568a,src/test/resources/deleteRDF/dataset1Delete4.ttl,extension:.ttl,368,03a7068078a7529ba65fa7f08d369c731ad2f961f8ebe2cd96769c32ba8391aa,fetched,parsed,turtle,false,0,0,0,0,0,,
650625777,Jeri-jose/neosemantics,44e0bf3af6ce5fcf2a9faf513227429e27ec568a,src/test/resources/deleteRDF/dataset1Delete5.ttl,extension:.ttl,126,0dd8b4ab2cf8d3642bb4641efd282e0d0d60406d46408551207e1ab6bcac6a6f,fetched,parsed,turtle,false,0,0,0,0,0,,
650625777,Jeri-jose/neosemantics,44e0bf3af6ce5fcf2a9faf513227429e27ec568a,src/test/resources/deleteRDF/dataset1Delete6.ttl,extension:.ttl,174,18561b87cdfad919322a1b3c44e1b77c21131e01932cd5708ada49d5c2c24cfa,fetched,parsed,turtle,false,0,0,0,0,0,,
650625777,Jeri-jose/neosemantics,44e0bf3af6ce5fcf2a9faf513227429e27ec568a,src/test/resources/deleteRDF/dataset1Delete7.ttl,extension:.ttl,82,9c5609b0ec26130ff35ea60cdc75b01b91244b23c1737ca0c175c8fdfce342bf,fetched,parsed,turtle,false,0,0,0,0,0,,
650625777,Jeri-jose/neosemantics,44e0bf3af6ce5fcf2a9faf513227429e27ec568a,src/test/resources/event.json,sniff:jsonld,2289,b2e55b2b6496a3bb9649f1f474862c7fd2ed5bf89bdc4748db0cfa9019c438cb,fetched,parsed,json-ld,false,0,0,0,0,0,,
650625777,Jeri-jose/neosemantics,44e0bf3af6ce5fcf2a9faf513227429e27ec568a,src/test/resources/fibo-fragment.rdf,extension:.rdf,24033,097f5169866df9aaca3dffe260c54f48c9480d6776f1ab6db2edd7a94c126eec,fetched,parsed,xml,false,0,0,0,0,0,,
650625777,Jeri-jose/neosemantics,44e0bf3af6ce5fcf2a9faf513227429e27ec568a,src/test/resources/incremental/step1.ttl,extension:.ttl,131,d8810442fedd43f31231eea19e7ad316f52d24b907ce3e2393be8102d3946275,fetched,parsed,turtle,false,0,0,0,0,0,,
650625777,Jeri-jose/neosemantics,44e0bf3af6ce5fcf2a9faf513227429e27ec568a,src/test/resources/incremental/step2.ttl,extension:.ttl,131,40de0b0819573253cc4e69e7f1b79f7a84d3d9c5128a5ce6d6df3268777ba792,fetched,parsed,turtle,false,0,0,0,0,0,,
650625777,Jeri-jose/neosemantics,44e0bf3af6ce5fcf2a9faf513227429e27ec568a,src/test/resources/incremental/step3.ttl,extension:.ttl,195,993e6cde267f87d6bee05cc69f3b10b00911370a6e515768fe45d7b0c3ea76da,fetched,parsed,turtle,false,0,0,0,0,0,,
650625777,Jeri-jose/neosemantics,44e0bf3af6ce5fcf2a9faf513227429e27ec568a,src/test/resources/jeu-de-donnees-des-jeux-de-donnees-open-data-paris.rdf,extension:.rdf,3200,1c2993bc69c7f5c19d90883d4c552b70dfe407faa604c224fdb26247edc88efb,fetched,parsed,xml,false,0,0,0,0,0,,
650625777,Jeri-jose/neosemantics,44e0bf3af6ce5fcf2a9faf513227429e27ec568a,src/test/resources/mini-ld.json,sniff:jsonld,527,8ed2e01c69ad46ebb5baa25f23e3658d46144ba4a2a6f576421a87d8e85d1469,fetched,parsed,json-ld,false,0,0,0,0,0,,
650625777,Jeri-jose/neosemantics,44e0bf3af6ce5fcf2a9faf513227429e27ec568a,src/test/resources/movies-extended.ttl,extension:.ttl,8731,30fe37faad799e8b01b83831985846d538ba82f7b3d671063ac3f4e308bdd157,fetched,parsed,turtle,false,0,0,0,0,0,,
650625777,Jeri-jose/neosemantics,44e0bf3af6ce5fcf2a9faf513227429e27ec568a,src/test/resources/moviesontology.owl,extension:.owl,4951,e419c5942e6560b08c2c1571669886dadf8fde5d9d4d820e28627c3c430fb4fd,fetched,parsed,xml,false,0,0,0,0,0,,
650625777,Jeri-jose/neosemantics,44e0bf3af6ce5fcf2a9faf513227429e27ec568a,src/test/resources/moviesontologyMultilabel.owl,extension:.owl,5866,ed30ccdcb78c560b5ef4ed9cb5eabcc17b6f2f706dd83f4364b6a5fcfcc5a67e,fetched,parsed,xml,false,0,0,0,0,0,,
650625777,Jeri-jose/neosemantics,44e0bf3af6ce5fcf2a9faf513227429e27ec568a,src/test/resources/moviesontologyWithPropCharacteristics.owl,extension:.owl,5380,8187f7769fee364824efe584dd5968db1c6186a8ec3c9a01490abcff464c365c,fetched,parsed,xml,false,0,0,0,0,0,,
650625777,Jeri-jose/neosemantics,44e0bf3af6ce5fcf2a9faf513227429e27ec568a,src/test/resources/multilang.ttl,extension:.ttl,351,ceb4efced26a8fb94974949f1e4e894b2a1746a946f3f943ec0e3d018b2212cc,fetched,parsed,turtle,false,0,0,0,0,0,,
650625777,Jeri-jose/neosemantics,44e0bf3af6ce5fcf2a9faf513227429e27ec568a,src/test/resources/multival-multi-tx-heterogeneous-types.ttl,extension:.ttl,3927,7ec782a8609564a17947420631aaaac5225da677d71dfce50ccb2ec4fa2baa3a,fetched,parsed,turtle,false,0,0,0,0,0,,
650625777,Jeri-jose/neosemantics,44e0bf3af6ce5fcf2a9faf513227429e27ec568a,src/test/resources/multival-multi-tx.ttl,extension:.ttl,3694,1b0740b083068291c45b73bb165b8120b0812f39e9587321fe64c375d7338662,fetched,parsed,turtle,false,0,0,0,0,0,,
650625777,Jeri-jose/neosemantics,44e0bf3af6ce5fcf2a9faf513227429e27ec568a,src/test/resources/multival-multitype.ttl,extension:.ttl,3826,5857270c240e6189d5dcbc2ecd758165afdc24edc8b13f7bc740ee1ff7485ed7,fetched,parsed,turtle,false,0,0,0,0,0,,
650625777,Jeri-jose/neosemantics,44e0bf3af6ce5fcf2a9faf513227429e27ec568a,src/test/resources/multival.ttl,extension:.ttl,453,202f2bfc507072f5f661b938d1b8f469617fe508f4b7527bb40a006de555111d,fetched,parsed,turtle,false,0,0,0,0,0,,
650625777,Jeri-jose/neosemantics,44e0bf3af6ce5fcf2a9faf513227429e27ec568a,src/test/resources/myrdf/one.rdf,extension:.rdf,512,040b0aec96b43eb8e3e7db61fb60ec4369955a375db908d4124bbad35df87776,fetched,parsed,xml,false,0,0,0,0,0,,
650625777,Jeri-jose/neosemantics,44e0bf3af6ce5fcf2a9faf513227429e27ec568a,src/test/resources/myrdf/testImportTurtle02.ttl,extension:.ttl,568,8e34668a42fa69266a8358548258a244d25bfa8de93f63a034953c686039356c,fetched,parsed,turtle,false,0,0,0,0,0,,
650625777,Jeri-jose/neosemantics,44e0bf3af6ce5fcf2a9faf513227429e27ec568a,src/test/resources/myrdf/three.rdf,extension:.rdf,587,e304e7b8e08f9d2dd5ceaab2bc6f8cb97c8ca4646c1847843b7c1b5aa457d1ce,fetched,parsed,xml,false,0,0,0,0,0,,
650625777,Jeri-jose/neosemantics,44e0bf3af6ce5fcf2a9faf513227429e27ec568a,src/test/resources/myrdf/two.rdf,extension:.rdf,582,70bde00a2c652ff1de1c73c2d3d50fdb260107b1e33a887cc47961d5a8047198,fetched,parsed,xml,false,0,0,0,0,0,,
650625777,Jeri-jose/neosemantics,44e0bf3af6ce5fcf2a9faf513227429e27ec568a,src/test/resources/nsmntx.ttl,extension:.ttl,793,fc70093937f76eca70e30cd120c5a42579d6b5209e07982406f2caf9c6a8d56f,fetched,parsed,turtle,false,0,0,0,0,0,,
650625777,Jeri-jose/neosemantics,44e0bf3af6ce5fcf2a9faf513227429e27ec568a,src/test/resources/oneTriple.rdf,extension:.rdf,366,8d4d5559bfe31b1d7f18e6233531ada1949b2af2692f111e932bc2fed7eb4dbb,fetched,parsed,xml,false,0,0,0,0,0,,
650625777,Jeri-jose/neosemantics,44e0bf3af6ce5fcf2a9faf513227429e27ec568a,src/test/resources/onto1.owl,extension:.owl,26198,49bf612dfaa0f7399de12cc27fcf9e46c6065445ddc6a8f9908a997cd6dc24de,fetched,parsed,xml,false,0,0,0,0,0,,
650625777,Jeri-jose/neosemantics,44e0bf3af6ce5fcf2a9faf513227429e27ec568a,src/test/resources/opentox-example.ttl,extension:.ttl,9344,f7b065346bcbe94c48b8f1a21139a48f07d4d5307d3a59481e1d93a461a9bf14,fetched,parsed,turtle,false,0,0,0,0,0,,
650625777,Jeri-jose/neosemantics,44e0bf3af6ce5fcf2a9faf513227429e27ec568a,src/test/resources/reification.ttl,extension:.ttl,984,41c489ac6aabff05a2089ee216cc5888a09ad00b1611161f098815e38a88dccc,fetched,parsed,turtle,false,0,0,0,0,0,,
650625777,Jeri-jose/neosemantics,44e0bf3af6ce5fcf2a9faf513227429e27ec568a,src/test/resources/schema.rdf,extension:.rdf,667861,6b192f68aa6b5084704324b865ada886712c3319e19642b9017fff583d4d0d00,fetched,parsed,xml,false,0,0,0,0,0,,
650625777,Jeri-jose/neosemantics,44e0bf3af6ce5fcf2a9faf513227429e27ec568a,src/test/resources/shacl/cim.ttl,extension:.ttl,430358,2c5b850d471420a3ec04529bb9ec2b6d2764dea7d067c2316e7cb82f46e29363,fetched,parsed,turtle,true,126,0,6205,0,0,rdf:type sh:NodeShape|sh:and|sh:datatype|sh:maxCount|sh:minCount|sh:node|sh:path|sh:property,
650625777,Jeri-jose/neosemantics,44e0bf3af6ce5fcf2a9faf513227429e27ec568a,src/test/resources/shacl/musictest/data.ttl,extension:.ttl,982,fff0a2178c6b4863c752d662f0bbec2a1fe9bf8ae0c2fca4809104ce74ad4a7f,fetched,parse_error,turtle,false,0,0,0,0,0,,"BadSyntax: at line 21 of <>:
Bad syntax (Prefix ""xsd:"" not bound) at ^ in:
""...b'um ;\n    :name ""Please Please Me"" ;\n    :date ""1963-03-22""^^'^b'xsd:date , ""1963-02-23""^^xsd:date ;\n    :artist :The_Beatles'..."""
650625777,Jeri-jose/neosemantics,44e0bf3af6ce5fcf2a9faf513227429e27ec568a,src/test/resources/shacl/musictest/music.shacl,extension:.shacl,1230,885e299aab4e4c8f0b4922b5049657cdca1fb4a8ee3badada268340f36492f10,fetched,parse_error,turtle,true,0,0,0,0,0,,"BadSyntax: at line 8 of <>:
Bad syntax (Prefix ""xsd:"" not bound) at ^ in:
""...b'\n     sh:path :name ;\n     sh:minCount 1 ;\n     sh:datatype '^b'xsd:string\n   ] .\n\n:ArtistShape a sh:Shape ;\n   sh:targetCla'..."""
650625777,Jeri-jose/neosemantics,44e0bf3af6ce5fcf2a9faf513227429e27ec568a,src/test/resources/shacl/person0-shacl.ttl,extension:.ttl,503,9fc8d62a7bfd201092ce74be4fe8a82475b38660552b41dc2cf35eb8b59970aa,fetched,parse_error,turtle,true,0,0,0,0,0,,"BadSyntax: at line 9 of <>:
Bad syntax (bad escape) at ^ in:
""...b'rson ;\n\tsh:property [\n\t\tsh:path neo4j:name ;\n\t\tsh:pattern ""^'^b'\\w[\\s\\w\\.]*$"" ;\n\t\tsh:maxCount 1 ;\n        sh:datatype xsd:st'..."""
650625777,Jeri-jose/neosemantics,44e0bf3af6ce5fcf2a9faf513227429e27ec568a,src/test/resources/shacl/person1-shacl.ttl,extension:.ttl,568,1683622f376a2ea74dee96cb09373f81199d8de971ed7f6db303575dbfb80200,fetched,parse_error,turtle,true,0,0,0,0,0,,"BadSyntax: at line 11 of <>:
Bad syntax (Prefix ""xsd:"" not bound) at ^ in:
""...b'trains the values of ex:ssn\n\t\tsh:maxCount 1 ;\n\t\tsh:datatype '^b'xsd:string ;\n\t\tsh:pattern ""^\\\\d{3}-\\\\d{2}-\\\\d{4}$"" ;\n\t] ;\n\ts'..."""
650625777,Jeri-jose/neosemantics,44e0bf3af6ce5fcf2a9faf513227429e27ec568a,src/test/resources/shacl/person2-shacl.ttl,extension:.ttl,1492,a39a722a205f537f9a5a8cd56650b23a138b0c24341883442eda8d3a03edc793,fetched,parse_error,turtle,true,0,0,0,0,0,,"BadSyntax: at line 11 of <>:
Bad syntax (Prefix ""xsd:"" not bound) at ^ in:
""...b'\tsh:maxCount 1 ;                # cardinality\n\t\tsh:datatype '^b'xsd:string ;       # data type\n\t\tsh:pattern ""^\\w[\\s\\w\\.]*$"" '..."""
650625777,Jeri-jose/neosemantics,44e0bf3af6ce5fcf2a9faf513227429e27ec568a,src/test/resources/shacl/person2lpg-shacl.ttl,extension:.ttl,1492,a39a722a205f537f9a5a8cd56650b23a138b0c24341883442eda8d3a03edc793,fetched,parse_error,turtle,true,0,0,0,0,0,,"BadSyntax: at line 11 of <>:
Bad syntax (Prefix ""xsd:"" not bound) at ^ in:
""...b'\tsh:maxCount 1 ;                # cardinality\n\t\tsh:datatype '^b'xsd:string ;       # data type\n\t\tsh:pattern ""^\\w[\\s\\w\\.]*$"" '..."""
650625777,Jeri-jose/neosemantics,44e0bf3af6ce5fcf2a9faf513227429e27ec568a,src/test/resources/shacl/typerestriction-count-shacl.ttl,extension:.ttl,567,1e067a71cedd598a7e8af5466c75e53a827cc130d9f0521d605ee6e80633c63f,fetched,parse_error,turtle,true,0,0,0,0,0,,"BadSyntax: at line 9 of <>:
Bad syntax (Prefix ""rdf:"" not bound) at ^ in:
""...b'plies to all Person nodes in Neo4j\n\tsh:property [\n\t\tsh:path '^b'rdf:type ;             # constrains the types of the person '..."""
650625777,Jeri-jose/neosemantics,44e0bf3af6ce5fcf2a9faf513227429e27ec568a,src/test/resources/shacl/typerestriction-enumerated-shacl.ttl,extension:.ttl,481,4064d55a779ec67c6001991a629f7a0395bb485a85c936879f510da875055748,fetched,parse_error,turtle,true,0,0,0,0,0,,"BadSyntax: at line 9 of <>:
Bad syntax (Prefix ""rdf:"" not bound) at ^ in:
""...b'plies to all Person nodes in Neo4j\n\tsh:property [\n\t\tsh:path '^b'rdf:type ;             # constrains the types of the person '..."""
650625777,Jeri-jose/neosemantics,44e0bf3af6ce5fcf2a9faf513227429e27ec568a,src/test/resources/shacl/typerestriction-shacl.ttl,extension:.ttl,471,068bcfea87802091b6f1b8e011f1d3968d5da916d693eaf1c4e613d2eb97a581,fetched,parse_error,turtle,true,0,0,0,0,0,,"BadSyntax: at line 9 of <>:
Bad syntax (Prefix ""rdf:"" not bound) at ^ in:
""...b'plies to all Person nodes in Neo4j\n\tsh:property [\n\t\tsh:path '^b'rdf:type ;             # constrains the types of the person '..."""
650625777,Jeri-jose/neosemantics,44e0bf3af6ce5fcf2a9faf513227429e27ec568a,src/test/resources/shacl/w3ctestsuite/core/complex/personexample-data.ttl,extension:.ttl,756,a67d0e921f94fb5d1fa2ecb8bf56c3ad4a48687c39064b0c9e49dca1db4203eb,fetched,parsed,turtle,true,0,0,0,0,0,,
650625777,Jeri-jose/neosemantics,44e0bf3af6ce5fcf2a9faf513227429e27ec568a,src/test/resources/shacl/w3ctestsuite/core/complex/personexample-results.ttl,extension:.ttl,1922,c1c7a8d4ad44c222e79bf716d58bb35f9d70b82937f7b429b9600867267d406d,fetched,parsed,turtle,true,0,0,0,0,33,,
650625777,Jeri-jose/neosemantics,44e0bf3af6ce5fcf2a9faf513227429e27ec568a,src/test/resources/shacl/w3ctestsuite/core/complex/personexample-shapes.ttl,extension:.ttl,1098,03adba534d9b227d38798dd2a9ed23c2159f22af6b6e10ecb4811f47574670da,fetched,parsed,turtle,true,1,0,15,0,2,rdf:type sh:NodeShape|sh:class|sh:closed|sh:datatype|sh:ignoredProperties|sh:maxCount|sh:nodeKind|sh:path|sh:pattern|sh:property|sh:targetClass,
650625777,Jeri-jose/neosemantics,44e0bf3af6ce5fcf2a9faf513227429e27ec568a,src/test/resources/shacl/w3ctestsuite/core/other/closed-shape-query-001-data.ttl,extension:.ttl,1068,324cd3f71ce5df68432d36888e5d1435b8a47a8a9971bb2aede82967c13bce8c,fetched,parsed,turtle,true,0,0,0,0,0,,
650625777,Jeri-jose/neosemantics,44e0bf3af6ce5fcf2a9faf513227429e27ec568a,src/test/resources/shacl/w3ctestsuite/core/other/closed-shape-query-001-keep-shapes.ttl,extension:.ttl,339,cce35c28562eddd6605183d23c2d04b3c32b2965faf7f239e814966e9a63b9fa,fetched,parse_error,turtle,true,0,0,0,0,0,,"BadSyntax: at line 9 of <>:
Bad syntax (Prefix ""rdf:"" not bound) at ^ in:
""...b'schema#City`) "" ;\n\tsh:closed true ;\n\tsh:ignoredProperties ( '^b'rdf:type neo4j:born neo4j:lives_in neo4j:name ) .\n'"""
650625777,Jeri-jose/neosemantics,44e0bf3af6ce5fcf2a9faf513227429e27ec568a,src/test/resources/shacl/w3ctestsuite/core/other/closed-shape-query-001-results.ttl,extension:.ttl,948,08f487ddbac1c9232c6b60d206cdcf06e6e3ad28e888f6a01fe0dff9a4c0e0b5,fetched,parsed,turtle,true,0,0,0,0,10,,
650625777,Jeri-jose/neosemantics,44e0bf3af6ce5fcf2a9faf513227429e27ec568a,src/test/resources/shacl/w3ctestsuite/core/other/closed-shape-query-001-shapes.ttl,extension:.ttl,293,e0aad4a117d6786f2048ffd73434dbfd0b10e9d94531d0ac811b9a61cfd9a9cd,fetched,parse_error,turtle,true,0,0,0,0,0,,"BadSyntax: at line 9 of <>:
Bad syntax (Prefix ""rdf:"" not bound) at ^ in:
""...b's_in]-(:City) "" ;\n\tsh:closed true ;\n\tsh:ignoredProperties ( '^b'rdf:type neo4j:born neo4j:lives_in neo4j:name ) .\n'"""
650625777,Jeri-jose/neosemantics,44e0bf3af6ce5fcf2a9faf513227429e27ec568a,src/test/resources/shacl/w3ctestsuite/core/other/closed-shape-query-001-shorten-shapes.ttl,extension:.ttl,303,de4d4ebbe931891e740d5683a7ffa71ee8afdae2b6110af97d0ea30b4effa1b2,fetched,parse_error,turtle,true,0,0,0,0,0,,"BadSyntax: at line 9 of <>:
Bad syntax (Prefix ""rdf:"" not bound) at ^ in:
""...b'-(:ns0__City) "" ;\n\tsh:closed true ;\n\tsh:ignoredProperties ( '^b'rdf:type neo4j:born neo4j:lives_in neo4j:name ) .\n'"""
650625777,Jeri-jose/neosemantics,44e0bf3af6ce5fcf2a9faf513227429e27ec568a,src/test/resources/shacl/w3ctestsuite/core/other/rangeType-001-data.ttl,extension:.ttl,843,177525d3f10bc4f6cd4c01dfbd72668925614b2a5894c0068ed4f0a2daae2202,fetched,parsed,turtle,true,0,0,0,0,0,,
650625777,Jeri-jose/neosemantics,44e0bf3af6ce5fcf2a9faf513227429e27ec568a,src/test/resources/shacl/w3ctestsuite/core/other/rangeType-001-results.ttl,extension:.ttl,1286,94f233d2704f2aabb8a5792a5e00e9844bc3393ea308ce053e77acc1576dd6cb,fetched,parsed,turtle,true,0,0,0,0,18,,
650625777,Jeri-jose/neosemantics,44e0bf3af6ce5fcf2a9faf513227429e27ec568a,src/test/resources/shacl/w3ctestsuite/core/other/rangeType-001-shapes.ttl,extension:.ttl,237,8a5463b1fc9e83d89ca430bd6bd3416da189a893042e016fe76894fdb8ab1ae8,fetched,parsed,turtle,true,1,0,5,0,0,rdf:type sh:NodeShape|sh:class|sh:path|sh:property|sh:targetClass,
650625777,Jeri-jose/neosemantics,44e0bf3af6ce5fcf2a9faf513227429e27ec568a,src/test/resources/shacl/w3ctestsuite/core/other/rangeType-query-001-data.ttl,extension:.ttl,1033,0e5b57d7be6554c42265aca17f113faa1a7e1df6ed0b95b942b46fc8dbda6a9d,fetched,parsed,turtle,true,0,0,0,0,0,,
650625777,Jeri-jose/neosemantics,44e0bf3af6ce5fcf2a9faf513227429e27ec568a,src/test/resources/shacl/w3ctestsuite/core/other/rangeType-query-001-keep-shapes.ttl,extension:.ttl,415,a8b81ba368c82b5c76f5d5f0a0713339c9a6e007abcf27a6107dfb994d682bb1,fetched,parsed,turtle,true,1,0,4,0,1,rdf:type sh:NodeShape|sh:class|sh:path|sh:property,
650625777,Jeri-jose/neosemantics,44e0bf3af6ce5fcf2a9faf513227429e27ec568a,src/test/resources/shacl/w3ctestsuite/core/other/rangeType-query-001-results.ttl,extension:.ttl,1286,94f233d2704f2aabb8a5792a5e00e9844bc3393ea308ce053e77acc1576dd6cb,fetched,parsed,turtle,true,0,0,0,0,18,,
650625777,Jeri-jose/neosemantics,44e0bf3af6ce5fcf2a9faf513227429e27ec568a,src/test/resources/shacl/w3ctestsuite/core/other/rangeType-query-001-shapes.ttl,extension:.ttl,322,ba40d2814c888f1ccd8ce23dc8742c8db6d082d764752a44dff6a7fd87d11b0f,fetched,parsed,turtle,true,1,0,4,0,1,rdf:type sh:NodeShape|sh:class|sh:path|sh:property,
650625777,Jeri-jose/neosemantics,44e0bf3af6ce5fcf2a9faf513227429e27ec568a,src/test/resources/shacl/w3ctestsuite/core/other/rangeType-query-001-shorten-shapes.ttl,extension:.ttl,342,a613f6a0b23652c02b8c35b956ea68a89f99e3d80de87c3d7ad0aee13ce6f0c2,fetched,parsed,turtle,true,1,0,4,0,1,rdf:type sh:NodeShape|sh:class|sh:path|sh:property,
650625777,Jeri-jose/neosemantics,44e0bf3af6ce5fcf2a9faf513227429e27ec568a,src/test/resources/shacl/w3ctestsuite/core/other/required-excluded-query-001-data.ttl,extension:.ttl,797,c2a660b46f6629d09a3d244763dd113aeedbe9d31edfa6ab9074daaab9e0d7bb,fetched,parsed,turtle,true,0,0,0,0,0,,
650625777,Jeri-jose/neosemantics,44e0bf3af6ce5fcf2a9faf513227429e27ec568a,src/test/resources/shacl/w3ctestsuite/core/other/required-excluded-query-001-keep-shapes.ttl,extension:.ttl,567,d6722aee8c74961393342ad9e36132a80e0bf84a95124af3d7cb097a35be479e,fetched,parsed,turtle,true,3,0,11,0,3,rdf:type sh:NodeShape|sh:class|sh:not,
650625777,Jeri-jose/neosemantics,44e0bf3af6ce5fcf2a9faf513227429e27ec568a,src/test/resources/shacl/w3ctestsuite/core/other/required-excluded-query-001-results.ttl,extension:.ttl,1619,d621235dd0c2b929e351aeb6c1390c4c757c0f203897b4f815e4eb6e207e9559,fetched,parsed,turtle,true,0,0,0,0,26,,
650625777,Jeri-jose/neosemantics,44e0bf3af6ce5fcf2a9faf513227429e27ec568a,src/test/resources/shacl/w3ctestsuite/core/other/required-excluded-query-001-shapes.ttl,extension:.ttl,498,53ba9ce2e88c23fb7a5ad56c491afae7c8844af9392629cf7b01c52df1bcaf54,fetched,parsed,turtle,true,3,0,11,0,3,rdf:type sh:NodeShape|sh:class|sh:not,
650625777,Jeri-jose/neosemantics,44e0bf3af6ce5fcf2a9faf513227429e27ec568a,src/test/resources/shacl/w3ctestsuite/core/other/required-excluded-query-001-shorten-shapes.ttl,extension:.ttl,513,1864e974351c129d6cc4f460b5ae436ab1d4975fc610468b0908b529256ca7b5,fetched,parsed,turtle,true,3,0,11,0,3,rdf:type sh:NodeShape|sh:class|sh:not,
650625777,Jeri-jose/neosemantics,44e0bf3af6ce5fcf2a9faf513227429e27ec568a,src/test/resources/shacl/w3ctestsuite/core/path/path-inverse-001-data.ttl,extension:.ttl,924,9d7ae35f974db64ee530ca1b3816334bccb59bacf475b8c03dd0f9e5e30f5516,fetched,parsed,turtle,true,0,0,0,0,0,,
650625777,Jeri-jose/neosemantics,44e0bf3af6ce5fcf2a9faf513227429e27ec568a,src/test/resources/shacl/w3ctestsuite/core/path/path-inverse-001-results.ttl,extension:.ttl,1345,3242d5f28b1074ec3b8a31d2be159bc1cad2f97ccf06e3c315ff8567b31cd870,fetched,parsed,turtle,true,0,0,0,0,18,,
650625777,Jeri-jose/neosemantics,44e0bf3af6ce5fcf2a9faf513227429e27ec568a,src/test/resources/shacl/w3ctestsuite/core/path/path-inverse-001-shapes.ttl,extension:.ttl,938,3801d1a31aba32e5a52a3d97293ec994484e1f15eecfca9750fccac12b661ca7,fetched,parsed,turtle,true,2,1,8,0,1,rdf:type sh:NodeShape|rdf:type sh:PropertyShape|sh:maxCount|sh:minCount|sh:path|sh:property|sh:targetClass,
650625777,Jeri-jose/neosemantics,44e0bf3af6ce5fcf2a9faf513227429e27ec568a,src/test/resources/shacl/w3ctestsuite/core/property/count-query-001-data.ttl,extension:.ttl,840,3785de585ecfb8e320d44ffa50df4f145ce5ca7794981b72b039a77a1f6a2fce,fetched,parsed,turtle,true,0,0,0,0,0,,
650625777,Jeri-jose/neosemantics,44e0bf3af6ce5fcf2a9faf513227429e27ec568a,src/test/resources/shacl/w3ctestsuite/core/property/count-query-001-keep-shapes.ttl,extension:.ttl,777,a7c2f5b74e69780a9731fd197dbfecff6be73fe2e3e3abdbcd431361ec7dd925,fetched,parsed,turtle,true,1,0,4,0,1,rdf:type sh:NodeShape|sh:minCount|sh:path|sh:property,
650625777,Jeri-jose/neosemantics,44e0bf3af6ce5fcf2a9faf513227429e27ec568a,src/test/resources/shacl/w3ctestsuite/core/property/count-query-001-results.ttl,extension:.ttl,941,7c053ee34ef2ef1a5eb39651f863ac4a0d08b6e447952b70ed4bfb11d8355ea6,fetched,parsed,turtle,true,0,0,0,0,9,,
650625777,Jeri-jose/neosemantics,44e0bf3af6ce5fcf2a9faf513227429e27ec568a,src/test/resources/shacl/w3ctestsuite/core/property/count-query-001-shapes.ttl,extension:.ttl,754,f2291ff1295f2ab1b353e854a98d423d8f24e87896c75a3b712dac9f52504c5f,fetched,parsed,turtle,true,1,0,4,0,1,rdf:type sh:NodeShape|sh:minCount|sh:path|sh:property,
650625777,Jeri-jose/neosemantics,44e0bf3af6ce5fcf2a9faf513227429e27ec568a,src/test/resources/shacl/w3ctestsuite/core/property/count-query-001-shorten-shapes.ttl,extension:.ttl,759,516ce2d392aecd9a5dd7cb22f100be2810fed37f1c85cef64dfd3fd341758c5e,fetched,parsed,turtle,true,1,0,4,0,1,rdf:type sh:NodeShape|sh:minCount|sh:path|sh:property,
650625777,Jeri-jose/neosemantics,44e0bf3af6ce5fcf2a9faf513227429e27ec568a,src/test/resources/shacl/w3ctestsuite/core/property/datatype-001-data.ttl,extension:.ttl,853,d22e32365ab24faeff91a778606af957bb1701ef93f19c553e07b52f37cb4dda,fetched,parsed,turtle,true,0,0,0,0,0,,
650625777,Jeri-jose/neosemantics,44e0bf3af6ce5fcf2a9faf513227429e27ec568a,src/test/resources/shacl/w3ctestsuite/core/property/datatype-001-results.ttl,extension:.ttl,1374,7202a71d90a7655b1787e6253b7c318031782af92883022d6f36fce0d1c9f0ee,fetched,parsed,turtle,true,0,0,0,0,18,,
650625777,Jeri-jose/neosemantics,44e0bf3af6ce5fcf2a9faf513227429e27ec568a,src/test/resources/shacl/w3ctestsuite/core/property/datatype-001-shapes.ttl,extension:.ttl,969,f7d9b1bfaf84f93b4eb54921cfc63b17bf41e95be9bde0e065c6c72fe5a09ab8,fetched,parsed,turtle,true,1,0,7,0,0,rdf:type sh:NodeShape|sh:datatype|sh:path|sh:property,
650625777,Jeri-jose/neosemantics,44e0bf3af6ce5fcf2a9faf513227429e27ec568a,src/test/resources/shacl/w3ctestsuite/core/property/datatype-002-data.ttl,extension:.ttl,776,5c68e462f177fe76cd78e3e6720d12df66576e3c3ca9fd8792c61598f590d6dc,fetched,parsed,turtle,true,0,0,0,0,0,,
650625777,Jeri-jose/neosemantics,44e0bf3af6ce5fcf2a9faf513227429e27ec568a,src/test/resources/shacl/w3ctestsuite/core/property/datatype-002-results.ttl,extension:.ttl,1322,b48b103cae1e5ccb45f5e6b3fa96f9825f32ea3a00e4253141a4a991aada673d,fetched,parsed,turtle,true,0,0,0,0,10,,
650625777,Jeri-jose/neosemantics,44e0bf3af6ce5fcf2a9faf513227429e27ec568a,src/test/resources/shacl/w3ctestsuite/core/property/datatype-002-shapes.ttl,extension:.ttl,883,90a2a2bfc5698e2fcb8e7aacf9def045314803510493677d1ed259e6405dac5f,fetched,parsed,turtle,true,1,0,5,0,0,rdf:type sh:NodeShape|sh:datatype|sh:path|sh:property|sh:targetClass,
650625777,Jeri-jose/neosemantics,44e0bf3af6ce5fcf2a9faf513227429e27ec568a,src/test/resources/shacl/w3ctestsuite/core/property/datatype-query-001-data.ttl,extension:.ttl,1319,04f9af88ece3ca352d3a33f7dbf95464b893f87561334dfa8892ed9215969352,fetched,parsed,turtle,true,0,0,0,0,0,,
650625777,Jeri-jose/neosemantics,44e0bf3af6ce5fcf2a9faf513227429e27ec568a,src/test/resources/shacl/w3ctestsuite/core/property/datatype-query-001-keep-shapes.ttl,extension:.ttl,1028,44f0cf968d6b7c245bd5c7d8ef4977d36425578e115ebc94916d8e911e32aaf0,fetched,parsed,turtle,true,1,0,7,0,1,rdf:type sh:NodeShape|sh:datatype|sh:path|sh:property,
650625777,Jeri-jose/neosemantics,44e0bf3af6ce5fcf2a9faf513227429e27ec568a,src/test/resources/shacl/w3ctestsuite/core/property/datatype-query-001-results.ttl,extension:.ttl,2174,de4bc8048770d08184a1d92d5291ad1b339c6256ad46eeb05f5ebfecdd93ff7f,fetched,parsed,turtle,true,0,0,0,0,34,,
650625777,Jeri-jose/neosemantics,44e0bf3af6ce5fcf2a9faf513227429e27ec568a,src/test/resources/shacl/w3ctestsuite/core/property/datatype-query-001-shapes.ttl,extension:.ttl,1005,89bb7e9b4dd293b639d770f95125fcc8b307984d679569cc283b147e7669766d,fetched,parsed,turtle,true,1,0,7,0,1,rdf:type sh:NodeShape|sh:datatype|sh:path|sh:property,
650625777,Jeri-jose/neosemantics,44e0bf3af6ce5fcf2a9faf513227429e27ec568a,src/test/resources/shacl/w3ctestsuite/core/property/datatype-query-001-shorten-shapes.ttl,extension:.ttl,1010,dfa6782c7b824c53715514e139b4ea9dd56333b223973c04533cd924f10fe77b,fetched,parsed,turtle,true,1,0,7,0,1,rdf:type sh:NodeShape|sh:datatype|sh:path|sh:property,
650625777,Jeri-jose/neosemantics,44e0bf3af6ce5fcf2a9faf513227429e27ec568a,src/test/resources/shacl/w3ctestsuite/core/property/disjoint-001-data.ttl,extension:.ttl,1057,5884a8eb1400be1ba4d1c2b310eae3053f65a24c6b51af7b3262e6041c2f99e3,fetched,parsed,turtle,true,0,0,0,0,0,,
650625777,Jeri-jose/neosemantics,44e0bf3af6ce5fcf2a9faf513227429e27ec568a,src/test/resources/shacl/w3ctestsuite/core/property/disjoint-001-results.ttl,extension:.ttl,1703,a00dd746b4c3c8df0dbbcb2143bf06bfd9f23b30c63bcb1d8f0e06195d494da1,fetched,parsed,turtle,true,0,0,0,0,26,,
650625777,Jeri-jose/neosemantics,44e0bf3af6ce5fcf2a9faf513227429e27ec568a,src/test/resources/shacl/w3ctestsuite/core/property/disjoint-001-shapes.ttl,extension:.ttl,757,a8686e96e3dd4671a223acffcdfd8f202f743e8b05e6864f30cc78087f8d60bd,fetched,parsed,turtle,true,1,0,6,0,0,rdf:type sh:NodeShape|sh:disjoint|sh:path|sh:property|sh:targetClass,
650625777,Jeri-jose/neosemantics,44e0bf3af6ce5fcf2a9faf513227429e27ec568a,src/test/resources/shacl/w3ctestsuite/core/property/disjoint-002-data.ttl,extension:.ttl,963,d28fc6fa3b160e8af06976cc946afc9db0e94e31a735c0ebf76330aa02b6c06d,fetched,parsed,turtle,true,0,0,0,0,0,,
650625777,Jeri-jose/neosemantics,44e0bf3af6ce5fcf2a9faf513227429e27ec568a,src/test/resources/shacl/w3ctestsuite/core/property/disjoint-002-results.ttl,extension:.ttl,1360,80baad9b5363b28ea9d4fb4399bdec65f8dbcefc687396a3e6804389cc4820a8,fetched,parsed,turtle,true,0,0,0,0,18,,
650625777,Jeri-jose/neosemantics,44e0bf3af6ce5fcf2a9faf513227429e27ec568a,src/test/resources/shacl/w3ctestsuite/core/property/disjoint-002-shapes.ttl,extension:.ttl,757,a8686e96e3dd4671a223acffcdfd8f202f743e8b05e6864f30cc78087f8d60bd,fetched,parsed,turtle,true,1,0,6,0,0,rdf:type sh:NodeShape|sh:disjoint|sh:path|sh:property|sh:targetClass,
650625777,Jeri-jose/neosemantics,44e0bf3af6ce5fcf2a9faf513227429e27ec568a,src/test/resources/shacl/w3ctestsuite/core/property/disjoint-query-001-data.ttl,extension:.ttl,1089,93e8027a5a1423734d40e00861bca7247365fc0f913ac0bacc0003d9c4943ad9,fetched,parsed,turtle,true,0,0,0,0,0,,
650625777,Jeri-jose/neosemantics,44e0bf3af6ce5fcf2a9faf513227429e27ec568a,src/test/resources/shacl/w3ctestsuite/core/property/disjoint-query-001-keep-shapes.ttl,extension:.ttl,781,e9f0b2ea52b3a16d9497497a101112bc410bccdf6946bf177794614a22d242a3,fetched,parsed,turtle,true,1,0,4,0,1,rdf:type sh:NodeShape|sh:disjoint|sh:path|sh:property,
650625777,Jeri-jose/neosemantics,44e0bf3af6ce5fcf2a9faf513227429e27ec568a,src/test/resources/shacl/w3ctestsuite/core/property/disjoint-query-001-results.ttl,extension:.ttl,1366,6fe7dab1617123b8b736fff532a7d3e5d3d57e127f56fe6a5145ca6e0d9583a4,fetched,parsed,turtle,true,0,0,0,0,18,,
650625777,Jeri-jose/neosemantics,44e0bf3af6ce5fcf2a9faf513227429e27ec568a,src/test/resources/shacl/w3ctestsuite/core/property/disjoint-query-001-shapes.ttl,extension:.ttl,757,d2078ffbe505b1f995d9d3ecfe5319699cdd9e41ff1458fee70f819a9599fd61,fetched,parsed,turtle,true,1,0,4,0,1,rdf:type sh:NodeShape|sh:disjoint|sh:path|sh:property,
650625777,Jeri-jose/neosemantics,44e0bf3af6ce5fcf2a9faf513227429e27ec568a,src/test/resources/shacl/w3ctestsuite/core/property/disjoint-query-001-shorten-shapes.ttl,extension:.ttl,763,c41c96619673700395d81017d9b4518d049ccf6a8b95acef7ca3a9c86cc315f2,fetched,parsed,turtle,true,1,0,4,0,1,rdf:type sh:NodeShape|sh:disjoint|sh:path|sh:property,
650625777,Jeri-jose/neosemantics,44e0bf3af6ce5fcf2a9faf513227429e27ec568a,src/test/resources/shacl/w3ctestsuite/core/property/hasValue-001-data.ttl,extension:.ttl,879,400d586172cdb32cba4118d525bea345e05d81a500a1399aed544fa3c287fb41,fetched,parsed,turtle,true,0,0,0,0,0,,
650625777,Jeri-jose/neosemantics,44e0bf3af6ce5fcf2a9faf513227429e27ec568a,src/test/resources/shacl/w3ctestsuite/core/property/hasValue-001-results.ttl,extension:.ttl,900,82d638b993b126f15762adc82811cd7552003d7f8a242fd8a00323cbe85a640f,fetched,parsed,turtle,true,0,0,0,0,9,,
650625777,Jeri-jose/neosemantics,44e0bf3af6ce5fcf2a9faf513227429e27ec568a,src/test/resources/shacl/w3ctestsuite/core/property/hasValue-001-shapes.ttl,extension:.ttl,760,c20f10d749fc43ebc888e78b46666206dd90080a77fe4d3c42021c96b4e4db4a,fetched,parsed,turtle,true,1,0,6,0,0,rdf:type sh:NodeShape|sh:datatype|sh:hasValue|sh:path|sh:property|sh:targetClass,
650625777,Jeri-jose/neosemantics,44e0bf3af6ce5fcf2a9faf513227429e27ec568a,src/test/resources/shacl/w3ctestsuite/core/property/hasValue-001b-data.ttl,extension:.ttl,935,91822e20af7972c05ab52df5ad70c60d667b7be768424e54fea45d10cac5e951,fetched,parsed,turtle,true,0,0,0,0,0,,
650625777,Jeri-jose/neosemantics,44e0bf3af6ce5fcf2a9faf513227429e27ec568a,src/test/resources/shacl/w3ctestsuite/core/property/hasValue-001b-results.ttl,extension:.ttl,1219,9952aa72e3a3cb3702b65dd8251eeda0375347e28eb5ead8cab4a595e5d8e4f3,fetched,parsed,turtle,true,0,0,0,0,16,,
650625777,Jeri-jose/neosemantics,44e0bf3af6ce5fcf2a9faf513227429e27ec568a,src/test/resources/shacl/w3ctestsuite/core/property/hasValue-001b-shapes.ttl,extension:.ttl,757,8a7d5acd62b041e52930c44d3527516c40ca3381d31b9f9dbf5e03e20b369e78,fetched,parsed,turtle,true,1,0,6,0,0,rdf:type sh:NodeShape|sh:hasValue|sh:nodeKind|sh:path|sh:property|sh:targetClass,
650625777,Jeri-jose/neosemantics,44e0bf3af6ce5fcf2a9faf513227429e27ec568a,src/test/resources/shacl/w3ctestsuite/core/property/hasValue-001c-data.ttl,extension:.ttl,830,378b5e25ccd43d0e9335b3f626e5e4129693e6c6d044ff144bc3feea635365ec,fetched,parsed,turtle,true,0,0,0,0,0,,
650625777,Jeri-jose/neosemantics,44e0bf3af6ce5fcf2a9faf513227429e27ec568a,src/test/resources/shacl/w3ctestsuite/core/property/hasValue-001c-results.ttl,extension:.ttl,1277,574ac0bc757969b790092f85cc33778280d95ddb22ef2e68c749d3a0839da164,fetched,parsed,turtle,true,0,0,0,0,18,,
650625777,Jeri-jose/neosemantics,44e0bf3af6ce5fcf2a9faf513227429e27ec568a,src/test/resources/shacl/w3ctestsuite/core/property/hasValue-001c-shapes.ttl,extension:.ttl,754,9583764a254d2146e748d271fa70120c4e4aa487e0796088c939274b8732a4c0,fetched,parsed,turtle,true,1,0,5,0,0,rdf:type sh:NodeShape|sh:hasValue|sh:path|sh:property|sh:targetClass,
650625777,Jeri-jose/neosemantics,44e0bf3af6ce5fcf2a9faf513227429e27ec568a,src/test/resources/shacl/w3ctestsuite/core/property/hasValue-query-001-data.ttl,extension:.ttl,918,ddd5d456682042d30cad99f256e7a86878d74a0b931438dd62179735dd6ab0ca,fetched,parsed,turtle,true,0,0,0,0,0,,
650625777,Jeri-jose/neosemantics,44e0bf3af6ce5fcf2a9faf513227429e27ec568a,src/test/resources/shacl/w3ctestsuite/core/property/hasValue-query-001-keep-shapes.ttl,extension:.ttl,796,6272b32115b1fbf88c5778439ff4343f4c8736c8cbc3d5fc6dba50e8ee97f9c4,fetched,parsed,turtle,true,1,0,5,0,1,rdf:type sh:NodeShape|sh:datatype|sh:hasValue|sh:path|sh:property,
650625777,Jeri-jose/neosemantics,44e0bf3af6ce5fcf2a9faf513227429e27ec568a,src/test/resources/shacl/w3ctestsuite/core/property/hasValue-query-001-results.ttl,extension:.ttl,900,82d638b993b126f15762adc82811cd7552003d7f8a242fd8a00323cbe85a640f,fetched,parsed,turtle,true,0,0,0,0,9,,
650625777,Jeri-jose/neosemantics,44e0bf3af6ce5fcf2a9faf513227429e27ec568a,src/test/resources/shacl/w3ctestsuite/core/property/hasValue-query-001-shapes.ttl,extension:.ttl,773,3853e007eefd1e7883ca00dda020eebf9643c399a466a235b5acfabb8f0a730a,fetched,parsed,turtle,true,1,0,5,0,1,rdf:type sh:NodeShape|sh:datatype|sh:hasValue|sh:path|sh:property,
650625777,Jeri-jose/neosemantics,44e0bf3af6ce5fcf2a9faf513227429e27ec568a,src/test/resources/shacl/w3ctestsuite/core/property/hasValue-query-001-shorten-shapes.ttl,extension:.ttl,778,3764db8ae049e1e1d74f1f048b42af197257d968de9c71e0bf13fdac14ae82fc,fetched,parsed,turtle,true,1,0,5,0,1,rdf:type sh:NodeShape|sh:datatype|sh:hasValue|sh:path|sh:property,
650625777,Jeri-jose/neosemantics,44e0bf3af6ce5fcf2a9faf513227429e27ec568a,src/test/resources/shacl/w3ctestsuite/core/property/hasValue-query-001b-data.ttl,extension:.ttl,918,3f661a44a714d679d2d20aaf69e3b71a4602ea09c1f53122cde87a13a0388373,fetched,parsed,turtle,true,0,0,0,0,0,,
650625777,Jeri-jose/neosemantics,44e0bf3af6ce5fcf2a9faf513227429e27ec568a,src/test/resources/shacl/w3ctestsuite/core/property/hasValue-query-001b-keep-shapes.ttl,extension:.ttl,805,bd4358150e47197de515d6393caadadbbeb5b0ecb0d8367376baa73fe5809500,fetched,parsed,turtle,true,1,0,4,0,1,rdf:type sh:NodeShape|sh:hasValue|sh:path|sh:property,
650625777,Jeri-jose/neosemantics,44e0bf3af6ce5fcf2a9faf513227429e27ec568a,src/test/resources/shacl/w3ctestsuite/core/property/hasValue-query-001b-results.ttl,extension:.ttl,900,82d638b993b126f15762adc82811cd7552003d7f8a242fd8a00323cbe85a640f,fetched,parsed,turtle,true,0,0,0,0,9,,
650625777,Jeri-jose/neosemantics,44e0bf3af6ce5fcf2a9faf513227429e27ec568a,src/test/resources/shacl/w3ctestsuite/core/property/hasValue-query-001b-shapes.ttl,extension:.ttl,782,7fe12c1690673cc343f9c8000d417e61a2f871ece51fafd92b2ff65a3076a366,fetched,parsed,turtle,true,1,0,4,0,1,rdf:type sh:NodeShape|sh:hasValue|sh:path|sh:property,
650625777,Jeri-jose/neosemantics,44e0bf3af6ce5fcf2a9faf513227429e27ec568a,src/test/resources/shacl/w3ctestsuite/core/property/hasValue-query-001b-shorten-shapes.ttl,extension:.ttl,787,deb69ecd4b41e05d3c2aaaca278e79320c6f62c510bb137a699240c97850138c,fetched,parsed,turtle,true,1,0,4,0,1,rdf:type sh:NodeShape|sh:hasValue|sh:path|sh:property,
650625777,Jeri-jose/neosemantics,44e0bf3af6ce5fcf2a9faf513227429e27ec568a,src/test/resources/shacl/w3ctestsuite/core/property/hasValue-query-001c-data.ttl,extension:.ttl,901,3157423713ce216a13a0fc984bd4b20908888457cf36b31ff30d5d4a4232717d,fetched,parsed,turtle,true,0,0,0,0,0,,
650625777,Jeri-jose/neosemantics,44e0bf3af6ce5fcf2a9faf513227429e27ec568a,src/test/resources/shacl/w3ctestsuite/core/property/hasValue-query-001c-keep-shapes.ttl,extension:.ttl,790,28df198fe119bc47325d2170c196aa1cc987a465bf90b33fa3690b511c8b4854,fetched,parsed,turtle,true,1,0,4,0,1,rdf:type sh:NodeShape|sh:hasValue|sh:path|sh:property,
650625777,Jeri-jose/neosemantics,44e0bf3af6ce5fcf2a9faf513227429e27ec568a,src/test/resources/shacl/w3ctestsuite/core/property/hasValue-query-001c-results.ttl,extension:.ttl,1277,574ac0bc757969b790092f85cc33778280d95ddb22ef2e68c749d3a0839da164,fetched,parsed,turtle,true,0,0,0,0,18,,
650625777,Jeri-jose/neosemantics,44e0bf3af6ce5fcf2a9faf513227429e27ec568a,src/test/resources/shacl/w3ctestsuite/core/property/hasValue-query-001c-shapes.ttl,extension:.ttl,767,6375246805cf4bd28216d8045822cf80f5b96e42a3c9a4f0925e96fbaad3a951,fetched,parsed,turtle,true,1,0,4,0,1,rdf:type sh:NodeShape|sh:hasValue|sh:path|sh:property,
650625777,Jeri-jose/neosemantics,44e0bf3af6ce5fcf2a9faf513227429e27ec568a,src/test/resources/shacl/w3ctestsuite/core/property/hasValue-query-001c-shorten-shapes.ttl,extension:.ttl,772,71dc939986efc6e5551a1de26b098cc83380ba6dccfe84e476fff417ef66908b,fetched,parsed,turtle,true,1,0,4,0,1,rdf:type sh:NodeShape|sh:hasValue|sh:path|sh:property,
650625777,Jeri-jose/neosemantics,44e0bf3af6ce5fcf2a9faf513227429e27ec568a,src/test/resources/shacl/w3ctestsuite/core/property/in-001-data.ttl,extension:.ttl,936,c581eee7789b714238519c799851cb440587a84eac3196dcd49a8709a00718c6,fetched,parsed,turtle,true,0,0,0,0,0,,
650625777,Jeri-jose/neosemantics,44e0bf3af6ce5fcf2a9faf513227429e27ec568a,src/test/resources/shacl/w3ctestsuite/core/property/in-001-results.ttl,extension:.ttl,1308,7490821f13ba9a50e1a6030482d6a2580e5b6e88f3d1ad6f84e4be53d73749bc,fetched,parsed,turtle,true,0,0,0,0,18,,
650625777,Jeri-jose/neosemantics,44e0bf3af6ce5fcf2a9faf513227429e27ec568a,src/test/resources/shacl/w3ctestsuite/core/property/in-001-shapes.ttl,extension:.ttl,725,27922f2ce6384f417d168a0a20d21cc9a208e40382875e076ad50307bab37b2a,fetched,parsed,turtle,true,1,0,5,0,0,rdf:type sh:NodeShape|sh:datatype|sh:in|sh:path|sh:property,
650625777,Jeri-jose/neosemantics,44e0bf3af6ce5fcf2a9faf513227429e27ec568a,src/test/resources/shacl/w3ctestsuite/core/property/in-001b-data.ttl,extension:.ttl,832,7255aa8d3ef6e3f7f46668e129707d6f113ed6e0bc3d1c493b91839126d06267,fetched,parsed,turtle,true,0,0,0,0,0,,
650625777,Jeri-jose/neosemantics,44e0bf3af6ce5fcf2a9faf513227429e27ec568a,src/test/resources/shacl/w3ctestsuite/core/property/in-001b-results.ttl,extension:.ttl,3020,82d14bee2686290b234720855d3dfbadedede31e9a2c9910844629ddbaf12b98,fetched,parsed,turtle,true,0,0,0,0,58,,
650625777,Jeri-jose/neosemantics,44e0bf3af6ce5fcf2a9faf513227429e27ec568a,src/test/resources/shacl/w3ctestsuite/core/property/in-001b-shapes.ttl,extension:.ttl,803,3b16d1794e0a33ca8a6ee47e21c4e8bc91a154472ce13a9bd8dab261023bfbdf,fetched,parsed,turtle,true,1,0,5,0,0,rdf:type sh:NodeShape|sh:datatype|sh:in|sh:path|sh:property,
650625777,Jeri-jose/neosemantics,44e0bf3af6ce5fcf2a9faf513227429e27ec568a,src/test/resources/shacl/w3ctestsuite/core/property/in-001c-data.ttl,extension:.ttl,788,bc060e32d8a315fca7c0f5f47ba8459e756fd4052acf98d6e56af68582a7e2ef,fetched,parsed,turtle,true,0,0,0,0,0,,
650625777,Jeri-jose/neosemantics,44e0bf3af6ce5fcf2a9faf513227429e27ec568a,src/test/resources/shacl/w3ctestsuite/core/property/in-001c-results.ttl,extension:.ttl,2227,20ec1ae453467b36d9633ab0311e014fa6f366d65f8b759bd8ff092a2c37245b,fetched,parsed,turtle,true,0,0,0,0,38,,
650625777,Jeri-jose/neosemantics,44e0bf3af6ce5fcf2a9faf513227429e27ec568a,src/test/resources/shacl/w3ctestsuite/core/property/in-001c-shapes.ttl,extension:.ttl,721,d305afe062177fc4d040251281064dcfd301075efa21da129a22f6ada48f7d45,fetched,parsed,turtle,true,1,0,4,0,0,rdf:type sh:NodeShape|sh:in|sh:path|sh:property,
650625777,Jeri-jose/neosemantics,44e0bf3af6ce5fcf2a9faf513227429e27ec568a,src/test/resources/shacl/w3ctestsuite/core/property/in-not-001-data.ttl,extension:.ttl,829,34741bab91c49f5e23eb0389ba427755bc603ea6ba7d5284ec4a2b4f5376e2ab,fetched,parsed,turtle,true,0,0,0,0,0,,
650625777,Jeri-jose/neosemantics,44e0bf3af6ce5fcf2a9faf513227429e27ec568a,src/test/resources/shacl/w3ctestsuite/core/property/in-not-001-results.ttl,extension:.ttl,1797,05420fb3e2acf4c134e612334728118236cf117b8bb6b0b22a610f7055d664fc,fetched,parsed,turtle,true,0,0,0,0,30,,
650625777,Jeri-jose/neosemantics,44e0bf3af6ce5fcf2a9faf513227429e27ec568a,src/test/resources/shacl/w3ctestsuite/core/property/in-not-001-shapes.ttl,extension:.ttl,736,661a7479f8c0fdb0ff3cc48f5bd570cc63c30fe7f878996758361028f859f9bb,fetched,parsed,turtle,true,1,0,6,0,0,rdf:type sh:NodeShape|sh:datatype|sh:in|sh:not|sh:path|sh:property,
650625777,Jeri-jose/neosemantics,44e0bf3af6ce5fcf2a9faf513227429e27ec568a,src/test/resources/shacl/w3ctestsuite/core/property/in-not-001b-data.ttl,extension:.ttl,840,2a317df4f7279c907e76f68d10358595891aef2f6a67a0fb4ba6fa8976aa8738,fetched,parsed,turtle,true,0,0,0,0,0,,
650625777,Jeri-jose/neosemantics,44e0bf3af6ce5fcf2a9faf513227429e27ec568a,src/test/resources/shacl/w3ctestsuite/core/property/in-not-001b-results.ttl,extension:.ttl,3077,6d1537c908d72613654cd3ac02a04111d93c9f88df2c8ea1190250a994d286fd,fetched,parsed,turtle,true,0,0,0,0,58,,
650625777,Jeri-jose/neosemantics,44e0bf3af6ce5fcf2a9faf513227429e27ec568a,src/test/resources/shacl/w3ctestsuite/core/property/in-not-001b-shapes.ttl,extension:.ttl,730,126eb6aef55956c5dc4dc4afbb2303be8eee4225b6978888f38ce3ec040eb0ea,fetched,parsed,turtle,true,1,0,6,0,0,rdf:type sh:NodeShape|sh:datatype|sh:in|sh:not|sh:path|sh:property,
650625777,Jeri-jose/neosemantics,44e0bf3af6ce5fcf2a9faf513227429e27ec568a,src/test/resources/shacl/w3ctestsuite/core/property/in-not-001c-data.ttl,extension:.ttl,786,5648c4996bf6a0f07dfb6ab4cd078331b7b5afe7b3dc95673f433e2cc6d2bb8e,fetched,parsed,turtle,true,0,0,0,0,0,,
650625777,Jeri-jose/neosemantics,44e0bf3af6ce5fcf2a9faf513227429e27ec568a,src/test/resources/shacl/w3ctestsuite/core/property/in-not-001c-results.ttl,extension:.ttl,4160,d0cf7063fa8ab4fdf25c244d17452f7bb2aaa29f0b391dde338b7de680a5f741,fetched,parsed,turtle,true,0,0,0,0,74,,
650625777,Jeri-jose/neosemantics,44e0bf3af6ce5fcf2a9faf513227429e27ec568a,src/test/resources/shacl/w3ctestsuite/core/property/in-not-001c-shapes.ttl,extension:.ttl,707,4674bb029f6d895e56ef3de60415d732d7071b8fddd7b02f7e856854846cb88a,fetched,parsed,turtle,true,1,0,5,0,0,rdf:type sh:NodeShape|sh:in|sh:not|sh:path|sh:property,
650625777,Jeri-jose/neosemantics,44e0bf3af6ce5fcf2a9faf513227429e27ec568a,src/test/resources/shacl/w3ctestsuite/core/property/in-not-query-001-data.ttl,extension:.ttl,887,10e3425265b78b2ce8f1969f9414c6a34ce19a53205c790a1b8b1ffb5e807eb7,fetched,parsed,turtle,true,0,0,0,0,0,,
650625777,Jeri-jose/neosemantics,44e0bf3af6ce5fcf2a9faf513227429e27ec568a,src/test/resources/shacl/w3ctestsuite/core/property/in-not-query-001-keep-shapes.ttl,extension:.ttl,807,338a2da8f18d76759dc6a6253a6fad4754839921464c5f054c8297af9a80048e,fetched,parsed,turtle,true,1,0,6,0,1,rdf:type sh:NodeShape|sh:datatype|sh:in|sh:not|sh:path|sh:property,
650625777,Jeri-jose/neosemantics,44e0bf3af6ce5fcf2a9faf513227429e27ec568a,src/test/resources/shacl/w3ctestsuite/core/property/in-not-query-001-results.ttl,extension:.ttl,1806,3267debd86c97b1e28e93177f34ff09d6b2aaeee7905193493c51fe680f31c90,fetched,parsed,turtle,true,0,0,0,0,30,,
650625777,Jeri-jose/neosemantics,44e0bf3af6ce5fcf2a9faf513227429e27ec568a,src/test/resources/shacl/w3ctestsuite/core/property/in-not-query-001-shapes.ttl,extension:.ttl,784,aa1b71d7ad99087899dbaf4ee9da643d11380a420ac4602cf3ae8b098ceb0751,fetched,parsed,turtle,true,1,0,6,0,1,rdf:type sh:NodeShape|sh:datatype|sh:in|sh:not|sh:path|sh:property,
650625777,Jeri-jose/neosemantics,44e0bf3af6ce5fcf2a9faf513227429e27ec568a,src/test/resources/shacl/w3ctestsuite/core/property/in-not-query-001-shorten-shapes.ttl,extension:.ttl,789,c632dc05088ef14eb8a98ca7a3f676aa243528e9a5e547dcaf5872789ebefc93,fetched,parsed,turtle,true,1,0,6,0,1,rdf:type sh:NodeShape|sh:datatype|sh:in|sh:not|sh:path|sh:property,
650625777,Jeri-jose/neosemantics,44e0bf3af6ce5fcf2a9faf513227429e27ec568a,src/test/resources/shacl/w3ctestsuite/core/property/in-not-query-001b-data.ttl,extension:.ttl,904,9821caac08d1bfeec15e6219ac6ef8b122723d7ece32e1528ddf503f72cecd13,fetched,parsed,turtle,true,0,0,0,0,0,,
650625777,Jeri-jose/neosemantics,44e0bf3af6ce5fcf2a9faf513227429e27ec568a,src/test/resources/shacl/w3ctestsuite/core/property/in-not-query-001b-keep-shapes.ttl,extension:.ttl,744,520240a4a62f46d7a2d19a20bb2ac0e8cf9be2d2eb774dfe97a3b80ae31afaaa,fetched,parsed,turtle,true,1,0,5,0,1,rdf:type sh:NodeShape|sh:in|sh:not|sh:path|sh:property,
650625777,Jeri-jose/neosemantics,44e0bf3af6ce5fcf2a9faf513227429e27ec568a,src/test/resources/shacl/w3ctestsuite/core/property/in-not-query-001b-results.ttl,extension:.ttl,1263,9c329cd5c355099eb581a43eff20bc9f6d1d543991d4cca629ceaf87e6106d85,fetched,parsed,turtle,true,0,0,0,0,18,,
650625777,Jeri-jose/neosemantics,44e0bf3af6ce5fcf2a9faf513227429e27ec568a,src/test/resources/shacl/w3ctestsuite/core/property/in-not-query-001b-shapes.ttl,extension:.ttl,721,87e586a1c990effb17f847984921d2520b67c519ad11fb6033470eaf584c1412,fetched,parsed,turtle,true,1,0,5,0,1,rdf:type sh:NodeShape|sh:in|sh:not|sh:path|sh:property,
650625777,Jeri-jose/neosemantics,44e0bf3af6ce5fcf2a9faf513227429e27ec568a,src/test/resources/shacl/w3ctestsuite/core/property/in-not-query-001b-shorten-shapes.ttl,extension:.ttl,726,93807085d968a0c123abd6cb2e211b6f9e30c4f3f002f3bbbaf24e21ce45d7d9,fetched,parsed,turtle,true,1,0,5,0,1,rdf:type sh:NodeShape|sh:in|sh:not|sh:path|sh:property,
650625777,Jeri-jose/neosemantics,44e0bf3af6ce5fcf2a9faf513227429e27ec568a,src/test/resources/shacl/w3ctestsuite/core/property/in-not-query-001c-data.ttl,extension:.ttl,798,02793c772c5421803b068d2b3a841214f8b7f1c42e5bf2b886ff34f0b287d022,fetched,parsed,turtle,true,0,0,0,0,0,,
650625777,Jeri-jose/neosemantics,44e0bf3af6ce5fcf2a9faf513227429e27ec568a,src/test/resources/shacl/w3ctestsuite/core/property/in-not-query-001c-keep-shapes.ttl,extension:.ttl,726,5ce6c069012787b1916f6bbcb036ec18995da8d4b0424998c122a8f9fd8ac0e6,fetched,parsed,turtle,true,1,0,5,0,1,rdf:type sh:NodeShape|sh:in|sh:not|sh:path|sh:property,
650625777,Jeri-jose/neosemantics,44e0bf3af6ce5fcf2a9faf513227429e27ec568a,src/test/resources/shacl/w3ctestsuite/core/property/in-not-query-001c-results.ttl,extension:.ttl,1338,dfb1baf9e8559caf4ebbe8a820a77264cc53f3fd068b97ba0eb4beb9a1902e28,fetched,parsed,turtle,true,0,0,0,0,20,,
650625777,Jeri-jose/neosemantics,44e0bf3af6ce5fcf2a9faf513227429e27ec568a,src/test/resources/shacl/w3ctestsuite/core/property/in-not-query-001c-shapes.ttl,extension:.ttl,703,8eec9b500ff5a59608cb90a598b5e9f7f4330d3f90a297b332f7bf953a445518,fetched,parsed,turtle,true,1,0,5,0,1,rdf:type sh:NodeShape|sh:in|sh:not|sh:path|sh:property,
650625777,Jeri-jose/neosemantics,44e0bf3af6ce5fcf2a9faf513227429e27ec568a,src/test/resources/shacl/w3ctestsuite/core/property/in-not-query-001c-shorten-shapes.ttl,extension:.ttl,708,932b799807f1872261a749a8e80a604703d2042d482aa8af0b21087e31dafc23,fetched,parsed,turtle,true,1,0,5,0,1,rdf:type sh:NodeShape|sh:in|sh:not|sh:path|sh:property,
650625777,Jeri-jose/neosemantics,44e0bf3af6ce5fcf2a9faf513227429e27ec568a,src/test/resources/shacl/w3ctestsuite/core/property/in-query-001-data.ttl,extension:.ttl,1022,18839afdf38cee821db7dfe59f6aa86a77441b1bdfee671f3dfa934583a7659f,fetched,parsed,turtle,true,0,0,0,0,0,,
650625777,Jeri-jose/neosemantics,44e0bf3af6ce5fcf2a9faf513227429e27ec568a,src/test/resources/shacl/w3ctestsuite/core/property/in-query-001-keep-shapes.ttl,extension:.ttl,796,e6952b2154905bbf0dafb407deffb25c923f2d2ff9839b6477d4228462166fe1,fetched,parsed,turtle,true,1,0,5,0,1,rdf:type sh:NodeShape|sh:datatype|sh:in|sh:path|sh:property,
650625777,Jeri-jose/neosemantics,44e0bf3af6ce5fcf2a9faf513227429e27ec568a,src/test/resources/shacl/w3ctestsuite/core/property/in-query-001-results.ttl,extension:.ttl,930,767c612b51fe43246ac17eabf5bd57f5eedbc65d20374662587c66fcfab04487,fetched,parsed,turtle,true,0,0,0,0,10,,
650625777,Jeri-jose/neosemantics,44e0bf3af6ce5fcf2a9faf513227429e27ec568a,src/test/resources/shacl/w3ctestsuite/core/property/in-query-001-shapes.ttl,extension:.ttl,773,661fc6096121d08d380a04bc13838e1fc692596864178ae273a9ab5715d5ef72,fetched,parsed,turtle,true,1,0,5,0,1,rdf:type sh:NodeShape|sh:datatype|sh:in|sh:path|sh:property,
650625777,Jeri-jose/neosemantics,44e0bf3af6ce5fcf2a9faf513227429e27ec568a,src/test/resources/shacl/w3ctestsuite/core/property/in-query-001-shorten-shapes.ttl,extension:.ttl,778,874d6db55dbe6644241357be2db0386e3ae6841ab469ea6d1ca87e2a79641951,fetched,parsed,turtle,true,1,0,5,0,1,rdf:type sh:NodeShape|sh:datatype|sh:in|sh:path|sh:property,
650625777,Jeri-jose/neosemantics,44e0bf3af6ce5fcf2a9faf513227429e27ec568a,src/test/resources/shacl/w3ctestsuite/core/property/in-query-001b-data.ttl,extension:.ttl,1113,b9deff601447e97b1ec12e059591d9dae75f01d3035188bc43b27e5a48224cf2,fetched,parsed,turtle,true,0,0,0,0,0,,
650625777,Jeri-jose/neosemantics,44e0bf3af6ce5fcf2a9faf513227429e27ec568a,src/test/resources/shacl/w3ctestsuite/core/property/in-query-001b-keep-shapes.ttl,extension:.ttl,807,2f790e67353bdb1bac641c2f736e0092d0f75a532994bb791e872a334d63d2b6,fetched,parsed,turtle,true,1,0,4,0,1,rdf:type sh:NodeShape|sh:in|sh:path|sh:property,
650625777,Jeri-jose/neosemantics,44e0bf3af6ce5fcf2a9faf513227429e27ec568a,src/test/resources/shacl/w3ctestsuite/core/property/in-query-001b-results.ttl,extension:.ttl,1672,32c741a4609d56eddb8cad15b2f6c43d5c9c5750f0c79fbe654bc3276bfec5e8,fetched,parsed,turtle,true,0,0,0,0,18,,
650625777,Jeri-jose/neosemantics,44e0bf3af6ce5fcf2a9faf513227429e27ec568a,src/test/resources/shacl/w3ctestsuite/core/property/in-query-001b-shapes.ttl,extension:.ttl,761,cf98f35ddc8ddd4f04342f14624557edaa633d0871471ea978a36996f5a0e8a0,fetched,parsed,turtle,true,1,0,4,0,1,rdf:type sh:NodeShape|sh:in|sh:path|sh:property,
650625777,Jeri-jose/neosemantics,44e0bf3af6ce5fcf2a9faf513227429e27ec568a,src/test/resources/shacl/w3ctestsuite/core/property/in-query-001b-shorten-shapes.ttl,extension:.ttl,771,d24ee67a291844794b1bc31db09e4b2fdab4efdd4bc5f2ddf2c479e4ca243d59,fetched,parsed,turtle,true,1,0,4,0,1,rdf:type sh:NodeShape|sh:in|sh:path|sh:property,
650625777,Jeri-jose/neosemantics,44e0bf3af6ce5fcf2a9faf513227429e27ec568a,src/test/resources/shacl/w3ctestsuite/core/property/in-query-001c-data.ttl,extension:.ttl,943,a2a03f4bdce0d1e671531c7c53f199f4ba203f1989e9775b9645cff6e0940b38,fetched,parsed,turtle,true,0,0,0,0,0,,
650625777,Jeri-jose/neosemantics,44e0bf3af6ce5fcf2a9faf513227429e27ec568a,src/test/resources/shacl/w3ctestsuite/core/property/in-query-001c-keep-shapes.ttl,extension:.ttl,761,e311e3964662bef4cc8dc3fa60c53d9e38496c6c1b5b1dff3c54f95222458020,fetched,parsed,turtle,true,1,0,4,0,1,rdf:type sh:NodeShape|sh:in|sh:path|sh:property,
650625777,Jeri-jose/neosemantics,44e0bf3af6ce5fcf2a9faf513227429e27ec568a,src/test/resources/shacl/w3ctestsuite/core/property/in-query-001c-results.ttl,extension:.ttl,2227,20ec1ae453467b36d9633ab0311e014fa6f366d65f8b759bd8ff092a2c37245b,fetched,parsed,turtle,true,0,0,0,0,38,,
650625777,Jeri-jose/neosemantics,44e0bf3af6ce5fcf2a9faf513227429e27ec568a,src/test/resources/shacl/w3ctestsuite/core/property/in-query-001c-shapes.ttl,extension:.ttl,738,29e51deada75f2965ff617ecb6a62277d512bf1a10a6afad2e2965aec605f5ea,fetched,parsed,turtle,true,1,0,4,0,1,rdf:type sh:NodeShape|sh:in|sh:path|sh:property,
650625777,Jeri-jose/neosemantics,44e0bf3af6ce5fcf2a9faf513227429e27ec568a,src/test/resources/shacl/w3ctestsuite/core/property/in-query-001c-shorten-shapes.ttl,extension:.ttl,743,6a440c97505752fe5714a61e52e816f97ad3c7e10579973919b7a335ae9cec40,fetched,parsed,turtle,true,1,0,4,0,1,rdf:type sh:NodeShape|sh:in|sh:path|sh:property,
650625777,Jeri-jose/neosemantics,44e0bf3af6ce5fcf2a9faf513227429e27ec568a,src/test/resources/shacl/w3ctestsuite/core/property/maxCount-001-data.ttl,extension:.ttl,777,0644ec93f3f59c8c5ae6e8b6a908126575a1732761be2234e54f1d6b8681e181,fetched,parsed,turtle,true,0,0,0,0,0,,
650625777,Jeri-jose/neosemantics,44e0bf3af6ce5fcf2a9faf513227429e27ec568a,src/test/resources/shacl/w3ctestsuite/core/property/maxCount-001-results.ttl,extension:.ttl,957,1f9ac37edf816a252c1a1317bb042f8be5f3df91e9ee96fce4fca289ef12205c,fetched,parsed,turtle,true,0,0,0,0,9,,
650625777,Jeri-jose/neosemantics,44e0bf3af6ce5fcf2a9faf513227429e27ec568a,src/test/resources/shacl/w3ctestsuite/core/property/maxCount-001-shapes.ttl,extension:.ttl,890,7af319e95b139c1861f55c04c6a5676b3e33d593569b932811b56a008321b60d,fetched,parsed,turtle,true,1,0,7,0,0,rdf:type sh:NodeShape|sh:datatype|sh:maxCount|sh:path|sh:property|sh:targetClass|sh:targetNode,
650625777,Jeri-jose/neosemantics,44e0bf3af6ce5fcf2a9faf513227429e27ec568a,src/test/resources/shacl/w3ctestsuite/core/property/maxCount-001b-data.ttl,extension:.ttl,788,54a2ba36919f750e4a8733a9bb6a31aaf4d46dfcedf5adca9c0b7f357efccb10,fetched,parsed,turtle,true,0,0,0,0,0,,
650625777,Jeri-jose/neosemantics,44e0bf3af6ce5fcf2a9faf513227429e27ec568a,src/test/resources/shacl/w3ctestsuite/core/property/maxCount-001b-results.ttl,extension:.ttl,951,afce2fbab2ea2f4e2679558d49bb8047f9cb5333a7267eadba2503961ff5a6bf,fetched,parsed,turtle,true,0,0,0,0,9,,
650625777,Jeri-jose/neosemantics,44e0bf3af6ce5fcf2a9faf513227429e27ec568a,src/test/resources/shacl/w3ctestsuite/core/property/maxCount-001b-shapes.ttl,extension:.ttl,726,2a819b10ce52605aee3a4719672d2b18132684b1f7aaf76a99d1c362f0624ddd,fetched,parsed,turtle,true,1,0,5,0,0,rdf:type sh:NodeShape|sh:maxCount|sh:path|sh:property|sh:targetClass,
650625777,Jeri-jose/neosemantics,44e0bf3af6ce5fcf2a9faf513227429e27ec568a,src/test/resources/shacl/w3ctestsuite/core/property/maxCount-001c-data.ttl,extension:.ttl,765,9e4c24f52a175af333e0285b8af6ced5918c75341902027e89fbbbdccec9b73f,fetched,parsed,turtle,true,0,0,0,0,0,,
650625777,Jeri-jose/neosemantics,44e0bf3af6ce5fcf2a9faf513227429e27ec568a,src/test/resources/shacl/w3ctestsuite/core/property/maxCount-001c-results.ttl,extension:.ttl,1357,c38e9eb3a1eba39c489dad3f87db5f6b3f92899017b1f4b9df7fbee468864e1f,fetched,parsed,turtle,true,0,0,0,0,18,,
650625777,Jeri-jose/neosemantics,44e0bf3af6ce5fcf2a9faf513227429e27ec568a,src/test/resources/shacl/w3ctestsuite/core/property/maxCount-001c-shapes.ttl,extension:.ttl,720,eace5a8d47f83ec4781b0cc1f70d15489f171e113684068c132c6c47a9cda769,fetched,parsed,turtle,true,1,0,5,0,0,rdf:type sh:NodeShape|sh:maxCount|sh:path|sh:property|sh:targetClass,
650625777,Jeri-jose/neosemantics,44e0bf3af6ce5fcf2a9faf513227429e27ec568a,src/test/resources/shacl/w3ctestsuite/core/property/maxExclussive-001-data.ttl,extension:.ttl,833,e73127d5fe0da887b750ebd0f9a372bd73f1f1dcf64d8923cfa4704955ba3750,fetched,parsed,turtle,true,0,0,0,0,0,,
650625777,Jeri-jose/neosemantics,44e0bf3af6ce5fcf2a9faf513227429e27ec568a,src/test/resources/shacl/w3ctestsuite/core/property/maxExclussive-001-results.ttl,extension:.ttl,1679,5a9cb4625743946574d1b524fd9f4ae3847c8ee490d017024c8c03c98998b183,fetched,parsed,turtle,true,0,0,0,0,26,,
650625777,Jeri-jose/neosemantics,44e0bf3af6ce5fcf2a9faf513227429e27ec568a,src/test/resources/shacl/w3ctestsuite/core/property/maxExclussive-001-shapes.ttl,extension:.ttl,926,dfcf88389a838d85b41ff767f1ae686fc7bc371e835a2dd9e0b5b0c2979e9c9c,fetched,parsed,turtle,true,1,0,4,0,0,rdf:type sh:NodeShape|sh:maxExclusive|sh:path|sh:targetClass,
650625777,Jeri-jose/neosemantics,44e0bf3af6ce5fcf2a9faf513227429e27ec568a,src/test/resources/shacl/w3ctestsuite/core/property/maxLength-001-data.ttl,extension:.ttl,772,6eaecedbe5e6d264da9507870556d27f56c5db5fc2877b20855d093fc262c29d,fetched,parsed,turtle,true,0,0,0,0,0,,
650625777,Jeri-jose/neosemantics,44e0bf3af6ce5fcf2a9faf513227429e27ec568a,src/test/resources/shacl/w3ctestsuite/core/property/maxLength-001-results.ttl,extension:.ttl,999,c7e0902a5a4408fcba7ab45437e361c23465b949fb74b01c3d152dbee6db6f5f,fetched,parsed,turtle,true,0,0,0,0,10,,
650625777,Jeri-jose/neosemantics,44e0bf3af6ce5fcf2a9faf513227429e27ec568a,src/test/resources/shacl/w3ctestsuite/core/property/maxLength-001-shapes.ttl,extension:.ttl,789,f47346e1fce6bb7b2d0243606231fbc14ef7104281aae62cdad1f1bb1f7b9bd7,fetched,parsed,turtle,true,1,0,5,0,0,rdf:type sh:NodeShape|sh:datatype|sh:maxLength|sh:path|sh:property,
650625777,Jeri-jose/neosemantics,44e0bf3af6ce5fcf2a9faf513227429e27ec568a,src/test/resources/shacl/w3ctestsuite/core/property/minCount-001-data.ttl,extension:.ttl,818,0bef26c2662803dd2833b41a34ba6093b4dc9c3388142ac4c47a669df9632e5f,fetched,parsed,turtle,true,0,0,0,0,0,,
650625777,Jeri-jose/neosemantics,44e0bf3af6ce5fcf2a9faf513227429e27ec568a,src/test/resources/shacl/w3ctestsuite/core/property/minCount-001-results.ttl,extension:.ttl,953,4d3ca05a5cc24290d9b855ccdc8964081a8c486657b93ed8a0ed70a413cd8891,fetched,parsed,turtle,true,0,0,0,0,9,,
650625777,Jeri-jose/neosemantics,44e0bf3af6ce5fcf2a9faf513227429e27ec568a,src/test/resources/shacl/w3ctestsuite/core/property/minCount-001-shapes.ttl,extension:.ttl,795,e71de265771a0f3558ca7bc5e2c261d37975d081ac731dd3943bac934c84bee1,fetched,parsed,turtle,true,1,0,7,0,0,rdf:type sh:NodeShape|sh:datatype|sh:minCount|sh:path|sh:property|sh:targetClass|sh:targetNode,
650625777,Jeri-jose/neosemantics,44e0bf3af6ce5fcf2a9faf513227429e27ec568a,src/test/resources/shacl/w3ctestsuite/core/property/minCount-001b-data.ttl,extension:.ttl,752,4f858b48321d102b021fd26eaa780c99c2f143532eab2c715047e71c129f5793,fetched,parsed,turtle,true,0,0,0,0,0,,
650625777,Jeri-jose/neosemantics,44e0bf3af6ce5fcf2a9faf513227429e27ec568a,src/test/resources/shacl/w3ctestsuite/core/property/minCount-001b-results.ttl,extension:.ttl,1362,1e8ae371d85cf090bd5b21d3b43ed2d2b222194d070d04eb1d34245035807cbf,fetched,parsed,turtle,true,0,0,0,0,18,,
650625777,Jeri-jose/neosemantics,44e0bf3af6ce5fcf2a9faf513227429e27ec568a,src/test/resources/shacl/w3ctestsuite/core/property/minCount-001b-shapes.ttl,extension:.ttl,761,d6b93db9c7fc3557b386992f2e2013e10ab0a838f393e1edd1967592b20517c0,fetched,parsed,turtle,true,1,0,6,0,0,rdf:type sh:NodeShape|sh:minCount|sh:path|sh:property|sh:targetClass|sh:targetNode,
650625777,Jeri-jose/neosemantics,44e0bf3af6ce5fcf2a9faf513227429e27ec568a,src/test/resources/shacl/w3ctestsuite/core/property/minExclussive-001-data.ttl,extension:.ttl,772,12ff3c160da0821448580d4b379abd3407454fe0260feed566ca4dfe4e31c02a,fetched,parsed,turtle,true,0,0,0,0,0,,
650625777,Jeri-jose/neosemantics,44e0bf3af6ce5fcf2a9faf513227429e27ec568a,src/test/resources/shacl/w3ctestsuite/core/property/minExclussive-001-results.ttl,extension:.ttl,1345,783d3464fac89802bc5b7924e3099e4470981e5cd69aa7617d54fab17e196da2,fetched,parsed,turtle,true,0,0,0,0,18,,
650625777,Jeri-jose/neosemantics,44e0bf3af6ce5fcf2a9faf513227429e27ec568a,src/test/resources/shacl/w3ctestsuite/core/property/minExclussive-001-shapes.ttl,extension:.ttl,770,cd597d1337d85714ba96585a2ee04ba6acf4181d8a6f0fc6e3a33814d3d1da30,fetched,parsed,turtle,true,1,0,4,0,0,rdf:type sh:NodeShape|sh:minExclusive|sh:path|sh:property,
650625777,Jeri-jose/neosemantics,44e0bf3af6ce5fcf2a9faf513227429e27ec568a,src/test/resources/shacl/w3ctestsuite/core/property/minMax-query-001-data.ttl,extension:.ttl,946,be7429b9096e0de25d00945cb93ed6233ec9aca1656533acd0e50c2cdb61df96,fetched,parsed,turtle,true,0,0,0,0,0,,
650625777,Jeri-jose/neosemantics,44e0bf3af6ce5fcf2a9faf513227429e27ec568a,src/test/resources/shacl/w3ctestsuite/core/property/minMax-query-001-keep-shapes.ttl,extension:.ttl,1027,7df6c38d65ec752a005d2088b3f98bb858b72cd3c5a50bcc79a844cf4a7ebf6f,fetched,parsed,turtle,true,1,0,11,0,1,rdf:type sh:NodeShape|sh:maxExclusive|sh:maxInclusive|sh:minExclusive|sh:minInclusive|sh:path|sh:property,
650625777,Jeri-jose/neosemantics,44e0bf3af6ce5fcf2a9faf513227429e27ec568a,src/test/resources/shacl/w3ctestsuite/core/property/minMax-query-001-results.ttl,extension:.ttl,1679,de7045c9df98de9175c927c6825523a1b53327ebd8d9e18e749389d1f4688f11,fetched,parsed,turtle,true,0,0,0,0,26,,
650625777,Jeri-jose/neosemantics,44e0bf3af6ce5fcf2a9faf513227429e27ec568a,src/test/resources/shacl/w3ctestsuite/core/property/minMax-query-001-shapes.ttl,extension:.ttl,1004,fbd2af34e766591df37ef8a06bd767c19b8179b11e87a2795a89ce6887376112,fetched,parsed,turtle,true,1,0,11,0,1,rdf:type sh:NodeShape|sh:maxExclusive|sh:maxInclusive|sh:minExclusive|sh:minInclusive|sh:path|sh:property,
650625777,Jeri-jose/neosemantics,44e0bf3af6ce5fcf2a9faf513227429e27ec568a,src/test/resources/shacl/w3ctestsuite/core/property/minMax-query-001-shorten-shapes.ttl,extension:.ttl,1009,435e3efeae6367130485aa36d30aa8300a827481c52674798f0ec110647ccb96,fetched,parsed,turtle,true,1,0,11,0,1,rdf:type sh:NodeShape|sh:maxExclusive|sh:maxInclusive|sh:minExclusive|sh:minInclusive|sh:path|sh:property,
650625777,Jeri-jose/neosemantics,44e0bf3af6ce5fcf2a9faf513227429e27ec568a,src/test/resources/shacl/w3ctestsuite/core/property/nodeKind-001-data.ttl,extension:.ttl,1254,3c95892c74a765e387eafb0d998e6bcb25686ad90e4fcda480f6e344707656d4,fetched,parsed,turtle,true,0,0,0,0,0,,
650625777,Jeri-jose/neosemantics,44e0bf3af6ce5fcf2a9faf513227429e27ec568a,src/test/resources/shacl/w3ctestsuite/core/property/nodeKind-001-results.ttl,extension:.ttl,1264,5a85ca374622ac2608cac3e55f1449a1d743fedbb235a31df25a33b67024d2f2,fetched,parsed,turtle,true,0,0,0,0,16,,
650625777,Jeri-jose/neosemantics,44e0bf3af6ce5fcf2a9faf513227429e27ec568a,src/test/resources/shacl/w3ctestsuite/core/property/nodeKind-001-shapes.ttl,extension:.ttl,910,8757c529016a4a03685d6aed60768449d0aba09547b1020c3b56d76fba53260f,fetched,parsed,turtle,true,2,0,10,0,0,rdf:type sh:NodeShape|sh:nodeKind|sh:path|sh:property|sh:targetClass,
650625777,Jeri-jose/neosemantics,44e0bf3af6ce5fcf2a9faf513227429e27ec568a,src/test/resources/shacl/w3ctestsuite/core/property/pattern-query-001-data.ttl,extension:.ttl,813,e19c01f234b922d81cc53d31ec2687b9ca3fda3b162db9f1314626628068881c,fetched,parsed,turtle,true,0,0,0,0,0,,
650625777,Jeri-jose/neosemantics,44e0bf3af6ce5fcf2a9faf513227429e27ec568a,src/test/resources/shacl/w3ctestsuite/core/property/pattern-query-001-keep-shapes.ttl,extension:.ttl,878,14abd8c220057ec6917f663d2a672169ad93bbd183838a273eab48d653cb0612,fetched,parsed,turtle,true,1,0,5,0,1,rdf:type sh:NodeShape|sh:datatype|sh:path|sh:pattern|sh:property,
650625777,Jeri-jose/neosemantics,44e0bf3af6ce5fcf2a9faf513227429e27ec568a,src/test/resources/shacl/w3ctestsuite/core/property/pattern-query-001-results.ttl,extension:.ttl,1335,99d075ce94edadc667169d5c9a7dffcc6d864c51dbcdb99b22784eab060589d3,fetched,parsed,turtle,true,0,0,0,0,18,,
650625777,Jeri-jose/neosemantics,44e0bf3af6ce5fcf2a9faf513227429e27ec568a,src/test/resources/shacl/w3ctestsuite/core/property/pattern-query-001-shapes.ttl,extension:.ttl,832,01a59a1b10a7a704de022d89b1b31f8352841a50c67913ba3a2e5f5788da75d5,fetched,parsed,turtle,true,1,0,5,0,1,rdf:type sh:NodeShape|sh:datatype|sh:path|sh:pattern|sh:property,
650625777,Jeri-jose/neosemantics,44e0bf3af6ce5fcf2a9faf513227429e27ec568a,src/test/resources/shacl/w3ctestsuite/core/property/pattern-query-001-shorten-shapes.ttl,extension:.ttl,842,f59e84523ea953f7f4caacdb78d496b37f25938dfb20c9e7c02d5e530ada0097,fetched,parsed,turtle,true,1,0,5,0,1,rdf:type sh:NodeShape|sh:datatype|sh:path|sh:pattern|sh:property,
650625777,Jeri-jose/neosemantics,44e0bf3af6ce5fcf2a9faf513227429e27ec568a,src/test/resources/testImportMultiValAfterImportSingelVal.ttl,extension:.ttl,153,deeafa582535ad3e9a48f758d0139778cb9e91ec6df1e46785e7bc05458c46b7,fetched,parsed,turtle,false,0,0,0,0,0,,
650625777,Jeri-jose/neosemantics,44e0bf3af6ce5fcf2a9faf513227429e27ec568a,src/test/resources/two-types-two-tx-no-props.ttl,extension:.ttl,240,557f7c8ac9510429416e451757d2d50b142cc8776ef51f0308f42dec4e9cd845,fetched,parsed,turtle,false,0,0,0,0,0,,
650625777,Jeri-jose/neosemantics,44e0bf3af6ce5fcf2a9faf513227429e27ec568a,src/test/resources/unesco-thesaurus.ttl,extension:.ttl,2670960,2d2286ee9da3e6d80cb5cd23f0986b38510be011134fd7a5b4bddedba666ad17,fetched,parsed,turtle,false,0,0,0,0,0,,
650625777,Jeri-jose/neosemantics,44e0bf3af6ce5fcf2a9faf513227429e27ec568a,src/test/resources/vw.owl,extension:.owl,12749,7ee589f29c6329a74fb1827ad0e09fa9c9490b43e0484e7f0da95c062fe5705a,fetched,parse_error,xml,false,0,0,0,0,0,,SAXParseException: <unknown>:1:0: not well-formed (invalid token)
966720413,Luke-ebbis/Sparnatural,45c4c444f919ad54b57e5370d099c4d3d70e9a26,codemeta.json,sniff:jsonld,1532,757efa65b6fcd1f2679fdd0e6336ed2fd4a44d3a2730b3dd56f2da2e032e0b1f,fetched,parsed,json-ld,false,0,0,0,0,0,,
966720413,Luke-ebbis/Sparnatural,45c4c444f919ad54b57e5370d099c4d3d70e9a26,dev-page/configs/OpenArchaeo_SHACL_Sparnatural_V2.ttl,extension:.ttl,195672,97255260dfff59970d9206a6024737c8d8624c8b25ac86afe01611cdfc7e05e6,fetched,parsed,turtle,true,21,0,811,3,974,rdf:type sh:NodeShape|sh:class|sh:datatype|sh:maxCount|sh:minCount|sh:node|sh:nodeKind|sh:or|sh:path|sh:property|sh:select|sh:target|sh:targetClass,
966720413,Luke-ebbis/Sparnatural,45c4c444f919ad54b57e5370d099c4d3d70e9a26,dev-page/configs/RUIM-SHACL-Shapes-postprocessed.ttl,extension:.ttl,154665,9765d6ac87b69606b5996ea836356e3c37a6caf72ec694487a474ad7f700d574,fetched,parsed,turtle,true,32,0,1302,42,431,rdf:type sh:NodeShape|sh:closed|sh:datatype|sh:ignoredProperties|sh:languageIn|sh:maxCount|sh:minCount|sh:node|sh:nodeKind|sh:or|sh:path|sh:pattern|sh:property|sh:select|sh:sparql|sh:target,
966720413,Luke-ebbis/Sparnatural,45c4c444f919ad54b57e5370d099c4d3d70e9a26,dev-page/configs/RiC-O_1-0.rdf,extension:.rdf,1459474,bc54c427f52910b98bc266ce26ef1a344b62ad9c67322948c15a7ff3fbf9c729,fetched,parsed,xml,false,0,0,0,0,0,,
966720413,Luke-ebbis/Sparnatural,45c4c444f919ad54b57e5370d099c4d3d70e9a26,dev-page/configs/catalog.jsonld,extension:.jsonld,1403,f260e345a6b37e276d8903be7b5bbe1dadb0a609352c647384d7c7c3f1fdd2b6,fetched,parsed,json-ld,false,0,0,0,0,0,,
966720413,Luke-ebbis/Sparnatural,45c4c444f919ad54b57e5370d099c4d3d70e9a26,dev-page/configs/collections-shacl.ttl,extension:.ttl,61120,e5c25d20b845d727ef2c5845bb57f47388cbf347a5125ba372307ad2bb96ab4e,fetched,parsed,turtle,true,15,0,504,1,332,rdf:type sh:NodeShape|sh:class|sh:datatype|sh:maxCount|sh:minCount|sh:node|sh:nodeKind|sh:or|sh:path|sh:property|sh:select|sh:target|sh:targetClass|sh:uniqueLang,
966720413,Luke-ebbis/Sparnatural,45c4c444f919ad54b57e5370d099c4d3d70e9a26,dev-page/configs/config-dri-shacl.ttl,extension:.ttl,16584,7b1fa7413099fd682d884340b2f58e89c501aaea6f657181ad396fd25a23cc08,fetched,parsed,turtle,true,3,0,145,0,64,rdf:type sh:NodeShape|sh:class|sh:datatype|sh:languageIn|sh:maxCount|sh:minCount|sh:nodeKind|sh:or|sh:path|sh:property|sh:targetClass,
966720413,Luke-ebbis/Sparnatural,45c4c444f919ad54b57e5370d099c4d3d70e9a26,dev-page/configs/config-hierarchie.ttl,extension:.ttl,3460,4a1afcb4d18b98b700198a75bf4c01c10bfbcb407da1ddb9d052aab08c84cdba,fetched,parsed,turtle,true,6,0,22,1,0,rdf:type sh:NodeShape|sh:class|sh:node|sh:path|sh:property|sh:select|sh:target|sh:targetClass,
966720413,Luke-ebbis/Sparnatural,45c4c444f919ad54b57e5370d099c4d3d70e9a26,dev-page/configs/config-issue-539.ttl,extension:.ttl,3318,55e0cc694609ea4fd6343ea6f1d066ca0592551e91a56aedfd62dc7c1e9d8f46,fetched,parsed,turtle,false,0,0,0,0,0,,
966720413,Luke-ebbis/Sparnatural,45c4c444f919ad54b57e5370d099c4d3d70e9a26,dev-page/configs/config-shacl.ttl,extension:.ttl,3248,a8d7285860a4a00b7793ff85a4e58c1881eb5456b8a9afa1dba72563d81ce0a4,fetched,parsed,turtle,true,3,0,21,0,6,rdf:type sh:NodeShape|sh:maxCount|sh:minCount|sh:node|sh:nodeKind|sh:path|sh:property|sh:targetClass,
966720413,Luke-ebbis/Sparnatural,45c4c444f919ad54b57e5370d099c4d3d70e9a26,dev-page/configs/config.json,sniff:jsonld,23495,d3647f6b8c09d21c2e912ba5058124911cc3ba846b456882755f0bc1fbfb74fe,fetched,parsed,json-ld,false,0,0,0,0,0,,
966720413,Luke-ebbis/Sparnatural,45c4c444f919ad54b57e5370d099c4d3d70e9a26,dev-page/configs/config.ttl,extension:.ttl,27378,c1e76298cb4fbe4472c1f50a03b1a377630df12cf814bb125916cff775479092,fetched,parsed,turtle,false,0,0,0,0,0,,
966720413,Luke-ebbis/Sparnatural,45c4c444f919ad54b57e5370d099c4d3d70e9a26,dev-page/configs/dbpediafr-config.ttl,extension:.ttl,21269,367254e4ca9325a33cbc026f2578835a79bc669a15340dd68273150efd1d9b4a,fetched,parsed,turtle,true,12,0,179,0,130,rdf:type sh:NodeShape|sh:class|sh:datatype|sh:maxCount|sh:minCount|sh:node|sh:nodeKind|sh:path|sh:property|sh:targetClass,
966720413,Luke-ebbis/Sparnatural,45c4c444f919ad54b57e5370d099c4d3d70e9a26,dev-page/configs/eli-ep.shacl.ttl,extension:.ttl,42641,ae2a202fd7e376907068aad3e47578314c2d82d443071cad3168c8c76b59adca,fetched,parsed,turtle,true,23,0,532,0,201,rdf:type sh:NodeShape|sh:class|sh:closed|sh:datatype|sh:hasValue|sh:ignoredProperties|sh:in|sh:maxCount|sh:minCount|sh:nodeKind|sh:path|sh:pattern|sh:property,
966720413,Luke-ebbis/Sparnatural,45c4c444f919ad54b57e5370d099c4d3d70e9a26,dev-page/configs/eli.rdf,extension:.rdf,166991,35bba63a0945e089817ddeb25512d31bfa101344282a4dfbce58e92ad756111c,fetched,parsed,xml,false,0,0,0,0,0,,
966720413,Luke-ebbis/Sparnatural,45c4c444f919ad54b57e5370d099c4d3d70e9a26,dev-page/configs/instantiation_statistics_sparnatural.ttl,extension:.ttl,90443,3e7a8b90baccf3a7cb080c175594b1a61064eafbdbf129b5009515129e1c7f57,fetched,parsed,turtle,true,0,0,0,0,1,,
966720413,Luke-ebbis/Sparnatural,45c4c444f919ad54b57e5370d099c4d3d70e9a26,dev-page/configs/instantiations-shacl.ttl,extension:.ttl,37588,bce805432580da9f334e84254e7aa430480751eab16c0e6b9769a984fcfc7507,fetched,parsed,turtle,true,28,0,567,0,166,rdf:type sh:NodeShape|sh:class|sh:closed|sh:datatype|sh:hasValue|sh:ignoredProperties|sh:in|sh:maxCount|sh:minCount|sh:node|sh:nodeKind|sh:or|sh:path|sh:property|sh:targetClass|sh:uniqueLang,
966720413,Luke-ebbis/Sparnatural,45c4c444f919ad54b57e5370d099c4d3d70e9a26,dev-page/configs/nakala-shapes.ttl,extension:.ttl,119421,7d96d47deb3483b9703c13ded3745d902fd949f907c332908dc15bca4777ef74,fetched,parsed,turtle,true,29,0,782,0,201,rdf:type sh:NodeShape|sh:class|sh:datatype|sh:maxCount|sh:minCount|sh:nodeKind|sh:or|sh:path|sh:property|sh:targetClass,
966720413,Luke-ebbis/Sparnatural,45c4c444f919ad54b57e5370d099c4d3d70e9a26,dev-page/configs/person.shacl.ttl,extension:.ttl,6911,e0e73c18206d4f01013169688a4c006937cae816ed8bd5192f73dc445aec82ed,fetched,parsed,turtle,true,6,24,161,0,1,rdf:type sh:NodeShape|rdf:type sh:PropertyShape|sh:class|sh:datatype|sh:in|sh:maxCount|sh:minCount|sh:nodeKind|sh:or|sh:path|sh:property|sh:targetClass,
966720413,Luke-ebbis/Sparnatural,45c4c444f919ad54b57e5370d099c4d3d70e9a26,dev-page/configs/sapa-sparnatural-shacl-test.ttl,extension:.ttl,2789,7ca6883f9317c83830b41ded258e730839b99209fc4f161d1087d3b75970e258,fetched,parsed,turtle,true,3,0,6,0,0,rdf:type sh:NodeShape|sh:node,
966720413,Luke-ebbis/Sparnatural,45c4c444f919ad54b57e5370d099c4d3d70e9a26,dev-page/configs/sapa-sparnatural-shacl.ttl,extension:.ttl,9016,3702240f7331e9634d988d9c2dd2baac255d899992fdfe67569f4d99883d4639,fetched,parsed,turtle,true,1,0,20,1,57,rdf:type sh:NodeShape|sh:datatype|sh:maxCount|sh:minCount|sh:node|sh:nodeKind|sh:path|sh:property|sh:select|sh:target,
966720413,Luke-ebbis/Sparnatural,45c4c444f919ad54b57e5370d099c4d3d70e9a26,dev-page/configs/sparnatural-config-A.ttl,extension:.ttl,63734,841efd8da5448e0482150467b6c8736a7a272285c0aa80f5969a97603634d7d2,fetched,parsed,turtle,false,0,0,0,0,0,,
966720413,Luke-ebbis/Sparnatural,45c4c444f919ad54b57e5370d099c4d3d70e9a26,dev-page/configs/sparnatural-config-EDM.ttl,extension:.ttl,19125,2ae8658bb87d18d6d3916e4bfb746acc91bdc2b33ff1821bf960afce77bf8aaa,fetched,parsed,turtle,true,0,0,0,0,0,,
966720413,Luke-ebbis/Sparnatural,45c4c444f919ad54b57e5370d099c4d3d70e9a26,dev-page/configs/sparnatural-config-dbpedia.ttl,extension:.ttl,27865,83f6cc46ba5b3324bbd8ee771a70073099bcc297a7fcc82c245b8cc5b2b42f52,fetched,parsed,turtle,false,0,0,0,0,0,,
966720413,Luke-ebbis/Sparnatural,45c4c444f919ad54b57e5370d099c4d3d70e9a26,dev-page/configs/sparnatural-config-legilux.ttl,extension:.ttl,19428,a302f30e83ea208182726a8dc3a33629dd7f363a14aac7bc61bbb98ae5f4ae56,fetched,parsed,turtle,false,0,0,0,0,0,,
966720413,Luke-ebbis/Sparnatural,45c4c444f919ad54b57e5370d099c4d3d70e9a26,dev-page/configs/sparnatural-config-rico.ttl,extension:.ttl,64446,494761f0c02cc694d6790d617a329b582f1b808f851b05c1f622eb2a8b212210,fetched,parsed,turtle,false,0,0,0,0,0,,
966720413,Luke-ebbis/Sparnatural,45c4c444f919ad54b57e5370d099c4d3d70e9a26,dev-page/configs/sparnatural-config-shacl.ttl,extension:.ttl,1224,e5b21df36ae9751120c256d658d161a9a809bb4e126c05262c764a7f907fd692,fetched,parsed,turtle,true,2,0,10,0,3,rdf:type sh:NodeShape|sh:node|sh:nodeKind|sh:path|sh:property|sh:targetClass,
966720413,Luke-ebbis/Sparnatural,45c4c444f919ad54b57e5370d099c4d3d70e9a26,dev-page/configs/sparnatural-config.rdf,extension:.rdf,1380,eaaafdb907fbc69d0e1e8d1444a6ada3553dcd3becdff3791ade7b65c7d1baf4,fetched,parsed,xml,false,0,0,0,0,0,,
966720413,Luke-ebbis/Sparnatural,45c4c444f919ad54b57e5370d099c4d3d70e9a26,dev-page/configs/sparnatural-config.ttl,extension:.ttl,62772,d17c7f0682a9e59452ead13066e05c079929f02fe2a10ec9c3ea10eaa06a93e2,fetched,parsed,turtle,false,0,0,0,0,0,,
966720413,Luke-ebbis/Sparnatural,45c4c444f919ad54b57e5370d099c4d3d70e9a26,dev-page/configs/sparnatural-hierarchy-config.ttl,extension:.ttl,13203,83af3726d23d63d2b7b703c4ed4b45d359299e38be3efe8e6d91acb5da660ebe,fetched,parsed,turtle,true,12,0,80,0,49,rdf:type sh:NodeShape|sh:datatype|sh:maxCount|sh:node|sh:nodeKind|sh:or|sh:path|sh:property|sh:targetClass,
966720413,Luke-ebbis/Sparnatural,45c4c444f919ad54b57e5370d099c4d3d70e9a26,dev-page/configs/statistics.ttl,extension:.ttl,183864,b1f730f93a37deeac0d75029908061f3b5642765453b542c4b05a31e0281f129,fetched,parsed,turtle,true,0,0,0,0,3,,
966720413,Luke-ebbis/Sparnatural,45c4c444f919ad54b57e5370d099c4d3d70e9a26,dev-page/form-configs/dbpedia/dbpediafr-config.ttl,extension:.ttl,21127,b581aae2ced39335edb62e095d11205c047330649221bee29eeeedcf6e185657,fetched,parsed,turtle,true,12,0,175,0,123,rdf:type sh:NodeShape|sh:class|sh:datatype|sh:maxCount|sh:minCount|sh:node|sh:nodeKind|sh:path|sh:property|sh:targetClass,
966720413,Luke-ebbis/Sparnatural,45c4c444f919ad54b57e5370d099c4d3d70e9a26,dev-page/form-configs/sapa-inst/collections-shacl.ttl,extension:.ttl,61120,474c3d4f21aea87c401a3aafd6a3d6b1fcf7f2d8dc8d5b1c6310998031a49faf,fetched,parsed,turtle,true,15,0,504,1,332,rdf:type sh:NodeShape|sh:class|sh:datatype|sh:maxCount|sh:minCount|sh:node|sh:nodeKind|sh:or|sh:path|sh:property|sh:select|sh:target|sh:targetClass|sh:uniqueLang,
966720413,Luke-ebbis/Sparnatural,45c4c444f919ad54b57e5370d099c4d3d70e9a26,dev-page/form-configs/sapa/collections-shacl.ttl,extension:.ttl,61120,474c3d4f21aea87c401a3aafd6a3d6b1fcf7f2d8dc8d5b1c6310998031a49faf,fetched,parsed,turtle,true,15,0,504,1,332,rdf:type sh:NodeShape|sh:class|sh:datatype|sh:maxCount|sh:minCount|sh:node|sh:nodeKind|sh:or|sh:path|sh:property|sh:select|sh:target|sh:targetClass|sh:uniqueLang,
966720413,Luke-ebbis/Sparnatural,45c4c444f919ad54b57e5370d099c4d3d70e9a26,dev-page/form-configs/sapa/instantiation_statistics_sparnatural.ttl,extension:.ttl,90443,3e7a8b90baccf3a7cb080c175594b1a61064eafbdbf129b5009515129e1c7f57,fetched,parsed,turtle,true,0,0,0,0,1,,
966720413,Luke-ebbis/Sparnatural,45c4c444f919ad54b57e5370d099c4d3d70e9a26,dev-page/statistics/aerba-statistics.ttl,extension:.ttl,230199,e62fb90144cb2ce7c0453dc2cd61ad9971d121ec6d78f83edf6e1deb074c19b6,fetched,parsed,turtle,true,0,0,0,0,1,,
966720413,Luke-ebbis/Sparnatural,45c4c444f919ad54b57e5370d099c4d3d70e9a26,dev-page/statistics/archeoviz-statistics.ttl,extension:.ttl,239613,5eb070ebbf7f8c3aed3e9a9bfbf74edf4e9cc6ae09af36ae58aa4b8e82380aed,fetched,parsed,turtle,true,0,0,0,0,1,,
966720413,Luke-ebbis/Sparnatural,45c4c444f919ad54b57e5370d099c4d3d70e9a26,dev-page/statistics/arsol-statistics.ttl,extension:.ttl,249789,c82e79a8d89daf4c65e0ea4939a8dbe860133dc2bdff31febf6ddb78de20061d,fetched,parsed,turtle,true,0,0,0,0,1,,
966720413,Luke-ebbis/Sparnatural,45c4c444f919ad54b57e5370d099c4d3d70e9a26,docs/how-to-configure-owl/car.ttl,extension:.ttl,10697,313456276a0fb94911b79d5fea0007a373396ac80ea27958ec80e0d4ca602bb5,fetched,parsed,turtle,false,0,0,0,0,0,,
966720413,Luke-ebbis/Sparnatural,45c4c444f919ad54b57e5370d099c4d3d70e9a26,docs/how-to-configure-owl/car_instances.ttl,extension:.ttl,12856,1e7038a503e92211f34084e723d2fbc18203c7713613c9dc9883e4079d2277ad,fetched,parsed,turtle,false,0,0,0,0,0,,
966720413,Luke-ebbis/Sparnatural,45c4c444f919ad54b57e5370d099c4d3d70e9a26,docs/how-to-configure-owl/sparnatural-car-configuration.ttl,extension:.ttl,18847,55456d60cbeefc93165f5cb3457a2788306ffc264984f63d75f813199b13063a,fetched,parsed,turtle,true,0,0,0,0,0,,
966720413,Luke-ebbis/Sparnatural,45c4c444f919ad54b57e5370d099c4d3d70e9a26,docs/how-to-configure-shacl/car.ttl,extension:.ttl,11618,8a9a0f57ed443708db2db607d688b32223215a14b2c21ee0d44976c7b8fcacc8,fetched,parsed,turtle,false,0,0,0,0,0,,
966720413,Luke-ebbis/Sparnatural,45c4c444f919ad54b57e5370d099c4d3d70e9a26,docs/how-to-configure-shacl/car_instances.ttl,extension:.ttl,13365,b03156aba484a218274a252b53adb83b3fb3e3338010e79e636efe2157268d85,fetched,parsed,turtle,false,0,0,0,0,0,,
966720413,Luke-ebbis/Sparnatural,45c4c444f919ad54b57e5370d099c4d3d70e9a26,docs/how-to-configure-shacl/sparnatural-car-configuration-shacl.ttl,extension:.ttl,20072,7331c0b3098a89173d2626ff6650b37787bc7257f9869e41d74062f86e43e087,fetched,parsed,turtle,true,10,0,138,1,133,rdf:type sh:NodeShape|sh:datatype|sh:maxCount|sh:minCount|sh:node|sh:nodeKind|sh:path|sh:property|sh:select|sh:target|sh:targetClass,
966720413,Luke-ebbis/Sparnatural,45c4c444f919ad54b57e5370d099c4d3d70e9a26,hello-sparnatural/config.ttl,extension:.ttl,10047,1d00ad616511c198f762a78543ef7001cd4d0470a7e3d0f1f724dbd4f000635a,fetched,parsed,turtle,true,3,0,33,0,31,rdf:type sh:NodeShape|sh:class|sh:datatype|sh:maxCount|sh:minCount|sh:nodeKind|sh:path|sh:property|sh:targetClass,
966720413,Luke-ebbis/Sparnatural,45c4c444f919ad54b57e5370d099c4d3d70e9a26,ontologies/sparnatural-config-core.owl,extension:.owl,27316,1f70056be80960e6f2655f89554c7ae59879e8282d5158f0c68939a1dc1c3223,fetched,parsed,xml,false,0,0,0,0,0,,
966720413,Luke-ebbis/Sparnatural,45c4c444f919ad54b57e5370d099c4d3d70e9a26,ontologies/sparnatural-config-datasources.owl,extension:.owl,79992,3f83077e86ebb67f4b8ff8128f67b63b29a2114587e8aaae1e582a9331f38ec7,fetched,parsed,xml,false,0,0,0,0,0,,
1206303243,codeaudit/foundry-ontology-open,1992b3081104f1bb4826e69d77a4da6bcabb4797,examples/energy_asset_maintenance/exported/energy_ontology.ttl,extension:.ttl,4304,26456ad605a1b795a773f0b730b8cad00346863c3d45d00e9d7957f1c2aab699,fetched,not_parsed,,false,0,0,0,0,0,,
1206303243,codeaudit/foundry-ontology-open,1992b3081104f1bb4826e69d77a4da6bcabb4797,examples/energy_asset_maintenance/exported/energy_shacl.ttl,extension:.ttl,1954,d06727a551a10f76715e52c8d1906b67fdbc5104ffe4a3f359175f0f2217854c,fetched,not_parsed,,false,0,0,0,0,0,,
1318855989,Data-CPA/owl-portability-layer,0dc0d14b2dee5fb24eb0e754bb851c6efb04e31e,adapters/kyc_extraction/kyc_sample.ttl,extension:.ttl,2416,82cbc086f48d077d705826c6c937863beb607b2bf3f60b54520ba3ec5fd567c1,fetched,parsed,turtle,false,0,0,0,0,0,,
1318855989,Data-CPA/owl-portability-layer,0dc0d14b2dee5fb24eb0e754bb851c6efb04e31e,adapters/kyc_extraction/sample_data.ttl,extension:.ttl,249,982747d85826ee71d0008d225b96f53a01509ee27951eff21e913cf59925857a,fetched,parsed,turtle,false,0,0,0,0,0,,
1318855989,Data-CPA/owl-portability-layer,0dc0d14b2dee5fb24eb0e754bb851c6efb04e31e,ontologies/dataverse_bridge.ttl,extension:.ttl,3852,0789c83916c0cbfe4ee31fc787eb058c9367854e5c85320e6cc5ec7651166d6e,fetched,parsed,turtle,false,0,0,0,0,0,,
1318855989,Data-CPA/owl-portability-layer,0dc0d14b2dee5fb24eb0e754bb851c6efb04e31e,ontologies/employee_offboarding.ttl,extension:.ttl,5437,fe80e24de7a9ec8aae920d56ee25f2797ef901aae8f42c365c5c507933a7eccc,fetched,parsed,turtle,true,4,0,11,6,11,rdf:type sh:NodeShape|sh:minCount|sh:path|sh:property|sh:select|sh:sparql|sh:targetClass,
1318855989,Data-CPA/owl-portability-layer,0dc0d14b2dee5fb24eb0e754bb851c6efb04e31e,ontologies/procurement.ttl,extension:.ttl,4255,a7633633565facb6e9b1dca1c6373d9c3c45dcc463ad35b167000b5ebf475a62,fetched,parsed,turtle,false,0,0,0,0,0,,
1318855989,Data-CPA/owl-portability-layer,0dc0d14b2dee5fb24eb0e754bb851c6efb04e31e,ontologies/procurement_shacl.ttl,extension:.ttl,2755,b156a004c2a260206b3cd5fd23652be73f644828435b9151a93e530f64151ea5,fetched,parsed,turtle,true,4,0,16,4,6,rdf:type sh:NodeShape|sh:datatype|sh:minCount|sh:path|sh:property|sh:select|sh:sparql|sh:targetClass,
1343259167,umairbari/semantica,44c0c7a76d6649956e2919b43859fcbaaa11a7b1,cookbook/advanced/knowledge_graph.ttl,extension:.ttl,398,d49068969f8149c9ba0619a440fe5c5047e81d47996eca1eabc49736beec5c3d,fetched,not_parsed,,false,0,0,0,0,0,,
1343259167,umairbari/semantica,44c0c7a76d6649956e2919b43859fcbaaa11a7b1,cookbook/advanced/quantum_ontology.ttl,extension:.ttl,671,c4121a477c54246777441dd875fd4224bae2712fd529cee8c4e9964fc32d3a47,fetched,not_parsed,,false,0,0,0,0,0,,
1343259167,umairbari/semantica,44c0c7a76d6649956e2919b43859fcbaaa11a7b1,cookbook/introduction/corporate_ontology.ttl,extension:.ttl,2507,4349377ea3e1eb2f528f3971de088fe54ef1caef53f0757707ebba0b440c1028,fetched,not_parsed,,false,0,0,0,0,0,,
1343259167,umairbari/semantica,44c0c7a76d6649956e2919b43859fcbaaa11a7b1,semantica/ontology/vocabulary/semantica-ns.ttl,extension:.ttl,11799,a0eea991c95f4873bdd06e9e12a24c46fd5886d1ee0bbc129702aa4f7fbfd2ba,fetched,not_parsed,,false,0,0,0,0,0,,
1408902658,daanjo3/lde,93f5a8755880e559411e8b8548a9b1d62afc8f87,packages/dataset-registry-client/test/fixtures/registry.ttl,extension:.ttl,1713,4c9d6f74668fa3eac665657cd4f6b38a2c6c66a2b87a3d9a6e5efe8eac9857c9,fetched,parsed,turtle,false,0,0,0,0,0,,
1408902658,daanjo3/lde,93f5a8755880e559411e8b8548a9b1d62afc8f87,packages/docgen/frames/shacl.frame.jsonld,extension:.jsonld,654,97daddf8167f81cfe3301f42ac1ec54dc330f092890f89d21056b49b5d944165,fetched,parsed,json-ld,true,1,0,1,0,0,rdf:type sh:NodeShape,
1408902658,daanjo3/lde,93f5a8755880e559411e8b8548a9b1d62afc8f87,packages/docgen/test/fixtures/partial.frame.jsonld,extension:.jsonld,86,658031759d870cb9cfbdf6d9ba1bf4f40b66ba344d84e4e694904b10d54b13b8,fetched,parsed,json-ld,false,0,0,0,0,0,,
1408902658,daanjo3/lde,93f5a8755880e559411e8b8548a9b1d62afc8f87,packages/docgen/test/fixtures/shacl.ttl,extension:.ttl,1256,04ce7eb0c482b0fb5652d24ae0b5f553105ce14604cfa3d296bff9aa2c0008f7,fetched,parsed,turtle,true,1,0,25,0,6,rdf:type sh:NodeShape|sh:datatype|sh:minCount|sh:node|sh:or|sh:path|sh:property|sh:targetClass,
1408902658,daanjo3/lde,93f5a8755880e559411e8b8548a9b1d62afc8f87,packages/iiif-validator/test/fixtures/cosmetic-deviations-manifest.json,sniff:jsonld,1015,9b53279f7dcc57e56bbdd2e46a224229703ea14261d76574915e8e0b22aca3de,fetched,parsed,json-ld,false,0,0,0,0,0,,
1408902658,daanjo3/lde,93f5a8755880e559411e8b8548a9b1d62afc8f87,packages/iiif-validator/test/fixtures/null-annotation-manifest.json,sniff:jsonld,2252,0ac868e940dbef7dc97b6d7a4dbe6ea5c22a8abd6d26b30ea60151133696d1d7,fetched,parsed,json-ld,false,0,0,0,0,0,,
1408902658,daanjo3/lde,93f5a8755880e559411e8b8548a9b1d62afc8f87,packages/iiif-validator/test/fixtures/v2-null-canvas-manifest.json,sniff:jsonld,1022,fab656d9a1240d541c055e39982d1bd76fca42079c3ac21033a0bb3c8dfe4824,fetched,parsed,json-ld,false,0,0,0,0,0,,
1408902658,daanjo3/lde,93f5a8755880e559411e8b8548a9b1d62afc8f87,packages/pipeline-shacl-sampler/test/fixtures/schema-profile.ttl,extension:.ttl,33959,51869289a57722aefbba180774a1107705ef61972241318a4d33634c681490f6,fetched,parsed,turtle,true,13,15,292,0,68,rdf:type sh:NodeShape|rdf:type sh:PropertyShape|sh:class|sh:datatype|sh:maxCount|sh:minCount|sh:node|sh:nodeKind|sh:not|sh:or|sh:path|sh:pattern|sh:property|sh:qualifiedMaxCount|sh:qualifiedMinCount|sh:qualifiedValueShape|sh:targetClass|sh:uniqueLang,
1408902658,daanjo3/lde,93f5a8755880e559411e8b8548a9b1d62afc8f87,packages/pipeline-shacl-sampler/test/fixtures/unsupported-path.ttl,extension:.ttl,303,e971e7d1f44d7bb2370287996efae786b9150b60d103aacd49b75e7021a50662,fetched,parsed,turtle,true,1,0,5,0,0,rdf:type sh:NodeShape|sh:class|sh:path|sh:property|sh:targetClass,
1408902658,daanjo3/lde,93f5a8755880e559411e8b8548a9b1d62afc8f87,packages/pipeline-shacl-validator/test/fixtures/custom-severity-only.ttl,extension:.ttl,165,daf3a3bc01662bb1e5e72458e99ae73a572e185b3cef1cfab22b439145fbdf3c,fetched,parsed,turtle,false,0,0,0,0,0,,
1408902658,daanjo3/lde,93f5a8755880e559411e8b8548a9b1d62afc8f87,packages/pipeline-shacl-validator/test/fixtures/invalid-two.ttl,extension:.ttl,81,e55faede7c758bc73d5e5eb62df2cc66f22b98751e061ee51f53d0e8db52c4e0,fetched,parsed,turtle,false,0,0,0,0,0,,
1408902658,daanjo3/lde,93f5a8755880e559411e8b8548a9b1d62afc8f87,packages/pipeline-shacl-validator/test/fixtures/invalid.ttl,extension:.ttl,58,29cdd2af1ed65d8c8097dce4cd4cc58a6ea65a039e9015f3c4165e66ae4646a4,fetched,parsed,turtle,false,0,0,0,0,0,,
1408902658,daanjo3/lde,93f5a8755880e559411e8b8548a9b1d62afc8f87,packages/pipeline-shacl-validator/test/fixtures/shapes-severities.ttl,extension:.ttl,692,07c1c3a1c7242ea9f91971a86427385f564b0081a4e0f02a477a035e53508cba,fetched,parsed,turtle,true,1,0,12,0,5,rdf:type sh:NodeShape|sh:datatype|sh:minCount|sh:path|sh:property|sh:targetClass,
1408902658,daanjo3/lde,93f5a8755880e559411e8b8548a9b1d62afc8f87,packages/pipeline-shacl-validator/test/fixtures/shapes.ttl,extension:.ttl,364,c707d108f733ebf657e3d52e7057c748cb59a54f9c92f9a35beceb2b7019bef1,fetched,parsed,turtle,true,1,0,6,0,1,rdf:type sh:NodeShape|sh:datatype|sh:minCount|sh:path|sh:property|sh:targetClass,
1408902658,daanjo3/lde,93f5a8755880e559411e8b8548a9b1d62afc8f87,packages/pipeline-shacl-validator/test/fixtures/valid.ttl,extension:.ttl,143,cb2f9490e18ef50cf791780882b68dbe5085e0bc18e7d09a100bb78916b1cafa,fetched,parsed,turtle,false,0,0,0,0,0,,
1408902658,daanjo3/lde,93f5a8755880e559411e8b8548a9b1d62afc8f87,packages/pipeline-shacl-validator/test/fixtures/warning-only.ttl,extension:.ttl,176,4a13b0eaa2c88735816ccf1123580e36e03e9f4b588555a9e995d0918ec8eceb,fetched,parsed,turtle,false,0,0,0,0,0,,
1408902658,daanjo3/lde,93f5a8755880e559411e8b8548a9b1d62afc8f87,packages/pipeline-void/test/fixtures/dualTypedNamespaces.ttl,extension:.ttl,462,6d606a092519369af8a9ba8cd6a8103ec81b58fe5da1ff4139ccb490d5e23086,fetched,parsed,turtle,false,0,0,0,0,0,,
1408902658,daanjo3/lde,93f5a8755880e559411e8b8548a9b1d62afc8f87,packages/pipeline-void/test/fixtures/mixedNamespaces.ttl,extension:.ttl,1004,b29be1d8db66b24fcab60100b3606faf54d2752420cba0055f4430508b3a1eb5,fetched,parsed,turtle,false,0,0,0,0,0,,
1408902658,daanjo3/lde,93f5a8755880e559411e8b8548a9b1d62afc8f87,packages/pipeline/test/fixtures/analysisTarget.trig,extension:.trig,436,07939e8999012bb9013e4b1219b0cb9bfcb8d5098cda740443a6f3390857c3a5,fetched,parsed,trig,false,0,0,0,0,0,,
1408902658,daanjo3/lde,93f5a8755880e559411e8b8548a9b1d62afc8f87,packages/pipeline/test/fixtures/provenanceRecords.trig,extension:.trig,1185,d0d13a03771638dfff0a8045c0e53a88f336d9697794f07de51141b0da725ec6,fetched,parsed,trig,false,0,0,0,0,0,,
1408902658,daanjo3/lde,93f5a8755880e559411e8b8548a9b1d62afc8f87,packages/search-pipeline/test/fixtures/drapo-sample.ttl,extension:.ttl,1586,403929aa403837d29c9aa20448706299a5bcf0063f96f19fb9aec7a5f5252de9,fetched,parsed,turtle,false,0,0,0,0,0,,
1408902658,daanjo3/lde,93f5a8755880e559411e8b8548a9b1d62afc8f87,packages/search-pipeline/test/fixtures/fanout.ttl,extension:.ttl,625,278faf6ec1df27b8a45e9e0dc0479557bbc7499358789df7bc777d757046066a,fetched,parsed,turtle,false,0,0,0,0,0,,
1408902658,daanjo3/lde,93f5a8755880e559411e8b8548a9b1d62afc8f87,packages/search-pipeline/test/fixtures/joins-sample.ttl,extension:.ttl,1140,cc54396f5a8d8a458246d0a87fe0a3da5d4d6a56196838e8c5c083c12f6fa16b,fetched,parsed,turtle,false,0,0,0,0,0,,
1408902658,daanjo3/lde,93f5a8755880e559411e8b8548a9b1d62afc8f87,packages/search-pipeline/test/fixtures/keyed-places-sample.ttl,extension:.ttl,1837,d25d049b89467e33cd69f24a743987ab3f684b532aab81e77a239a03e9d5153b,fetched,parsed,turtle,false,0,0,0,0,0,,
1408902658,daanjo3/lde,93f5a8755880e559411e8b8548a9b1d62afc8f87,packages/search-pipeline/test/fixtures/register-sample.trig,extension:.trig,2006,1a23eb026945da9bad0a9aaf95c2373c816536f9e745f2c0e9578a254e1007c7,fetched,parsed,trig,false,0,0,0,0,0,,
1408902658,daanjo3/lde,93f5a8755880e559411e8b8548a9b1d62afc8f87,packages/sparql-qlever/test/fixtures/importer/data.ttl,extension:.ttl,93,8ec6ada3d37d5dde1ec67a9a0998ff2fc83c6d5a498849b21bb1cd2b5fabd97a,fetched,parsed,turtle,false,0,0,0,0,0,,
1408902658,daanjo3/lde,93f5a8755880e559411e8b8548a9b1d62afc8f87,packages/sparql-qlever/test/fixtures/preprocess/data.jsonld,extension:.jsonld,215,bc3f0f1a82752aabd0b3d7c6331df4c1dc5783f0be67ae9307d2dc8030cf7251,fetched,parsed,json-ld,false,0,0,0,0,0,,
1408902658,daanjo3/lde,93f5a8755880e559411e8b8548a9b1d62afc8f87,packages/sparql-qlever/test/fixtures/preprocess/data.rdf,extension:.rdf,408,9ab363ebd65515eb22eec74693333a97d9c4fb985f57d1a28ad26a9a4cd162e6,fetched,parsed,xml,false,0,0,0,0,0,,
1408902658,daanjo3/lde,93f5a8755880e559411e8b8548a9b1d62afc8f87,packages/sparql-qlever/test/fixtures/preprocess/data.trig,extension:.trig,231,75072e9684207943817f7220169f78e42008ed76e4c70807c1fed3893353c421,fetched,parsed,trig,false,0,0,0,0,0,,
36371940,Wimmics/corese,3b1236781828291397fc740bb2d20209c434dfb1,codemeta.json,sniff:jsonld,3730,2e0d3b65ac76c48220b4392216c1c796f3b05a8761576b47be96e9936919cbd9,fetched,parsed,json-ld,false,0,0,0,0,0,,
36371940,Wimmics/corese,3b1236781828291397fc740bb2d20209c434dfb1,corese-command/src/test/resources/fr/inria/corese/command/programs/convert/input/beatles.jsonld,extension:.jsonld,2641,49f7bc38b6e86d9f26f63f1f3ec1143f7fda12e714eecd13cf35734dc6f526f8,fetched,parsed,json-ld,false,0,0,0,0,0,,
36371940,Wimmics/corese,3b1236781828291397fc740bb2d20209c434dfb1,corese-command/src/test/resources/fr/inria/corese/command/programs/convert/input/beatles.nq,extension:.nq,4031,73efe949652c926aa00e96dea4281bc0085ca4f35e2b5abb64e78805e460b6c0,fetched,parsed,nquads,false,0,0,0,0,0,,
36371940,Wimmics/corese,3b1236781828291397fc740bb2d20209c434dfb1,corese-command/src/test/resources/fr/inria/corese/command/programs/convert/input/beatles.nt,extension:.nt,3046,83cd2d54517c5a77fff61290980844c92fcb5f3a940329b80fcfff97cf4c3012,fetched,parsed,nt,false,0,0,0,0,0,,
36371940,Wimmics/corese,3b1236781828291397fc740bb2d20209c434dfb1,corese-command/src/test/resources/fr/inria/corese/command/programs/convert/input/beatles.rdf,extension:.rdf,2769,77128723e168c6a89ce5e8d3e2e8dcfc1c019e668f15c0f31b2b95a45809f41d,fetched,parsed,xml,false,0,0,0,0,0,,
36371940,Wimmics/corese,3b1236781828291397fc740bb2d20209c434dfb1,corese-command/src/test/resources/fr/inria/corese/command/programs/convert/input/beatles.trig,extension:.trig,1305,5167314bec68f36c38b080288d830f6188b3093c33043cd6e01f0d0b676be253,fetched,parsed,trig,false,0,0,0,0,0,,
36371940,Wimmics/corese,3b1236781828291397fc740bb2d20209c434dfb1,corese-command/src/test/resources/fr/inria/corese/command/programs/convert/input/beatles.ttl,extension:.ttl,1076,c3d03d04acc6dee8829a118d2ba9b55bc32e5886c9986b64db8433354e50a6dd,fetched,parsed,turtle,false,0,0,0,0,0,,
36371940,Wimmics/corese,3b1236781828291397fc740bb2d20209c434dfb1,corese-command/src/test/resources/fr/inria/corese/command/programs/convert/references/html.beatles.jsonld,extension:.jsonld,1963,5c0a3d7891964750c3e1210fd3e22558ec3a67c778f662e71be5b76945f815e1,fetched,parsed,json-ld,false,0,0,0,0,0,,
36371940,Wimmics/corese,3b1236781828291397fc740bb2d20209c434dfb1,corese-command/src/test/resources/fr/inria/corese/command/programs/convert/references/html.beatles.nq,extension:.nq,2961,63490c1947d052c4208ed46812b03d5bcc845540839afb150aa1a55eea459e62,fetched,parsed,nquads,false,0,0,0,0,0,,
36371940,Wimmics/corese,3b1236781828291397fc740bb2d20209c434dfb1,corese-command/src/test/resources/fr/inria/corese/command/programs/convert/references/html.beatles.nt,extension:.nt,2933,b174968e6736c59ce327c859d9b766789a47892de5f96cd46e069df533fc7053,fetched,parsed,nt,false,0,0,0,0,0,,
36371940,Wimmics/corese,3b1236781828291397fc740bb2d20209c434dfb1,corese-command/src/test/resources/fr/inria/corese/command/programs/convert/references/html.beatles.rdf,extension:.rdf,2195,649e7b875c91660485f2d1cfe1753da1095563ea8998fdbed480f1f9fb0d07ed,fetched,parsed,xml,false,0,0,0,0,0,,
36371940,Wimmics/corese,3b1236781828291397fc740bb2d20209c434dfb1,corese-command/src/test/resources/fr/inria/corese/command/programs/convert/references/html.beatles.trig,extension:.trig,1042,d0705c5c510581cef738deda2a0471b6383ddb4b4e52e1699061286666d903e3,fetched,parsed,trig,false,0,0,0,0,0,,
36371940,Wimmics/corese,3b1236781828291397fc740bb2d20209c434dfb1,corese-command/src/test/resources/fr/inria/corese/command/programs/convert/references/html.beatles.ttl,extension:.ttl,1042,804b5399d47c196d639bad5b24e68988f4d844c75edd2b1b3511bd75c9e34ac0,fetched,parsed,turtle,false,0,0,0,0,0,,
36371940,Wimmics/corese,3b1236781828291397fc740bb2d20209c434dfb1,corese-command/src/test/resources/fr/inria/corese/command/programs/convert/references/jsonld.beatles.jsonld,extension:.jsonld,2641,b8212796aeb3ba3d00bb1f28164df28ff55b661b81246f8c4c3070ab00863681,fetched,parsed,json-ld,false,0,0,0,0,0,,
36371940,Wimmics/corese,3b1236781828291397fc740bb2d20209c434dfb1,corese-command/src/test/resources/fr/inria/corese/command/programs/convert/references/jsonld.beatles.nq,extension:.nq,4031,a43cef4bf72d7f68c846347803faac38a10cc1c38b0c227070d0d30528c04c1b,fetched,parsed,nquads,false,0,0,0,0,0,,
36371940,Wimmics/corese,3b1236781828291397fc740bb2d20209c434dfb1,corese-command/src/test/resources/fr/inria/corese/command/programs/convert/references/jsonld.beatles.nt,extension:.nt,3046,5ba86c6cc66f7bb88fc8a933adfdd61cae04617562a1e1b9f35699ea00ad3761,fetched,parsed,nt,false,0,0,0,0,0,,
36371940,Wimmics/corese,3b1236781828291397fc740bb2d20209c434dfb1,corese-command/src/test/resources/fr/inria/corese/command/programs/convert/references/jsonld.beatles.rdf,extension:.rdf,2308,91c2db77b42c0e6ced89dc158cbb3ff6a7f74e38a1a59876435479e8d5e8418a,fetched,parsed,xml,false,0,0,0,0,0,,
36371940,Wimmics/corese,3b1236781828291397fc740bb2d20209c434dfb1,corese-command/src/test/resources/fr/inria/corese/command/programs/convert/references/jsonld.beatles.trig,extension:.trig,1125,a7def8c5b09e20b36c02f697c4ef12c4aed299be8f0552fdf829f78a70aa2a48,fetched,parsed,trig,false,0,0,0,0,0,,
36371940,Wimmics/corese,3b1236781828291397fc740bb2d20209c434dfb1,corese-command/src/test/resources/fr/inria/corese/command/programs/convert/references/jsonld.beatles.ttl,extension:.ttl,1033,a759db53a2af18b63d35cb58966bd7d4d9324c468ad1ba75348ec901a23423c9,fetched,parsed,turtle,false,0,0,0,0,0,,
36371940,Wimmics/corese,3b1236781828291397fc740bb2d20209c434dfb1,corese-command/src/test/resources/fr/inria/corese/command/programs/convert/references/nq.beatles.jsonld,extension:.jsonld,2641,b5b4a3fae9ca45e0242bd6be65a8aee5327212589b5508e831ac8acfcfbf9cb5,fetched,parsed,json-ld,false,0,0,0,0,0,,
36371940,Wimmics/corese,3b1236781828291397fc740bb2d20209c434dfb1,corese-command/src/test/resources/fr/inria/corese/command/programs/convert/references/nq.beatles.nq,extension:.nq,4031,a1788b5ccb0f7a94849ad340fc1f620b00c14aace1e19e232ea7b76e0832e61a,fetched,parsed,nquads,false,0,0,0,0,0,,
36371940,Wimmics/corese,3b1236781828291397fc740bb2d20209c434dfb1,corese-command/src/test/resources/fr/inria/corese/command/programs/convert/references/nq.beatles.nt,extension:.nt,3046,f9f57c2e34f47731520c096d8d09ba1bc8e9d6fd529dd079611d8784a13b8f91,fetched,parsed,nt,false,0,0,0,0,0,,
36371940,Wimmics/corese,3b1236781828291397fc740bb2d20209c434dfb1,corese-command/src/test/resources/fr/inria/corese/command/programs/convert/references/nq.beatles.rdf,extension:.rdf,2308,2fc745cc2f1b8399c0341918ee18f1939445462a903c610880fd3e550b17e387,fetched,parsed,xml,false,0,0,0,0,0,,
36371940,Wimmics/corese,3b1236781828291397fc740bb2d20209c434dfb1,corese-command/src/test/resources/fr/inria/corese/command/programs/convert/references/nq.beatles.trig,extension:.trig,1125,47518d82bf8c2690ea74f6b83fd81284d8c0c65cae80de994f1b03268e976276,fetched,parsed,trig,false,0,0,0,0,0,,
36371940,Wimmics/corese,3b1236781828291397fc740bb2d20209c434dfb1,corese-command/src/test/resources/fr/inria/corese/command/programs/convert/references/nq.beatles.ttl,extension:.ttl,1033,9673adb04ce213d921b39a7bfe83d1e25c028e8354307a66eb5d1824cca8aab7,fetched,parsed,turtle,false,0,0,0,0,0,,
36371940,Wimmics/corese,3b1236781828291397fc740bb2d20209c434dfb1,corese-command/src/test/resources/fr/inria/corese/command/programs/convert/references/nt.beatles.jsonld,extension:.jsonld,1971,b4eabfb9bc06526ef379603de7551b492bb6b73607b36437e3d54f9624de053c,fetched,parsed,json-ld,false,0,0,0,0,0,,
36371940,Wimmics/corese,3b1236781828291397fc740bb2d20209c434dfb1,corese-command/src/test/resources/fr/inria/corese/command/programs/convert/references/nt.beatles.nq,extension:.nq,3074,db83e55aa3aab61cc6477ca5930bf02285bc536589d6ddba547b1742448d763a,fetched,parsed,nquads,false,0,0,0,0,0,,
36371940,Wimmics/corese,3b1236781828291397fc740bb2d20209c434dfb1,corese-command/src/test/resources/fr/inria/corese/command/programs/convert/references/nt.beatles.nt,extension:.nt,3046,f9f57c2e34f47731520c096d8d09ba1bc8e9d6fd529dd079611d8784a13b8f91,fetched,parsed,nt,false,0,0,0,0,0,,
36371940,Wimmics/corese,3b1236781828291397fc740bb2d20209c434dfb1,corese-command/src/test/resources/fr/inria/corese/command/programs/convert/references/nt.beatles.rdf,extension:.rdf,2308,2fc745cc2f1b8399c0341918ee18f1939445462a903c610880fd3e550b17e387,fetched,parsed,xml,false,0,0,0,0,0,,
36371940,Wimmics/corese,3b1236781828291397fc740bb2d20209c434dfb1,corese-command/src/test/resources/fr/inria/corese/command/programs/convert/references/nt.beatles.trig,extension:.trig,1033,970587dc7a64ff9224bc4d165c0fc38079f0d2a1b36eea9a5a9015deeed19fc0,fetched,parsed,trig,false,0,0,0,0,0,,
36371940,Wimmics/corese,3b1236781828291397fc740bb2d20209c434dfb1,corese-command/src/test/resources/fr/inria/corese/command/programs/convert/references/nt.beatles.ttl,extension:.ttl,1033,9673adb04ce213d921b39a7bfe83d1e25c028e8354307a66eb5d1824cca8aab7,fetched,parsed,turtle,false,0,0,0,0,0,,
36371940,Wimmics/corese,3b1236781828291397fc740bb2d20209c434dfb1,corese-command/src/test/resources/fr/inria/corese/command/programs/convert/references/rdf.beatles.jsonld,extension:.jsonld,1971,a319846e3e255cc019859a90e13b8ca9ede45f13d129e1b64b9110778808cb28,fetched,parsed,json-ld,false,0,0,0,0,0,,
36371940,Wimmics/corese,3b1236781828291397fc740bb2d20209c434dfb1,corese-command/src/test/resources/fr/inria/corese/command/programs/convert/references/rdf.beatles.nq,extension:.nq,3074,9663c3f9f05f931ef8c934c9f8d193e4057d24597546b95a1f6677e51815ae17,fetched,parsed,nquads,false,0,0,0,0,0,,
36371940,Wimmics/corese,3b1236781828291397fc740bb2d20209c434dfb1,corese-command/src/test/resources/fr/inria/corese/command/programs/convert/references/rdf.beatles.nt,extension:.nt,3046,05f9f9843699b1a7f794284d431b5d8f6cd72561f4b7918a99e667c50975963e,fetched,parsed,nt,false,0,0,0,0,0,,
36371940,Wimmics/corese,3b1236781828291397fc740bb2d20209c434dfb1,corese-command/src/test/resources/fr/inria/corese/command/programs/convert/references/rdf.beatles.rdf,extension:.rdf,2308,d46567284812c760ee511b49736efce4b4eb93cd4d0ac24655de4332d3fc218f,fetched,parsed,xml,false,0,0,0,0,0,,
36371940,Wimmics/corese,3b1236781828291397fc740bb2d20209c434dfb1,corese-command/src/test/resources/fr/inria/corese/command/programs/convert/references/rdf.beatles.trig,extension:.trig,1033,7a5522d481912ea6b0a236084568f62e2f214bbb32ebcc024502d3bfa85f1650,fetched,parsed,trig,false,0,0,0,0,0,,
36371940,Wimmics/corese,3b1236781828291397fc740bb2d20209c434dfb1,corese-command/src/test/resources/fr/inria/corese/command/programs/convert/references/rdf.beatles.ttl,extension:.ttl,1033,f5a96eb61d2d10d875d9f323d45942018542c15916b07cc407440af25fc1b931,fetched,parsed,turtle,false,0,0,0,0,0,,
36371940,Wimmics/corese,3b1236781828291397fc740bb2d20209c434dfb1,corese-command/src/test/resources/fr/inria/corese/command/programs/convert/references/trig.beatles.jsonld,extension:.jsonld,2641,da5d2c270ae5aed28fe7e1337adbfa8882ed0632ffafc5e6d1f1dd1d4e86b2d0,fetched,parsed,json-ld,false,0,0,0,0,0,,
36371940,Wimmics/corese,3b1236781828291397fc740bb2d20209c434dfb1,corese-command/src/test/resources/fr/inria/corese/command/programs/convert/references/trig.beatles.nq,extension:.nq,4031,73efe949652c926aa00e96dea4281bc0085ca4f35e2b5abb64e78805e460b6c0,fetched,parsed,nquads,false,0,0,0,0,0,,
36371940,Wimmics/corese,3b1236781828291397fc740bb2d20209c434dfb1,corese-command/src/test/resources/fr/inria/corese/command/programs/convert/references/trig.beatles.nt,extension:.nt,3046,83cd2d54517c5a77fff61290980844c92fcb5f3a940329b80fcfff97cf4c3012,fetched,parsed,nt,false,0,0,0,0,0,,
36371940,Wimmics/corese,3b1236781828291397fc740bb2d20209c434dfb1,corese-command/src/test/resources/fr/inria/corese/command/programs/convert/references/trig.beatles.rdf,extension:.rdf,2308,2fc745cc2f1b8399c0341918ee18f1939445462a903c610880fd3e550b17e387,fetched,parsed,xml,false,0,0,0,0,0,,
36371940,Wimmics/corese,3b1236781828291397fc740bb2d20209c434dfb1,corese-command/src/test/resources/fr/inria/corese/command/programs/convert/references/trig.beatles.trig,extension:.trig,1125,48a5f1274d3245330a8aab7203714a1aeb4974377a8c1a7e6db3522d54f8e5b2,fetched,parsed,trig,false,0,0,0,0,0,,
36371940,Wimmics/corese,3b1236781828291397fc740bb2d20209c434dfb1,corese-command/src/test/resources/fr/inria/corese/command/programs/convert/references/trig.beatles.ttl,extension:.ttl,1033,9673adb04ce213d921b39a7bfe83d1e25c028e8354307a66eb5d1824cca8aab7,fetched,parsed,turtle,false,0,0,0,0,0,,
36371940,Wimmics/corese,3b1236781828291397fc740bb2d20209c434dfb1,corese-command/src/test/resources/fr/inria/corese/command/programs/convert/references/ttl.beatles.jsonld,extension:.jsonld,1971,8794e39a7dd39b7e7e64d3bdfaea123c6bb30193c3a8be561bcf2905621aac3f,fetched,parsed,json-ld,false,0,0,0,0,0,,
36371940,Wimmics/corese,3b1236781828291397fc740bb2d20209c434dfb1,corese-command/src/test/resources/fr/inria/corese/command/programs/convert/references/ttl.beatles.nq,extension:.nq,3074,9663c3f9f05f931ef8c934c9f8d193e4057d24597546b95a1f6677e51815ae17,fetched,parsed,nquads,false,0,0,0,0,0,,
36371940,Wimmics/corese,3b1236781828291397fc740bb2d20209c434dfb1,corese-command/src/test/resources/fr/inria/corese/command/programs/convert/references/ttl.beatles.nt,extension:.nt,3046,05f9f9843699b1a7f794284d431b5d8f6cd72561f4b7918a99e667c50975963e,fetched,parsed,nt,false,0,0,0,0,0,,
36371940,Wimmics/corese,3b1236781828291397fc740bb2d20209c434dfb1,corese-command/src/test/resources/fr/inria/corese/command/programs/convert/references/ttl.beatles.rdf,extension:.rdf,2308,d46567284812c760ee511b49736efce4b4eb93cd4d0ac24655de4332d3fc218f,fetched,parsed,xml,false,0,0,0,0,0,,
36371940,Wimmics/corese,3b1236781828291397fc740bb2d20209c434dfb1,corese-command/src/test/resources/fr/inria/corese/command/programs/convert/references/ttl.beatles.trig,extension:.trig,1033,b0a8a917fdb4d0e860b57e1ebf319f06df4f568bfa406f37e79c0d473f57fd7b,fetched,parsed,trig,false,0,0,0,0,0,,
36371940,Wimmics/corese,3b1236781828291397fc740bb2d20209c434dfb1,corese-command/src/test/resources/fr/inria/corese/command/programs/convert/references/ttl.beatles.ttl,extension:.ttl,1033,f5a96eb61d2d10d875d9f323d45942018542c15916b07cc407440af25fc1b931,fetched,parsed,turtle,false,0,0,0,0,0,,
36371940,Wimmics/corese,3b1236781828291397fc740bb2d20209c434dfb1,corese-command/src/test/resources/fr/inria/corese/command/programs/convert/results/output.ttl,extension:.ttl,0,e3b0c44298fc1c149afbf4c8996fb92427ae41e4649b934ca495991b7852b855,fetched,parsed,turtle,false,0,0,0,0,0,,
36371940,Wimmics/corese,3b1236781828291397fc740bb2d20209c434dfb1,corese-command/src/test/resources/fr/inria/corese/command/programs/shacl/inputRdf-Recursive1/Recursive2/Recursive3/beatles-err.ttl,extension:.ttl,1393,76f24d3b80a2d4752497e0c8ad2bc2f8a9acee56f2890fcd685db87443d920f3,fetched,parsed,turtle,false,0,0,0,0,0,,
36371940,Wimmics/corese,3b1236781828291397fc740bb2d20209c434dfb1,corese-command/src/test/resources/fr/inria/corese/command/programs/shacl/inputRdf-Recursive1/Recursive2/Recursive3/beatles-ok.jsonld,extension:.jsonld,2183,39267ddff9297c77e8d766936a9a5a00c6cd5120681dc3eed94ba3c2641820f6,fetched,parsed,json-ld,false,0,0,0,0,0,,
36371940,Wimmics/corese,3b1236781828291397fc740bb2d20209c434dfb1,corese-command/src/test/resources/fr/inria/corese/command/programs/shacl/inputRdf-Recursive1/Recursive2/beatles-ok.rdf,extension:.rdf,2737,5b3e4859dfabaacff1fb8c1f7dc7d2e326d2843ae22237d66dedb78c61391c22,fetched,parsed,xml,false,0,0,0,0,0,,
36371940,Wimmics/corese,3b1236781828291397fc740bb2d20209c434dfb1,corese-command/src/test/resources/fr/inria/corese/command/programs/shacl/inputRdf-Recursive1/beatles-ok.ttl,extension:.ttl,1353,2c1c7185c7a276c820ecc53579cef6692d0471b5d1715f5cc6404689a06294c7,fetched,parsed,turtle,false,0,0,0,0,0,,
36371940,Wimmics/corese,3b1236781828291397fc740bb2d20209c434dfb1,corese-command/src/test/resources/fr/inria/corese/command/programs/shacl/inputRdf-Recursive1/person-err.ttl,extension:.ttl,373,699853bc112a5dabf9ff0b7dc8292257653fca7ea57d38b5137a17e0aafaa912,fetched,parsed,turtle,false,0,0,0,0,0,,
36371940,Wimmics/corese,3b1236781828291397fc740bb2d20209c434dfb1,corese-command/src/test/resources/fr/inria/corese/command/programs/shacl/inputRdf-Recursive1/person-ok.ttl,extension:.ttl,517,c297f1a6ed086e7608ccae01c5413817ac66f648f99dfbe27f7afec405ec27b2,fetched,parsed,turtle,false,0,0,0,0,0,,
36371940,Wimmics/corese,3b1236781828291397fc740bb2d20209c434dfb1,corese-command/src/test/resources/fr/inria/corese/command/programs/shacl/inputRdf/beatles-err.ttl,extension:.ttl,1393,76f24d3b80a2d4752497e0c8ad2bc2f8a9acee56f2890fcd685db87443d920f3,fetched,parsed,turtle,false,0,0,0,0,0,,
36371940,Wimmics/corese,3b1236781828291397fc740bb2d20209c434dfb1,corese-command/src/test/resources/fr/inria/corese/command/programs/shacl/inputRdf/beatles-ok.jsonld,extension:.jsonld,2183,39267ddff9297c77e8d766936a9a5a00c6cd5120681dc3eed94ba3c2641820f6,fetched,parsed,json-ld,false,0,0,0,0,0,,
36371940,Wimmics/corese,3b1236781828291397fc740bb2d20209c434dfb1,corese-command/src/test/resources/fr/inria/corese/command/programs/shacl/inputRdf/beatles-ok.rdf,extension:.rdf,2737,5b3e4859dfabaacff1fb8c1f7dc7d2e326d2843ae22237d66dedb78c61391c22,fetched,parsed,xml,false,0,0,0,0,0,,
36371940,Wimmics/corese,3b1236781828291397fc740bb2d20209c434dfb1,corese-command/src/test/resources/fr/inria/corese/command/programs/shacl/inputRdf/beatles-ok.ttl,extension:.ttl,1353,2c1c7185c7a276c820ecc53579cef6692d0471b5d1715f5cc6404689a06294c7,fetched,parsed,turtle,false,0,0,0,0,0,,
36371940,Wimmics/corese,3b1236781828291397fc740bb2d20209c434dfb1,corese-command/src/test/resources/fr/inria/corese/command/programs/shacl/inputRdf/person-err.ttl,extension:.ttl,373,699853bc112a5dabf9ff0b7dc8292257653fca7ea57d38b5137a17e0aafaa912,fetched,parsed,turtle,false,0,0,0,0,0,,
36371940,Wimmics/corese,3b1236781828291397fc740bb2d20209c434dfb1,corese-command/src/test/resources/fr/inria/corese/command/programs/shacl/inputRdf/person-ok.ttl,extension:.ttl,517,c297f1a6ed086e7608ccae01c5413817ac66f648f99dfbe27f7afec405ec27b2,fetched,parsed,turtle,false,0,0,0,0,0,,
36371940,Wimmics/corese,3b1236781828291397fc740bb2d20209c434dfb1,corese-command/src/test/resources/fr/inria/corese/command/programs/shacl/inputShacl/beatles-validator.jsonld,extension:.jsonld,2635,1e314f24b9febab5a0f0cd89366dd5a77763e7b1fe4c310d8e92bff9c7faddbb,fetched,parsed,json-ld,true,4,0,46,0,0,rdf:type sh:NodeShape|sh:class|sh:datatype|sh:maxCount|sh:minCount|sh:nodeKind|sh:path|sh:property|sh:targetClass,
36371940,Wimmics/corese,3b1236781828291397fc740bb2d20209c434dfb1,corese-command/src/test/resources/fr/inria/corese/command/programs/shacl/inputShacl/beatles-validator.rdf,extension:.rdf,3920,268fc6bb06dd7533293af1618b5e5ea02b029ac92f30e2020bc7c9d98bb91bf6,fetched,parse_error,xml,true,0,0,0,0,0,,ParserError: None:14:4: rdf:nodeID value is not a valid NCName: _:b2
36371940,Wimmics/corese,3b1236781828291397fc740bb2d20209c434dfb1,corese-command/src/test/resources/fr/inria/corese/command/programs/shacl/inputShacl/beatles-validator.ttl,extension:.ttl,1445,1d60be51a6939f4417baf160b6286618b88221b12b6c2713d9985f8524754b4d,fetched,parsed,turtle,true,4,0,46,0,0,rdf:type sh:NodeShape|sh:class|sh:datatype|sh:maxCount|sh:minCount|sh:nodeKind|sh:path|sh:property|sh:targetClass,
36371940,Wimmics/corese,3b1236781828291397fc740bb2d20209c434dfb1,corese-command/src/test/resources/fr/inria/corese/command/programs/shacl/inputShacl/person-validator.ttl,extension:.ttl,592,f4347838fa8d4ea14db7373a625ef368d20bcbf5b5905012e8cec24996052bc8,fetched,parsed,turtle,true,1,0,13,0,0,rdf:type sh:NodeShape|sh:class|sh:closed|sh:datatype|sh:ignoredProperties|sh:maxCount|sh:nodeKind|sh:path|sh:pattern|sh:property|sh:targetClass,
36371940,Wimmics/corese,3b1236781828291397fc740bb2d20209c434dfb1,corese-command/src/test/resources/fr/inria/corese/command/programs/shacl/references/beatles-err.ttl,extension:.ttl,731,3c96344884338534d31122dfffd0f6bd5dd8f109f168ad20ec93a11f578074de,fetched,parsed,turtle,true,0,0,0,0,11,,
36371940,Wimmics/corese,3b1236781828291397fc740bb2d20209c434dfb1,corese-command/src/test/resources/fr/inria/corese/command/programs/shacl/references/beatles-ok.jsonld,extension:.jsonld,354,e28e439bdf7bc915ee534328ba0ad1e72ca49cffa58ed7d2b0f719f1873d19f5,fetched,parsed,json-ld,true,0,0,0,0,2,,
36371940,Wimmics/corese,3b1236781828291397fc740bb2d20209c434dfb1,corese-command/src/test/resources/fr/inria/corese/command/programs/shacl/references/beatles-ok.rdf,extension:.rdf,344,978139d5e881d3c8a3848b262cc5eb22cef1ee624eaaaf2a0469f1a355198aaa,fetched,parse_error,xml,true,0,0,0,0,0,,ParserError: None:7:2: rdf:nodeID value is not a valid NCName: _:b8
36371940,Wimmics/corese,3b1236781828291397fc740bb2d20209c434dfb1,corese-command/src/test/resources/fr/inria/corese/command/programs/shacl/references/beatles-ok.ttl,extension:.ttl,202,91e09fc193e316b8021c391c5d44733301cffac6df71373ae19ab8a3ef0a7687,fetched,parsed,turtle,true,0,0,0,0,2,,
36371940,Wimmics/corese,3b1236781828291397fc740bb2d20209c434dfb1,corese-command/src/test/resources/fr/inria/corese/command/programs/shacl/references/beatles-person-err.ttl,extension:.ttl,2951,c5431a7ac6b1ead649be7fc4d6b9402e02b6ee3dadd1ec19368fa9ecb367abe7,fetched,parsed,turtle,true,0,0,0,0,47,,
36371940,Wimmics/corese,3b1236781828291397fc740bb2d20209c434dfb1,corese-command/src/test/resources/fr/inria/corese/command/programs/shacl/references/beatles-person-ok.ttl,extension:.ttl,203,37be7a6489626193da41292d99b1acb02285c225cffccee87f306ea59a4b5fb1,fetched,parsed,turtle,true,0,0,0,0,2,,
36371940,Wimmics/corese,3b1236781828291397fc740bb2d20209c434dfb1,corese-command/src/test/resources/fr/inria/corese/command/programs/shacl/references/directory-err.ttl,extension:.ttl,3940,126b6d9dc0cfab8883645b44ee890be7c87dabda7d745dc08efeffacd7ab08f3,fetched,parsed,turtle,true,0,0,0,0,65,,
36371940,Wimmics/corese,3b1236781828291397fc740bb2d20209c434dfb1,corese-command/src/test/resources/fr/inria/corese/command/programs/shacl/references/directory-recursive-err.ttl,extension:.ttl,3940,4c4f7408d6c69fa50e81d260b38957562ede2e19017e7ae3f656a47471e61724,fetched,parsed,turtle,true,0,0,0,0,65,,
36371940,Wimmics/corese,3b1236781828291397fc740bb2d20209c434dfb1,corese-command/src/test/resources/fr/inria/corese/command/programs/shacl/results/output.ttl,extension:.ttl,0,e3b0c44298fc1c149afbf4c8996fb92427ae41e4649b934ca495991b7852b855,fetched,parsed,turtle,false,0,0,0,0,0,,
36371940,Wimmics/corese,3b1236781828291397fc740bb2d20209c434dfb1,corese-command/src/test/resources/fr/inria/corese/command/programs/sparql/input/beatles.ttl,extension:.ttl,1353,2c1c7185c7a276c820ecc53579cef6692d0471b5d1715f5cc6404689a06294c7,fetched,parsed,turtle,false,0,0,0,0,0,,
36371940,Wimmics/corese,3b1236781828291397fc740bb2d20209c434dfb1,corese-command/src/test/resources/fr/inria/corese/command/programs/sparql/input/city.ttl,extension:.ttl,86161,c63588671dd309c7fb73dc5d4fa987fac728e518c56b129b39c01a29f722f8ae,fetched,parsed,turtle,false,0,0,0,0,0,,
36371940,Wimmics/corese,3b1236781828291397fc740bb2d20209c434dfb1,corese-command/src/test/resources/fr/inria/corese/command/programs/sparql/input/recursive/person.ttl,extension:.ttl,517,c297f1a6ed086e7608ccae01c5413817ac66f648f99dfbe27f7afec405ec27b2,fetched,parsed,turtle,false,0,0,0,0,0,,
36371940,Wimmics/corese,3b1236781828291397fc740bb2d20209c434dfb1,corese-command/src/test/resources/fr/inria/corese/command/programs/sparql/references/ask/beatles-ask-bidingtrig-false.ttl,extension:.ttl,112,2e51d42eb6fc833e69415c821d5e0351f8e9105b61205cffd07b45eb77907027,fetched,parsed,turtle,false,0,0,0,0,0,,
36371940,Wimmics/corese,3b1236781828291397fc740bb2d20209c434dfb1,corese-command/src/test/resources/fr/inria/corese/command/programs/sparql/references/ask/beatles-ask-bidingtrig-true.ttl,extension:.ttl,111,07cd7ff1a75df23c768d00b19e7df0a5d5b5e7706f7f0fe61b9666971ad13801,fetched,parsed,turtle,false,0,0,0,0,0,,
36371940,Wimmics/corese,3b1236781828291397fc740bb2d20209c434dfb1,corese-command/src/test/resources/fr/inria/corese/command/programs/sparql/references/ask/beatles-ask-bidingturtle-false.ttl,extension:.ttl,112,2e51d42eb6fc833e69415c821d5e0351f8e9105b61205cffd07b45eb77907027,fetched,parsed,turtle,false,0,0,0,0,0,,
36371940,Wimmics/corese,3b1236781828291397fc740bb2d20209c434dfb1,corese-command/src/test/resources/fr/inria/corese/command/programs/sparql/references/ask/beatles-ask-bidingturtle-true.ttl,extension:.ttl,111,07cd7ff1a75df23c768d00b19e7df0a5d5b5e7706f7f0fe61b9666971ad13801,fetched,parsed,turtle,false,0,0,0,0,0,,
36371940,Wimmics/corese,3b1236781828291397fc740bb2d20209c434dfb1,corese-command/src/test/resources/fr/inria/corese/command/programs/sparql/references/ask/beatles-ask-jsonld-false.jsonld,extension:.jsonld,426,40bd89e1603dce71f810405aa6417867ea75192a1dbd0bee9c40ad3330788a53,fetched,parsed,json-ld,false,0,0,0,0,0,,
36371940,Wimmics/corese,3b1236781828291397fc740bb2d20209c434dfb1,corese-command/src/test/resources/fr/inria/corese/command/programs/sparql/references/ask/beatles-ask-jsonld-true.jsonld,extension:.jsonld,425,f5a3d19a3107dd1f9af5b9218a9f7f83118343e7ae281dedf694c25817b9d22e,fetched,parsed,json-ld,false,0,0,0,0,0,,
36371940,Wimmics/corese,3b1236781828291397fc740bb2d20209c434dfb1,corese-command/src/test/resources/fr/inria/corese/command/programs/sparql/references/ask/beatles-ask-rdfxml-false.rdf,extension:.rdf,443,61418ded6509093b4114e3dae386b38a622f712668c4083779af14c5faa554ce,fetched,parse_error,xml,false,0,0,0,0,0,,ParserError: None:7:0: rdf:nodeID value is not a valid NCName: _:br0
36371940,Wimmics/corese,3b1236781828291397fc740bb2d20209c434dfb1,corese-command/src/test/resources/fr/inria/corese/command/programs/sparql/references/ask/beatles-ask-rdfxml-true.rdf,extension:.rdf,442,4425be413cd3e4bb314afbf5d0adaffe3f0010737be580653916f89e98668671,fetched,parse_error,xml,false,0,0,0,0,0,,ParserError: None:7:0: rdf:nodeID value is not a valid NCName: _:br0
36371940,Wimmics/corese,3b1236781828291397fc740bb2d20209c434dfb1,corese-command/src/test/resources/fr/inria/corese/command/programs/sparql/references/ask/beatles-ask-trig-false.trig,extension:.trig,282,c13eb17119bae8eeb86cdb5d1676d692d8f2a6b1d0678ffe4058532e50c33c4a,fetched,parsed,trig,false,0,0,0,0,0,,
36371940,Wimmics/corese,3b1236781828291397fc740bb2d20209c434dfb1,corese-command/src/test/resources/fr/inria/corese/command/programs/sparql/references/ask/beatles-ask-trig-true.trig,extension:.trig,281,c1d73919023bfbcf6c1379b5ed064fa9b052e1f3c8b541b3e779e79e2c6a7f35,fetched,parsed,trig,false,0,0,0,0,0,,
36371940,Wimmics/corese,3b1236781828291397fc740bb2d20209c434dfb1,corese-command/src/test/resources/fr/inria/corese/command/programs/sparql/references/ask/beatles-ask-turtle-false.ttl,extension:.ttl,282,c13eb17119bae8eeb86cdb5d1676d692d8f2a6b1d0678ffe4058532e50c33c4a,fetched,parsed,turtle,false,0,0,0,0,0,,
36371940,Wimmics/corese,3b1236781828291397fc740bb2d20209c434dfb1,corese-command/src/test/resources/fr/inria/corese/command/programs/sparql/references/ask/beatles-ask-turtle-true.ttl,extension:.ttl,281,c1d73919023bfbcf6c1379b5ed064fa9b052e1f3c8b541b3e779e79e2c6a7f35,fetched,parsed,turtle,false,0,0,0,0,0,,
36371940,Wimmics/corese,3b1236781828291397fc740bb2d20209c434dfb1,corese-command/src/test/resources/fr/inria/corese/command/programs/sparql/references/construct/beatles-construct-jsonld.jsonld,extension:.jsonld,438,f75e40a5d752a9671e6a80694a76088cde9add81aff23ca68bb732ccb1d5234e,fetched,parsed,json-ld,false,0,0,0,0,0,,
36371940,Wimmics/corese,3b1236781828291397fc740bb2d20209c434dfb1,corese-command/src/test/resources/fr/inria/corese/command/programs/sparql/references/construct/beatles-construct-rdfxml.xml,sniff:rdfxml,459,4e75473d4863fde047da09b2faeeee672c4b182503aaafa74b2a8d22f337adf3,fetched,parsed,xml,false,0,0,0,0,0,,
36371940,Wimmics/corese,3b1236781828291397fc740bb2d20209c434dfb1,corese-command/src/test/resources/fr/inria/corese/command/programs/sparql/references/construct/beatles-construct-trig.trig,extension:.trig,273,e48531fe84bee519723bb8c8df2b4f928fe76be727b41ada040af42825ce86ba,fetched,parsed,trig,false,0,0,0,0,0,,
36371940,Wimmics/corese,3b1236781828291397fc740bb2d20209c434dfb1,corese-command/src/test/resources/fr/inria/corese/command/programs/sparql/references/construct/beatles-construct-turtle.ttl,extension:.ttl,273,e48531fe84bee519723bb8c8df2b4f928fe76be727b41ada040af42825ce86ba,fetched,parsed,turtle,false,0,0,0,0,0,,
36371940,Wimmics/corese,3b1236781828291397fc740bb2d20209c434dfb1,corese-command/src/test/resources/fr/inria/corese/command/programs/sparql/references/delete-where/beatles-delete-where-jsonld.jsonld,extension:.jsonld,1827,0b1c7ad256e7762bb612d92e7c23c033c40fff707c289edeb0c6f304c86091dc,fetched,parsed,json-ld,false,0,0,0,0,0,,
36371940,Wimmics/corese,3b1236781828291397fc740bb2d20209c434dfb1,corese-command/src/test/resources/fr/inria/corese/command/programs/sparql/references/delete-where/beatles-delete-where-rdfxml.xml,sniff:rdfxml,2266,de98649ba3b277d0f43d2a284de308b5822526e71c821a68b314aa4ef3be335f,fetched,parsed,xml,false,0,0,0,0,0,,
36371940,Wimmics/corese,3b1236781828291397fc740bb2d20209c434dfb1,corese-command/src/test/resources/fr/inria/corese/command/programs/sparql/references/delete-where/beatles-delete-where-trig.trig,extension:.trig,949,c5d1235ff48ef83d31fd22b5570fdcbad8d2b283df93d272a5e8d1272a004aa5,fetched,parsed,trig,false,0,0,0,0,0,,
36371940,Wimmics/corese,3b1236781828291397fc740bb2d20209c434dfb1,corese-command/src/test/resources/fr/inria/corese/command/programs/sparql/references/delete-where/beatles-delete-where-turtle.ttl,extension:.ttl,949,bf92782a6107eebf32c7b303fecab2903fcf11719081cc7733c4e87827f17931,fetched,parsed,turtle,false,0,0,0,0,0,,
36371940,Wimmics/corese,3b1236781828291397fc740bb2d20209c434dfb1,corese-command/src/test/resources/fr/inria/corese/command/programs/sparql/references/delete/beatles-delete-jsonld.jsonld,extension:.jsonld,1712,10142649e473897e78fb74ad469416aeb2a6efde355fa966e76acb126beb4178,fetched,parsed,json-ld,false,0,0,0,0,0,,
36371940,Wimmics/corese,3b1236781828291397fc740bb2d20209c434dfb1,corese-command/src/test/resources/fr/inria/corese/command/programs/sparql/references/delete/beatles-delete-rdfxml.xml,sniff:rdfxml,2152,0b143ca0bb829bb76b36daea18acc638e52bd6a54a2295a139fe8a320aebf3d9,fetched,parsed,xml,false,0,0,0,0,0,,
36371940,Wimmics/corese,3b1236781828291397fc740bb2d20209c434dfb1,corese-command/src/test/resources/fr/inria/corese/command/programs/sparql/references/delete/beatles-delete-trig.trig,extension:.trig,918,3422cbdca6e31a54db276d2009418355fb433c114ea4d21de02879f7eef73d17,fetched,parsed,trig,false,0,0,0,0,0,,
36371940,Wimmics/corese,3b1236781828291397fc740bb2d20209c434dfb1,corese-command/src/test/resources/fr/inria/corese/command/programs/sparql/references/delete/beatles-delete-turtle.ttl,extension:.ttl,918,3e7977d97bf69e57111bb4cf837aaffb69f2ea746e7a18a7ce028c7f7f521933,fetched,parsed,turtle,false,0,0,0,0,0,,
36371940,Wimmics/corese,3b1236781828291397fc740bb2d20209c434dfb1,corese-command/src/test/resources/fr/inria/corese/command/programs/sparql/references/describe/beatles-describe-jsonld.jsonld,extension:.jsonld,582,48de94b346a60d6ddaa2a29d8e25646f1f146a337123f98e39e65d191fdbf0ac,fetched,parsed,json-ld,false,0,0,0,0,0,,
36371940,Wimmics/corese,3b1236781828291397fc740bb2d20209c434dfb1,corese-command/src/test/resources/fr/inria/corese/command/programs/sparql/references/describe/beatles-describe-rdfxml.xml,sniff:rdfxml,752,1e1688dcdcbe80491e18c790aedbcb093abfc7d19d5483ff01602d20e3c4bc50,fetched,parsed,xml,false,0,0,0,0,0,,
36371940,Wimmics/corese,3b1236781828291397fc740bb2d20209c434dfb1,corese-command/src/test/resources/fr/inria/corese/command/programs/sparql/references/describe/beatles-describe-trig.trig,extension:.trig,302,de18339fcd9fe2cf052320c9ac7c3ae6db4b18e9c4d3ba15175780e5c19f9481,fetched,parsed,trig,false,0,0,0,0,0,,
36371940,Wimmics/corese,3b1236781828291397fc740bb2d20209c434dfb1,corese-command/src/test/resources/fr/inria/corese/command/programs/sparql/references/describe/beatles-describe-turtle.ttl,extension:.ttl,302,5dab73859e9f605d0007bebfa5c50c651cf327722ce5f11688e6fbeb058b3691,fetched,parsed,turtle,false,0,0,0,0,0,,
36371940,Wimmics/corese,3b1236781828291397fc740bb2d20209c434dfb1,corese-command/src/test/resources/fr/inria/corese/command/programs/sparql/references/insert-where/beatles-insertwhere-bidingjsonld.jsonld,extension:.jsonld,2256,591cecb896bbe5814b9a414dfa345d01121d5976413ea8b03a54c9a593697542,fetched,parsed,json-ld,false,0,0,0,0,0,,
36371940,Wimmics/corese,3b1236781828291397fc740bb2d20209c434dfb1,corese-command/src/test/resources/fr/inria/corese/command/programs/sparql/references/insert-where/beatles-insertwhere-bidingrdfxml.xml,sniff:rdfxml,2816,d763d5b7a2557a55bb5cce9844552da377ff2a41cede432c252b292346e5b79e,fetched,parsed,xml,false,0,0,0,0,0,,
36371940,Wimmics/corese,3b1236781828291397fc740bb2d20209c434dfb1,corese-command/src/test/resources/fr/inria/corese/command/programs/sparql/references/insert-where/beatles-insertwhere-bidingtrig.trig,extension:.trig,1102,240244efe404fffdcee368a58c8566a5939f793c03b2fec97e2752c95c1c82de,fetched,parsed,trig,false,0,0,0,0,0,,
36371940,Wimmics/corese,3b1236781828291397fc740bb2d20209c434dfb1,corese-command/src/test/resources/fr/inria/corese/command/programs/sparql/references/insert-where/beatles-insertwhere-bidingturtle.ttl,extension:.ttl,1102,838e39e2b49d85adba21c2437137788b833a5f7f1c303c98f30b8e362e9164b9,fetched,parsed,turtle,false,0,0,0,0,0,,
36371940,Wimmics/corese,3b1236781828291397fc740bb2d20209c434dfb1,corese-command/src/test/resources/fr/inria/corese/command/programs/sparql/references/insert/beatles-insert-jsonld.jsonld,extension:.jsonld,2061,51281d131ccc4dc133af06e31a1fd50e899dd13241b8e3facc6fc00c1edc13a7,fetched,parsed,json-ld,false,0,0,0,0,0,,
36371940,Wimmics/corese,3b1236781828291397fc740bb2d20209c434dfb1,corese-command/src/test/resources/fr/inria/corese/command/programs/sparql/references/insert/beatles-insert-rdfxml.xml,sniff:rdfxml,2584,e24b216a733ad4c6fe93802bf80e7aa7ebbe1a9328520e4c1590823996c6049b,fetched,parsed,xml,false,0,0,0,0,0,,
36371940,Wimmics/corese,3b1236781828291397fc740bb2d20209c434dfb1,corese-command/src/test/resources/fr/inria/corese/command/programs/sparql/references/insert/beatles-insert-trig.trig,extension:.trig,1072,3b6ae977d54974999d75f43d582f938af60be2258565ca5f99d088afe3982b59,fetched,parsed,trig,false,0,0,0,0,0,,
36371940,Wimmics/corese,3b1236781828291397fc740bb2d20209c434dfb1,corese-command/src/test/resources/fr/inria/corese/command/programs/sparql/references/insert/beatles-insert-turtle.ttl,extension:.ttl,1072,4c6e614a4ee41e8699ccf982de11b1f2c8b20d655160da46e4a2879c61e6396d,fetched,parsed,turtle,false,0,0,0,0,0,,
36371940,Wimmics/corese,3b1236781828291397fc740bb2d20209c434dfb1,corese-command/src/test/resources/fr/inria/corese/command/programs/sparql/references/select/beatles-select-bidingtrig.trig,extension:.trig,997,59e7f5cd706ba3824ff4356d3aa483d8f5c9d5172db16cee2f18a6374d55cd30,fetched,parse_error,trig,false,0,0,0,0,0,,"BadSyntax: at line 15 of <>:
Bad syntax (Prefix ""xsd:"" not bound) at ^ in:
""...b'binding [\nrs:variable \'albumDate\' ; \nrs:value ""1963-03-22""^^'^b""xsd:date\n] ; \nrs:binding [\nrs:variable 'artist' ; \nrs:value ""..."""
36371940,Wimmics/corese,3b1236781828291397fc740bb2d20209c434dfb1,corese-command/src/test/resources/fr/inria/corese/command/programs/sparql/references/select/beatles-select-bidingturtle.ttl,extension:.ttl,997,59e7f5cd706ba3824ff4356d3aa483d8f5c9d5172db16cee2f18a6374d55cd30,fetched,parse_error,turtle,false,0,0,0,0,0,,"BadSyntax: at line 15 of <>:
Bad syntax (Prefix ""xsd:"" not bound) at ^ in:
""...b'binding [\nrs:variable \'albumDate\' ; \nrs:value ""1963-03-22""^^'^b""xsd:date\n] ; \nrs:binding [\nrs:variable 'artist' ; \nrs:value ""..."""
36371940,Wimmics/corese,3b1236781828291397fc740bb2d20209c434dfb1,corese-command/src/test/resources/fr/inria/corese/command/programs/sparql/references/select/beatles-select-jsonld.jsonld,extension:.jsonld,2898,0b29529193b90220f1acb399b8ade1a5ed8cbf4d237ec8a5e004d456556d355e,fetched,parsed,json-ld,false,0,0,0,0,0,,
36371940,Wimmics/corese,3b1236781828291397fc740bb2d20209c434dfb1,corese-command/src/test/resources/fr/inria/corese/command/programs/sparql/references/select/beatles-select-rdfxml.rdf,extension:.rdf,3622,c035accce62e675ac036b183f0ef6d4edff7ec9bd4a3348762222c3ae2b08a50,fetched,parse_error,xml,false,0,0,0,0,0,,ParserError: None:7:0: rdf:nodeID value is not a valid NCName: _:br3
36371940,Wimmics/corese,3b1236781828291397fc740bb2d20209c434dfb1,corese-command/src/test/resources/fr/inria/corese/command/programs/sparql/references/select/beatles-select-trig.trig,extension:.trig,1226,d309c50c8152ebe4f1b54dea3ced4dd4121cb080eab35dd793430f5b136ba2ed,fetched,parsed,trig,false,0,0,0,0,0,,
36371940,Wimmics/corese,3b1236781828291397fc740bb2d20209c434dfb1,corese-command/src/test/resources/fr/inria/corese/command/programs/sparql/references/select/beatles-select-turtle.ttl,extension:.ttl,1226,d309c50c8152ebe4f1b54dea3ced4dd4121cb080eab35dd793430f5b136ba2ed,fetched,parsed,turtle,false,0,0,0,0,0,,
36371940,Wimmics/corese,3b1236781828291397fc740bb2d20209c434dfb1,corese-command/src/test/resources/fr/inria/corese/command/programs/sparql/results/ask/output.ttl,extension:.ttl,0,e3b0c44298fc1c149afbf4c8996fb92427ae41e4649b934ca495991b7852b855,fetched,parsed,turtle,false,0,0,0,0,0,,
36371940,Wimmics/corese,3b1236781828291397fc740bb2d20209c434dfb1,corese-command/src/test/resources/fr/inria/corese/command/programs/sparql/results/construct/output.ttl,extension:.ttl,0,e3b0c44298fc1c149afbf4c8996fb92427ae41e4649b934ca495991b7852b855,fetched,parsed,turtle,false,0,0,0,0,0,,
36371940,Wimmics/corese,3b1236781828291397fc740bb2d20209c434dfb1,corese-command/src/test/resources/fr/inria/corese/command/programs/sparql/results/count/output.ttl,extension:.ttl,0,e3b0c44298fc1c149afbf4c8996fb92427ae41e4649b934ca495991b7852b855,fetched,parsed,turtle,false,0,0,0,0,0,,
36371940,Wimmics/corese,3b1236781828291397fc740bb2d20209c434dfb1,corese-command/src/test/resources/fr/inria/corese/command/programs/sparql/results/delete-where/output.ttl,extension:.ttl,0,e3b0c44298fc1c149afbf4c8996fb92427ae41e4649b934ca495991b7852b855,fetched,parsed,turtle,false,0,0,0,0,0,,
36371940,Wimmics/corese,3b1236781828291397fc740bb2d20209c434dfb1,corese-command/src/test/resources/fr/inria/corese/command/programs/sparql/results/delete/output.ttl,extension:.ttl,0,e3b0c44298fc1c149afbf4c8996fb92427ae41e4649b934ca495991b7852b855,fetched,parsed,turtle,false,0,0,0,0,0,,
36371940,Wimmics/corese,3b1236781828291397fc740bb2d20209c434dfb1,corese-command/src/test/resources/fr/inria/corese/command/programs/sparql/results/describe/output.ttl,extension:.ttl,0,e3b0c44298fc1c149afbf4c8996fb92427ae41e4649b934ca495991b7852b855,fetched,parsed,turtle,false,0,0,0,0,0,,
36371940,Wimmics/corese,3b1236781828291397fc740bb2d20209c434dfb1,corese-command/src/test/resources/fr/inria/corese/command/programs/sparql/results/insert-where/output.ttl,extension:.ttl,0,e3b0c44298fc1c149afbf4c8996fb92427ae41e4649b934ca495991b7852b855,fetched,parsed,turtle,false,0,0,0,0,0,,
36371940,Wimmics/corese,3b1236781828291397fc740bb2d20209c434dfb1,corese-command/src/test/resources/fr/inria/corese/command/programs/sparql/results/insert/output.ttl,extension:.ttl,0,e3b0c44298fc1c149afbf4c8996fb92427ae41e4649b934ca495991b7852b855,fetched,parsed,turtle,false,0,0,0,0,0,,
36371940,Wimmics/corese,3b1236781828291397fc740bb2d20209c434dfb1,corese-command/src/test/resources/fr/inria/corese/command/programs/sparql/results/select/output.ttl,extension:.ttl,0,e3b0c44298fc1c149afbf4c8996fb92427ae41e4649b934ca495991b7852b855,fetched,parsed,turtle,false,0,0,0,0,0,,
36371940,Wimmics/corese,3b1236781828291397fc740bb2d20209c434dfb1,corese-core/src/main/resources/data/corese/federation.ttl,extension:.ttl,1100,57763b5a04abd4c4b06b2128c28336f911991413318a01d55df760fe770d3e58,fetched,parse_error,turtle,false,0,0,0,0,0,,"BadSyntax: at line 1 of <>:
Bad syntax (Prefix ""st:"" not bound) at ^ in:
""b'<http://fed.corese.inria.fr/d2kab/sparql> a '^b'st:Federation ;\n    rdfs:label ""d2kab"" ;\n    st:definition ('..."""
36371940,Wimmics/corese,3b1236781828291397fc740bb2d20209c434dfb1,corese-core/src/main/resources/data/kgram.ttl,extension:.ttl,348,5baf521c7ded13df92999579849834e12643696d82acb7625584666648383b86,fetched,parse_error,turtle,false,0,0,0,0,0,,"BadSyntax: at line 1 of <>:
Bad syntax (Prefix ""kg:"" not bound) at ^ in:
""b'[] a '^b""kg:System ;\n  kg:version '3.1.5' ;\n  kg:date '2014-10-01'^^x""..."""
36371940,Wimmics/corese,3b1236781828291397fc740bb2d20209c434dfb1,corese-core/src/main/resources/data/shaclshacl.ttl,extension:.ttl,12614,250d6274cadc8fa5359d5dbc28bc943f1de01adb7ffc3369681216b583122e4a,fetched,parsed,turtle,true,10,0,302,0,25,rdf:type sh:NodeShape|sh:class|sh:closed|sh:datatype|sh:hasValue|sh:in|sh:maxCount|sh:minCount|sh:node|sh:nodeKind|sh:not|sh:or|sh:path|sh:property|sh:targetClass|sh:targetObjectsOf|sh:targetSubjectsOf|sh:xone,
36371940,Wimmics/corese,3b1236781828291397fc740bb2d20209c434dfb1,corese-core/src/main/resources/data/shape4shape.ttl,extension:.ttl,6894,212f2d7918884116c3b604d030fac1ea97bbfd58323795648a1032f0a0183b1f,fetched,parse_error,turtle,true,0,0,0,0,0,,"BadSyntax: at line 11 of <>:
Bad syntax (Prefix ""rdfs:"" not bound) at ^ in:
""...b'p://ns.inria.fr/shacl-shape/> .\n\n\nds:shape a sh:NodeShape ;\n'^b'rdfs:comment ""Main shape"" ;\nsh:targetClass sh:NodeShape ;\nsh'..."""
36371940,Wimmics/corese,3b1236781828291397fc740bb2d20209c434dfb1,corese-core/src/main/resources/demographie/cog-2012.ttl,extension:.ttl,17906266,6fa8b6f6f9c28f91f92a7069688a5adbf0e1a79308c44fd02bb3d9f9d6ffa23a,fetched,parsed,turtle,false,0,0,0,0,0,,
36371940,Wimmics/corese,3b1236781828291397fc740bb2d20209c434dfb1,corese-core/src/main/resources/demographie/cog-2014.ttl,extension:.ttl,19900497,d0ae0d96edb1d1bdbe87f727c9a0e7f4d8a75dcba5fa6798627c55c016ea592c,fetched,parsed,turtle,false,0,0,0,0,0,,
36371940,Wimmics/corese,3b1236781828291397fc740bb2d20209c434dfb1,corese-core/src/main/resources/demographie/dep1.ttl,extension:.ttl,2505,80384003daad7370ae4b02a1bfd9fc9147bf74525b7281d96ee87a5545f08dda,fetched,parse_error,turtle,false,0,0,0,0,0,,"BadSyntax: at line 58 of <>:
Bad syntax (EOF found after object) at ^ in:
""b'@prefix rdfs:    <http://www.w3.org/2000/01/rdf-schema#> .\n@prefix geo:     <http://id.insee.fr/geo/> .\n@prefix owl:     <http://www.w3.org/2002/07/owl#> .\n@prefix igeo:    <http://rdf.insee.fr/def/geo#> .\n@prefix rdf:     <http://www.w3.org/1999/02/22-rdf-syntax-ns#> .\n\n<http://id.insee.fr/geo/region/24>\n      a       igeo:Region ;\n      igeo:codeINSEE ""24"" ;\n      igeo:codeRegion ""24"" ;\n      igeo:nom ""Centr"
36371940,Wimmics/corese,3b1236781828291397fc740bb2d20209c434dfb1,corese-core/src/main/resources/demographie/dep2.ttl,extension:.ttl,3351,c35415d4bfb1478220a300e81d8ebc10f62cd78fc9adccd0b42175ebd6d86bcd,fetched,parsed,turtle,false,0,0,0,0,0,,
36371940,Wimmics/corese,3b1236781828291397fc740bb2d20209c434dfb1,corese-core/src/main/resources/demographie/dep_noms.ttl,extension:.ttl,1510,cdb2eb1f9ce338171e8c87168b71e38622fa7b3213953e6f54d56af864cd150a,fetched,parsed,turtle,false,0,0,0,0,0,,
36371940,Wimmics/corese,3b1236781828291397fc740bb2d20209c434dfb1,corese-core/src/main/resources/demographie/departement.ttl,extension:.ttl,930,375ed32ad2ac58871cd2434413b5fdf2ce05b61801c68276a7d99d077327051a,fetched,parsed,turtle,false,0,0,0,0,0,,
36371940,Wimmics/corese,3b1236781828291397fc740bb2d20209c434dfb1,corese-core/src/main/resources/demographie/departements_names.ttl,extension:.ttl,33970,db9fea59621c1b784ce237ee85e37bc6137b91fecd17b0c106fa05542b784c04,fetched,parsed,turtle,false,0,0,0,0,0,,
36371940,Wimmics/corese,3b1236781828291397fc740bb2d20209c434dfb1,corese-core/src/main/resources/demographie/globalBGPS1.ttl,extension:.ttl,749362,8ae1d40c2f09da10e5e470535b281458901133ce35f1fc3d2d468d8a403a1a13,fetched,parsed,turtle,false,0,0,0,0,0,,
36371940,Wimmics/corese,3b1236781828291397fc740bb2d20209c434dfb1,corese-core/src/main/resources/demographie/globalBGPS2.ttl,extension:.ttl,19164898,61d9030583296766957a219a263fa6ecb72b4bb185c8cee2fd783cdde2d73af0,fetched,parsed,turtle,false,0,0,0,0,0,,
36371940,Wimmics/corese,3b1236781828291397fc740bb2d20209c434dfb1,corese-core/src/main/resources/demographie/popleg-2010.ttl,extension:.ttl,19200457,a556dc1321fdd86d0033b82d4da0112b146122be9e5d89dc790afd008374d90c,fetched,parsed,turtle,false,0,0,0,0,0,,
36371940,Wimmics/corese,3b1236781828291397fc740bb2d20209c434dfb1,corese-core/src/main/resources/demographie/popleg-2013-sc.ttl,extension:.ttl,17923697,3c7f0c2c2b6b66583011df64d38b0b63411e2b191af48df953772d1382399930,fetched,parsed,turtle,false,0,0,0,0,0,,
36371940,Wimmics/corese,3b1236781828291397fc740bb2d20209c434dfb1,corese-core/src/main/resources/demographie/region.ttl,extension:.ttl,925,37a26fa5a713018cdb096f458c5fba139ff28cbbaba90a29b6b4c9e549be3512,fetched,parsed,turtle,false,0,0,0,0,0,,
36371940,Wimmics/corese,3b1236781828291397fc740bb2d20209c434dfb1,corese-core/src/main/resources/demographie/region_dep.ttl,extension:.ttl,2261,8ee24356da6dc40ad02181b216b33a560211ccd248e885065e1fc3ebf835f1b2,fetched,parsed,turtle,false,0,0,0,0,0,,
36371940,Wimmics/corese,3b1236781828291397fc740bb2d20209c434dfb1,corese-core/src/main/resources/demographie/region_noms.ttl,extension:.ttl,1048,307e1b5008948e2b3cd19a52686b4da0c94a2901640aa83effd01e3bd2e52cdf,fetched,parsed,turtle,false,0,0,0,0,0,,
36371940,Wimmics/corese,3b1236781828291397fc740bb2d20209c434dfb1,corese-core/src/main/resources/demographie/regions_departements.ttl,extension:.ttl,735340,8f7edef56ce25144a47731f71e7858e59e97387fec7a9da813be2520bfd82fd8,fetched,parsed,turtle,false,0,0,0,0,0,,
36371940,Wimmics/corese,3b1236781828291397fc740bb2d20209c434dfb1,corese-core/src/main/resources/demographie/regions_names.ttl,extension:.ttl,15453,fa271955f99deeac3140e729c592c51590e5cb4be2399d2cf0a0fb0eef41b8ac,fetched,parsed,turtle,false,0,0,0,0,0,,
36371940,Wimmics/corese,3b1236781828291397fc740bb2d20209c434dfb1,corese-core/src/main/resources/demographie/s1.ttl,extension:.ttl,932,bfa3d43efbc0c409aed9f69cb0d898518967892f4f6489c674852787f38f72b6,fetched,parsed,turtle,false,0,0,0,0,0,,
36371940,Wimmics/corese,3b1236781828291397fc740bb2d20209c434dfb1,corese-core/src/main/resources/demographie/s2.ttl,extension:.ttl,808,948613e4bca394df3919fa0e3fcdd03fb60c51af99957c22565393ff516e4441,fetched,parsed,turtle,false,0,0,0,0,0,,
36371940,Wimmics/corese,3b1236781828291397fc740bb2d20209c434dfb1,corese-core/src/main/resources/demographie/s3.ttl,extension:.ttl,1359,fe1725b7ea33f7a07c331eeaf64ebd8c8e3df3066b8e7a07b3007b5b89c92c1a,fetched,parsed,turtle,false,0,0,0,0,0,,
36371940,Wimmics/corese,3b1236781828291397fc740bb2d20209c434dfb1,corese-core/src/main/resources/demographie/s4.ttl,extension:.ttl,1886,19b9b1d3f8fcf0bebc06bca25fe5e6af5870a4b4e690e441fb6004395eb3bf36,fetched,parsed,turtle,false,0,0,0,0,0,,
36371940,Wimmics/corese,3b1236781828291397fc740bb2d20209c434dfb1,corese-core/src/main/resources/kgram1-persons.rdf,extension:.rdf,733,684e2b0649e28e2912f119e2375809b931bea65fda9ccb6e9b8546eace3ee584,fetched,parsed,xml,false,0,0,0,0,0,,
36371940,Wimmics/corese,3b1236781828291397fc740bb2d20209c434dfb1,corese-core/src/main/resources/kgram2-persons.rdf,extension:.rdf,1134,5d81cba3d1c25afbbe8a513951aa6acc07535d8756a7e65f6605993c6f021fff,fetched,parsed,xml,false,0,0,0,0,0,,
36371940,Wimmics/corese,3b1236781828291397fc740bb2d20209c434dfb1,corese-core/src/test/java/fr/inria/corese/human_2007_09_11.rdf,extension:.rdf,3129,553e20158ff0276a2040e561a09d2b063dcbf4320205c39070c6e6f3e220f0d1,fetched,parsed,xml,false,0,0,0,0,0,,
36371940,Wimmics/corese,3b1236781828291397fc740bb2d20209c434dfb1,corese-core/src/test/resources/data/lubm/u0/University0_0.owl,extension:.owl,684839,35ac2b624a7b14d40a403d1f10ea482bc7965b03715b28cf700008681aeb63b5,fetched,parsed,xml,false,0,0,0,0,0,,
36371940,Wimmics/corese,3b1236781828291397fc740bb2d20209c434dfb1,corese-core/src/test/resources/data/lubm/u0/University0_1.owl,extension:.owl,535357,24334c212b3c727d12b74c2ae9cd5241a0f5ebb81db50cab2b52cd57f0ab09f0,fetched,parsed,xml,false,0,0,0,0,0,,
36371940,Wimmics/corese,3b1236781828291397fc740bb2d20209c434dfb1,corese-core/src/test/resources/data/lubm/u0/University0_10.owl,extension:.owl,577898,fdd48054849157e13ef9fd1b4442a589068805f00bfd0946b238864c94dc20f7,fetched,parsed,xml,false,0,0,0,0,0,,
36371940,Wimmics/corese,3b1236781828291397fc740bb2d20209c434dfb1,corese-core/src/test/resources/data/lubm/u0/University0_11.owl,extension:.owl,584589,2f0a703e5a36ea9869305d0b3393d374fe7dedf5745fff22829b880b1852c18a,fetched,parsed,xml,false,0,0,0,0,0,,
36371940,Wimmics/corese,3b1236781828291397fc740bb2d20209c434dfb1,corese-core/src/test/resources/data/lubm/u0/University0_12.owl,extension:.owl,520599,e8dc6edb6a098e5e2664ca56406f9c7331b89ff89d5904cde8368fe32fb99a25,fetched,parsed,xml,false,0,0,0,0,0,,
36371940,Wimmics/corese,3b1236781828291397fc740bb2d20209c434dfb1,corese-core/src/test/resources/data/lubm/u0/University0_13.owl,extension:.owl,636026,efbbc9bc943171ab249238b6e030f4c4983afce4c404af2119c626d597c04be2,fetched,parsed,xml,false,0,0,0,0,0,,
36371940,Wimmics/corese,3b1236781828291397fc740bb2d20209c434dfb1,corese-core/src/test/resources/data/lubm/u0/University0_14.owl,extension:.owl,442132,3e420dbe83a2b37c02c1bcae13d533a65fdc0990f29f1b840d6760ef62e5463a,fetched,parsed,xml,false,0,0,0,0,0,,
36371940,Wimmics/corese,3b1236781828291397fc740bb2d20209c434dfb1,corese-core/src/test/resources/data/lubm/u0/University0_2.owl,extension:.owl,509526,dc514776292b60ce3a4e45268764208cd415bf8ef2cc339193cafd4e4bd95e9c,fetched,parsed,xml,false,0,0,0,0,0,,
36371940,Wimmics/corese,3b1236781828291397fc740bb2d20209c434dfb1,corese-core/src/test/resources/data/lubm/u0/University0_3.owl,extension:.owl,521584,21ab1a4e711caff833d426124ef195a355c283fe68107d9494d4700a4d8d9bef,fetched,parsed,xml,false,0,0,0,0,0,,
36371940,Wimmics/corese,3b1236781828291397fc740bb2d20209c434dfb1,corese-core/src/test/resources/data/lubm/u0/University0_4.owl,extension:.owl,552829,c92048d4430a006dccd6da9a32a46d4527338cd5c10374ecb67ead763fe5470c,fetched,parsed,xml,false,0,0,0,0,0,,
36371940,Wimmics/corese,3b1236781828291397fc740bb2d20209c434dfb1,corese-core/src/test/resources/data/lubm/u0/University0_5.owl,extension:.owl,569179,48e6487b65e861f3f5c602660352455c8c75bf1725ad5957e7571f9f1bee1d71,fetched,parsed,xml,false,0,0,0,0,0,,
36371940,Wimmics/corese,3b1236781828291397fc740bb2d20209c434dfb1,corese-core/src/test/resources/data/lubm/u0/University0_6.owl,extension:.owl,463682,c5ccefd19eb432ec4e62f70da4145ddb5ea11158d2544efc932e0b6757d3969d,fetched,parsed,xml,false,0,0,0,0,0,,
36371940,Wimmics/corese,3b1236781828291397fc740bb2d20209c434dfb1,corese-core/src/test/resources/data/lubm/u0/University0_7.owl,extension:.owl,599483,92901e8853b021fe12bf2c49f0eda00bbd395d17d5d0632bbf9676c19efd6d66,fetched,parsed,xml,false,0,0,0,0,0,,
36371940,Wimmics/corese,3b1236781828291397fc740bb2d20209c434dfb1,corese-core/src/test/resources/data/lubm/u0/University0_8.owl,extension:.owl,605163,0bbd98c979fc6040ed27b5cdd1c95e27a0f315b817143bb12ec3d9ced5b3fed7,fetched,parsed,xml,false,0,0,0,0,0,,
36371940,Wimmics/corese,3b1236781828291397fc740bb2d20209c434dfb1,corese-core/src/test/resources/data/lubm/u0/University0_9.owl,extension:.owl,476363,6119b8300beec8c399f0c8e925ef59334c79e86b503bb9a535b63548304e82d4,fetched,parsed,xml,false,0,0,0,0,0,,
36371940,Wimmics/corese,3b1236781828291397fc740bb2d20209c434dfb1,corese-core/src/test/resources/data/lubm/u1/University1_0.owl,extension:.owl,468887,1ef556ce062c7ad78874ac247d5766fa9842bf6f4a30a110bad689e545af4421,fetched,parsed,xml,false,0,0,0,0,0,,
36371940,Wimmics/corese,3b1236781828291397fc740bb2d20209c434dfb1,corese-core/src/test/resources/data/lubm/u1/University1_1.owl,extension:.owl,595091,8efd49b5c1966631df81392f77333de8f120fb3ffd23811f7d717ef06b91105e,fetched,parsed,xml,false,0,0,0,0,0,,
36371940,Wimmics/corese,3b1236781828291397fc740bb2d20209c434dfb1,corese-core/src/test/resources/data/lubm/u1/University1_10.owl,extension:.owl,530984,d405700005a6d503973a0df803840b82ba17fe7ee80031a55b52ee8111616335,fetched,parsed,xml,false,0,0,0,0,0,,
36371940,Wimmics/corese,3b1236781828291397fc740bb2d20209c434dfb1,corese-core/src/test/resources/data/lubm/u1/University1_11.owl,extension:.owl,416622,10ee7e310a50ed76d649835aa36527700aa7cf2d74ea6924102b85160f5896c5,fetched,parsed,xml,false,0,0,0,0,0,,
36371940,Wimmics/corese,3b1236781828291397fc740bb2d20209c434dfb1,corese-core/src/test/resources/data/lubm/u1/University1_12.owl,extension:.owl,626337,f86df28d6c126085fc2b4322404b53f2d4db0b5fc750323a3c884c991c3dce1a,fetched,parsed,xml,false,0,0,0,0,0,,
36371940,Wimmics/corese,3b1236781828291397fc740bb2d20209c434dfb1,corese-core/src/test/resources/data/lubm/u1/University1_13.owl,extension:.owl,648067,114e2ca2170a75bbc2fea5ddd22828bf14ad356180a1ceea3e511e7c0e7de6f1,fetched,parsed,xml,false,0,0,0,0,0,,
36371940,Wimmics/corese,3b1236781828291397fc740bb2d20209c434dfb1,corese-core/src/test/resources/data/lubm/u1/University1_14.owl,extension:.owl,545626,aa9ea68c73986d2422a34339af74e38a26d3426d6aebbae9fd77fdf234930886,fetched,parsed,xml,false,0,0,0,0,0,,
36371940,Wimmics/corese,3b1236781828291397fc740bb2d20209c434dfb1,corese-core/src/test/resources/data/lubm/u1/University1_15.owl,extension:.owl,611781,bedfd0e64bd9d8333d4b84937a52f2e1be235c1e7c3029cb30c2dc3c2c50c511,fetched,parsed,xml,false,0,0,0,0,0,,
36371940,Wimmics/corese,3b1236781828291397fc740bb2d20209c434dfb1,corese-core/src/test/resources/data/lubm/u1/University1_16.owl,extension:.owl,648183,2f6cb6a3565777fcf360413930f381b9724050f3a3a89fe8d791df519815e04f,fetched,parsed,xml,false,0,0,0,0,0,,
36371940,Wimmics/corese,3b1236781828291397fc740bb2d20209c434dfb1,corese-core/src/test/resources/data/lubm/u1/University1_17.owl,extension:.owl,543146,bf4f64e4f29dae0bd2a4385bdb734d491cdb3a3e358c0e7dbc8ae5fcb2f86f31,fetched,parsed,xml,false,0,0,0,0,0,,
36371940,Wimmics/corese,3b1236781828291397fc740bb2d20209c434dfb1,corese-core/src/test/resources/data/lubm/u1/University1_18.owl,extension:.owl,500218,fe4bd5bb67708c4a0dee3acee59d554c30b5172ec726730a05d7cc7179aa5757,fetched,parsed,xml,false,0,0,0,0,0,,
36371940,Wimmics/corese,3b1236781828291397fc740bb2d20209c434dfb1,corese-core/src/test/resources/data/lubm/u1/University1_2.owl,extension:.owl,543850,bf83cd016b613cbf3929bcd3bfe0a971caec6501bda02a2b9455982ba105fd9f,fetched,parsed,xml,false,0,0,0,0,0,,
36371940,Wimmics/corese,3b1236781828291397fc740bb2d20209c434dfb1,corese-core/src/test/resources/data/lubm/u1/University1_3.owl,extension:.owl,645951,a19565142cd4d4df448d3c1bdbbccf0152722f233280d49e6dd738e2364e2004,fetched,parsed,xml,false,0,0,0,0,0,,
36371940,Wimmics/corese,3b1236781828291397fc740bb2d20209c434dfb1,corese-core/src/test/resources/data/lubm/u1/University1_4.owl,extension:.owl,500284,633367f4eee17403a4a515eaa6f706448de471f9eb23c7bb73276379437feee0,fetched,parsed,xml,false,0,0,0,0,0,,
36371940,Wimmics/corese,3b1236781828291397fc740bb2d20209c434dfb1,corese-core/src/test/resources/data/lubm/u1/University1_5.owl,extension:.owl,658153,d642093063762e75f8e46b2f81a2c0845fe82398e23bef3e93f3bda16f140710,fetched,parsed,xml,false,0,0,0,0,0,,
36371940,Wimmics/corese,3b1236781828291397fc740bb2d20209c434dfb1,corese-core/src/test/resources/data/lubm/u1/University1_6.owl,extension:.owl,602080,e320d112755ae4c08390d7c3b51517cd2ed08b33ed6b9def3d5492bcb9e68179,fetched,parsed,xml,false,0,0,0,0,0,,
36371940,Wimmics/corese,3b1236781828291397fc740bb2d20209c434dfb1,corese-core/src/test/resources/data/lubm/u1/University1_7.owl,extension:.owl,619760,8fa1699d069072fda6330d14f245fd278d1226468862b9a42d269d89f55be582,fetched,parsed,xml,false,0,0,0,0,0,,
36371940,Wimmics/corese,3b1236781828291397fc740bb2d20209c434dfb1,corese-core/src/test/resources/data/lubm/u1/University1_8.owl,extension:.owl,465150,71d91b6347b00ec1b1c46713934c840b5c054365e68f6e4d312119f448beab53,fetched,parsed,xml,false,0,0,0,0,0,,
36371940,Wimmics/corese,3b1236781828291397fc740bb2d20209c434dfb1,corese-core/src/test/resources/data/lubm/u1/University1_9.owl,extension:.owl,613656,c623462c98791d69c67682d1b12945c92a629ed0633ce3fa47a6483c7ba9b664,fetched,parsed,xml,false,0,0,0,0,0,,
36371940,Wimmics/corese,3b1236781828291397fc740bb2d20209c434dfb1,corese-core/src/test/resources/data/lubm/u2/University2_0.owl,extension:.owl,511176,bd46a17eab1c6a47b0a1f617a366246db5fe6d256af9544ca37f21e0bfc1cf96,fetched,parsed,xml,false,0,0,0,0,0,,
36371940,Wimmics/corese,3b1236781828291397fc740bb2d20209c434dfb1,corese-core/src/test/resources/data/lubm/u2/University2_1.owl,extension:.owl,588822,d911c672cc9aec6593c90d7e5f33fafdf18c43a8303c549deccbe99236254e38,fetched,parsed,xml,false,0,0,0,0,0,,
36371940,Wimmics/corese,3b1236781828291397fc740bb2d20209c434dfb1,corese-core/src/test/resources/data/lubm/u2/University2_10.owl,extension:.owl,493647,993b04f2b5aa142d1fb0d2c5321767008522ac3e1d813ecda15f8fb8750661df,fetched,parsed,xml,false,0,0,0,0,0,,
36371940,Wimmics/corese,3b1236781828291397fc740bb2d20209c434dfb1,corese-core/src/test/resources/data/lubm/u2/University2_11.owl,extension:.owl,598960,ba9671351b6500fe77d0ef65602bef22190e16eba7dcb3a473ad01cb336abc9a,fetched,parsed,xml,false,0,0,0,0,0,,
36371940,Wimmics/corese,3b1236781828291397fc740bb2d20209c434dfb1,corese-core/src/test/resources/data/lubm/u2/University2_12.owl,extension:.owl,609221,d21ab5cb027577edb958c7e4f5900b4292a3046955f2b82d2c14b0fa3de09683,fetched,parsed,xml,false,0,0,0,0,0,,
36371940,Wimmics/corese,3b1236781828291397fc740bb2d20209c434dfb1,corese-core/src/test/resources/data/lubm/u2/University2_13.owl,extension:.owl,567278,3caba0f66cd82775dedf7f323259aef725be675795e9cfe433b917506f0d0379,fetched,parsed,xml,false,0,0,0,0,0,,
36371940,Wimmics/corese,3b1236781828291397fc740bb2d20209c434dfb1,corese-core/src/test/resources/data/lubm/u2/University2_14.owl,extension:.owl,532448,625c66203ed85a976d4ece4ba25eb2345c9d50f497e5bf66ec692398c77155e6,fetched,parsed,xml,false,0,0,0,0,0,,
36371940,Wimmics/corese,3b1236781828291397fc740bb2d20209c434dfb1,corese-core/src/test/resources/data/lubm/u2/University2_15.owl,extension:.owl,432862,53a3c565cae706a5e76cec1e0f4701769f411d361cfbe1a5c2db389fd3261bda,fetched,parsed,xml,false,0,0,0,0,0,,
36371940,Wimmics/corese,3b1236781828291397fc740bb2d20209c434dfb1,corese-core/src/test/resources/data/lubm/u2/University2_2.owl,extension:.owl,517457,3fd184f55cf7eee24995f1f636f08c3bd2dcafead1f2123c5966d8b30716b424,fetched,parsed,xml,false,0,0,0,0,0,,
36371940,Wimmics/corese,3b1236781828291397fc740bb2d20209c434dfb1,corese-core/src/test/resources/data/lubm/u2/University2_3.owl,extension:.owl,545110,ec81bd9ac38103cf000f8fc3d7a97620381e94580761b7e0cd9045e9954eef5f,fetched,parsed,xml,false,0,0,0,0,0,,
36371940,Wimmics/corese,3b1236781828291397fc740bb2d20209c434dfb1,corese-core/src/test/resources/data/lubm/u2/University2_4.owl,extension:.owl,531445,05d224f85515e4c76f090b1f2ff51df8f26de2b097028b1b59b7ecae75270a18,fetched,parsed,xml,false,0,0,0,0,0,,
36371940,Wimmics/corese,3b1236781828291397fc740bb2d20209c434dfb1,corese-core/src/test/resources/data/lubm/u2/University2_5.owl,extension:.owl,610772,0001f2c4673a61697f693f76107347497106ef86612a7d1f23d4f78dc097b6bd,fetched,parsed,xml,false,0,0,0,0,0,,
36371940,Wimmics/corese,3b1236781828291397fc740bb2d20209c434dfb1,corese-core/src/test/resources/data/lubm/u2/University2_6.owl,extension:.owl,561562,6889e1537bbeb12e69934d1e0b6bf4b2a96059218b24c8fb7af17109cf3d632a,fetched,parsed,xml,false,0,0,0,0,0,,
36371940,Wimmics/corese,3b1236781828291397fc740bb2d20209c434dfb1,corese-core/src/test/resources/data/lubm/u2/University2_7.owl,extension:.owl,557287,8cb9a2a7b6d41ce5cc942798f0c6fd3d92d3467072044e26e25c1b0bc3ccbb03,fetched,parsed,xml,false,0,0,0,0,0,,
36371940,Wimmics/corese,3b1236781828291397fc740bb2d20209c434dfb1,corese-core/src/test/resources/data/lubm/u2/University2_8.owl,extension:.owl,667568,6cd5c94e3bf9c1144578b94512de4d6980aed66089eb81d1e37cb675aa2a9d1b,fetched,parsed,xml,false,0,0,0,0,0,,
36371940,Wimmics/corese,3b1236781828291397fc740bb2d20209c434dfb1,corese-core/src/test/resources/data/lubm/u2/University2_9.owl,extension:.owl,585859,9c82a80d99419f659366807e67c7fb8a1c9047cd34cc197bd525ac36b90fdb93,fetched,parsed,xml,false,0,0,0,0,0,,
36371940,Wimmics/corese,3b1236781828291397fc740bb2d20209c434dfb1,corese-core/src/test/resources/data/w3c-n-quads/comment_following_triple.nq,extension:.nq,309,7bc93aab927c978402f0be0051caa3be7762b462a30796c143d5883b831c9584,fetched,parsed,nquads,false,0,0,0,0,0,,
36371940,Wimmics/corese,3b1236781828291397fc740bb2d20209c434dfb1,corese-core/src/test/resources/data/w3c-n-quads/langtagged_string.nq,extension:.nq,54,08b70369b4df811e716fea578a3bb2233dfce2bd398bd95a5ce2e66e2ea6e89b,fetched,parsed,nquads,false,0,0,0,0,0,,
36371940,Wimmics/corese,3b1236781828291397fc740bb2d20209c434dfb1,corese-core/src/test/resources/data/w3c-n-quads/lantag_with_subtag.nq,extension:.nq,69,0c5cfe8a128dacf800543a493f36864d2cbae9c78c7d73b71482d7cab5808d94,fetched,parsed,nquads,false,0,0,0,0,0,,
36371940,Wimmics/corese,3b1236781828291397fc740bb2d20209c434dfb1,corese-core/src/test/resources/data/w3c-n-quads/literal.nq,extension:.nq,48,b24ff4ccb0d509bf31fc58983edae333dc20a1fc28f5f024cd2ab4337cc31c9d,fetched,parsed,nquads,false,0,0,0,0,0,,
36371940,Wimmics/corese,3b1236781828291397fc740bb2d20209c434dfb1,corese-core/src/test/resources/data/w3c-n-quads/literal_all_controls.nq,extension:.nq,223,eca09eda38ca2d5b54756628156d742ceefebb0d9c7b24dce7f74cd1279efa39,fetched,parsed,nquads,false,0,0,0,0,0,,
36371940,Wimmics/corese,3b1236781828291397fc740bb2d20209c434dfb1,corese-core/src/test/resources/data/w3c-n-quads/literal_all_punctuation.nq,extension:.nq,73,b99e958e7d9ae362ce4407ac50d3e5c58fdde7f5f54a6e0ec602fbfea6bfab27,fetched,parsed,nquads,false,0,0,0,0,0,,
36371940,Wimmics/corese,3b1236781828291397fc740bb2d20209c434dfb1,corese-core/src/test/resources/data/w3c-n-quads/literal_ascii_boundaries.nq,extension:.nq,57,e24700bbc82fe8614b94e9d972864fa99adc46314d222e5a6e8745559e3c1671,fetched,parsed,nquads,false,0,0,0,0,0,,
36371940,Wimmics/corese,3b1236781828291397fc740bb2d20209c434dfb1,corese-core/src/test/resources/data/w3c-n-quads/literal_false.nq,extension:.nq,96,e16f0777ad2d100ba2a7ee615b45168199b0f755893816d15f3ccd52fc10ce0c,fetched,parsed,nquads,false,0,0,0,0,0,,
36371940,Wimmics/corese,3b1236781828291397fc740bb2d20209c434dfb1,corese-core/src/test/resources/data/w3c-n-quads/literal_true.nq,extension:.nq,95,312b4b59bbdff1c3803c10330d28b4d42fd9f735a1f87556d3f0351898ac1a7e,fetched,parsed,nquads,false,0,0,0,0,0,,
36371940,Wimmics/corese,3b1236781828291397fc740bb2d20209c434dfb1,corese-core/src/test/resources/data/w3c-n-quads/literal_with_2_dquotes.nq,extension:.nq,53,5292dd8326e9660d90995deb386d8228d794810e21b7d164d8b46eda7a8ac520,fetched,parsed,nquads,false,0,0,0,0,0,,
36371940,Wimmics/corese,3b1236781828291397fc740bb2d20209c434dfb1,corese-core/src/test/resources/data/w3c-n-quads/literal_with_2_squotes.nq,extension:.nq,51,3bbd0c143a9ac2aa90486ce6f07dcd14326b66bece4ff4bfd858fbc5e52458a2,fetched,parsed,nquads,false,0,0,0,0,0,,
36371940,Wimmics/corese,3b1236781828291397fc740bb2d20209c434dfb1,corese-core/src/test/resources/data/w3c-n-quads/literal_with_BACKSPACE.nq,extension:.nq,49,022ba512243fca353c1088bcc49709ee93b06aef895dba3633c0dbf03cf86035,fetched,parsed,nquads,false,0,0,0,0,0,,
36371940,Wimmics/corese,3b1236781828291397fc740bb2d20209c434dfb1,corese-core/src/test/resources/data/w3c-n-quads/literal_with_CARRIAGE_RETURN.nq,extension:.nq,49,52e79321258db6a045bf66a1594bfa6c07ad1c95b2ad51fe828cd05b164a33d8,fetched,parsed,nquads,false,0,0,0,0,0,,
36371940,Wimmics/corese,3b1236781828291397fc740bb2d20209c434dfb1,corese-core/src/test/resources/data/w3c-n-quads/literal_with_CHARACTER_TABULATION.nq,extension:.nq,49,2a48d7e65a17be107dd0d54c5f225e8b501cca8bb2f3ec0c3829452bb60773ec,fetched,parsed,nquads,false,0,0,0,0,0,,
36371940,Wimmics/corese,3b1236781828291397fc740bb2d20209c434dfb1,corese-core/src/test/resources/data/w3c-n-quads/literal_with_FORM_FEED.nq,extension:.nq,49,9b0d574b4747aefd41355c7a183b94043a66d80791bf51877a7ce618981f1512,fetched,parsed,nquads,false,0,0,0,0,0,,
36371940,Wimmics/corese,3b1236781828291397fc740bb2d20209c434dfb1,corese-core/src/test/resources/data/w3c-n-quads/literal_with_LINE_FEED.nq,extension:.nq,49,60bc9f1c3bcd008161dec78ab52e8f5513e00153bee401d517c1802949e51bac,fetched,parsed,nquads,false,0,0,0,0,0,,
36371940,Wimmics/corese,3b1236781828291397fc740bb2d20209c434dfb1,corese-core/src/test/resources/data/w3c-n-quads/literal_with_REVERSE_SOLIDUS.nq,extension:.nq,49,b8791ff5811f4e9a396ddc752ae4c1407dced0d891348108b961cbb7e1bb8ab7,fetched,parsed,nquads,false,0,0,0,0,0,,
36371940,Wimmics/corese,3b1236781828291397fc740bb2d20209c434dfb1,corese-core/src/test/resources/data/w3c-n-quads/literal_with_REVERSE_SOLIDUS2.nq,extension:.nq,65,122791324b4196f85f723f145f88f7481f6f7e31fa994a42f5f8c46fbfe21814,fetched,parsed,nquads,false,0,0,0,0,0,,
36371940,Wimmics/corese,3b1236781828291397fc740bb2d20209c434dfb1,corese-core/src/test/resources/data/w3c-n-quads/literal_with_UTF8_boundaries.nq,extension:.nq,99,a781b65f4770c37623aa99d8b8b4feb54a4c7979ca66866db1cd96ac60b274bd,fetched,parsed,nquads,false,0,0,0,0,0,,
36371940,Wimmics/corese,3b1236781828291397fc740bb2d20209c434dfb1,corese-core/src/test/resources/data/w3c-n-quads/literal_with_dquote.nq,extension:.nq,51,7aa7f8df1d0e579c485ea39436726b42ac6f4c6c1abab838d6566bc556685fe4,fetched,parsed,nquads,false,0,0,0,0,0,,
36371940,Wimmics/corese,3b1236781828291397fc740bb2d20209c434dfb1,corese-core/src/test/resources/data/w3c-n-quads/literal_with_numeric_escape4.nq,extension:.nq,53,f2b21cb288c58ba125eea26ce2f82120cccb0e06035292cd81dbd546014d8d10,fetched,parsed,nquads,false,0,0,0,0,0,,
36371940,Wimmics/corese,3b1236781828291397fc740bb2d20209c434dfb1,corese-core/src/test/resources/data/w3c-n-quads/literal_with_numeric_escape8.nq,extension:.nq,57,c73cbd9986be92229ac70aa4daf2436c90f7a6e3088d723b4e75e27c465c4f7e,fetched,parsed,nquads,false,0,0,0,0,0,,
36371940,Wimmics/corese,3b1236781828291397fc740bb2d20209c434dfb1,corese-core/src/test/resources/data/w3c-n-quads/literal_with_squote.nq,extension:.nq,50,3d5df32954cf3948facf821bf4bbff46fdfa6fea9ef43dd960c03fa34a5821ba,fetched,parsed,nquads,false,0,0,0,0,0,,
36371940,Wimmics/corese,3b1236781828291397fc740bb2d20209c434dfb1,corese-core/src/test/resources/data/w3c-n-quads/manifest.ttl,extension:.ttl,23185,7266f0d50dd175ee11aa88f962f3b8f0c6522997cee52bbdc1bd98f3ef3e1d23,fetched,parsed,turtle,false,0,0,0,0,0,,
36371940,Wimmics/corese,3b1236781828291397fc740bb2d20209c434dfb1,corese-core/src/test/resources/data/w3c-n-quads/minimal_whitespace.nq,extension:.nq,244,db4002700fae698d961e5d857cbe2aa927e685739a6894b26dbe43cdb5bd926a,fetched,parsed,nquads,false,0,0,0,0,0,,
36371940,Wimmics/corese,3b1236781828291397fc740bb2d20209c434dfb1,corese-core/src/test/resources/data/w3c-n-quads/nq-syntax-bad-literal-01.nq,extension:.nq,62,d2eac89ee71259832699ae78945e2e8635decc5c0778dd2427c75e93aae180d2,fetched,parse_error,nquads,false,0,0,0,0,0,,"ParserError: Invalid line (Failed to eat [ \t]*\.[ \t]*(#.*)? at ""o"" .):
'<http://example/s> <http://example/p> <http://example/o> ""o"" .'"
36371940,Wimmics/corese,3b1236781828291397fc740bb2d20209c434dfb1,corese-core/src/test/resources/data/w3c-n-quads/nq-syntax-bad-literal-02.nq,extension:.nq,65,9acb2d095a7170f589418911dab0a7cc70f601238749a267d7602eba3efe4929,fetched,parse_error,nquads,false,0,0,0,0,0,,"ParserError: Invalid line (Failed to eat [ \t]*\.[ \t]*(#.*)? at ""o""@en .):
'<http://example/s> <http://example/p> <http://example/o> ""o""@en .'"
36371940,Wimmics/corese,3b1236781828291397fc740bb2d20209c434dfb1,corese-core/src/test/resources/data/w3c-n-quads/nq-syntax-bad-literal-03.nq,extension:.nq,105,43d18f7b72f278ef573e3027e4803b5474496e638cf6f52925b5baf6a61459b3,fetched,parse_error,nquads,false,0,0,0,0,0,,"ParserError: Invalid line (Failed to eat [ \t]*\.[ \t]*(#.*)? at ""o""^^<http://www.w3.org/2001/XMLSchema#string> .):
'<http://example/s> <http://example/p> <http://example/o> ""o""^^<http://www.w3.org/2001/XMLSchema#string> .'"
36371940,Wimmics/corese,3b1236781828291397fc740bb2d20209c434dfb1,corese-core/src/test/resources/data/w3c-n-quads/nq-syntax-bad-quint-01.nq,extension:.nq,123,4360655f6cd7be29a7d015b27d260a3c1438ee8a76294b955a3e68545dbc6a8b,fetched,parse_error,nquads,false,0,0,0,0,0,,"ParserError: Invalid line (Failed to eat [ \t]*\.[ \t]*(#.*)? at  <http://example/n> .):
'<http://example/s> <http://example/p> <http://example/o> <http://example/g> <http://example/n> .'"
36371940,Wimmics/corese,3b1236781828291397fc740bb2d20209c434dfb1,corese-core/src/test/resources/data/w3c-n-quads/nq-syntax-bad-uri-01.nq,extension:.nq,92,df0196428bc960845aafa5e071784104e165d35db9c35b0ac3bb70b23c4fd5a7,fetched,parse_error,nquads,false,0,0,0,0,0,,"ParserError: Invalid line (Failed to eat <([^:]+:[^\s""<>]*)> at <g>.):
'<http://example/s> <http://example/p> <http://example/o> <g>.'"
36371940,Wimmics/corese,3b1236781828291397fc740bb2d20209c434dfb1,corese-core/src/test/resources/data/w3c-n-quads/nq-syntax-bnode-01.nq,extension:.nq,62,60751d93be5d90a2a4dd201751ed3ed89037104f896c6cbf42bfa624e2d27846,fetched,parsed,nquads,false,0,0,0,0,0,,
36371940,Wimmics/corese,3b1236781828291397fc740bb2d20209c434dfb1,corese-core/src/test/resources/data/w3c-n-quads/nq-syntax-bnode-02.nq,extension:.nq,47,0c35ab823648ff246175ce4eab3b464815d8c1876973f50cc0e2a36080456718,fetched,parsed,nquads,false,0,0,0,0,0,,
36371940,Wimmics/corese,3b1236781828291397fc740bb2d20209c434dfb1,corese-core/src/test/resources/data/w3c-n-quads/nq-syntax-bnode-03.nq,extension:.nq,47,54ebb2067504098ce93fa2dd2e92a2ae083a29c0baa1809d7c14afb08880aac4,fetched,parsed,nquads,false,0,0,0,0,0,,
36371940,Wimmics/corese,3b1236781828291397fc740bb2d20209c434dfb1,corese-core/src/test/resources/data/w3c-n-quads/nq-syntax-bnode-04.nq,extension:.nq,47,a96d701745ad44fb4be3c81cea3b1905ac9019a2922f07dd439ee223117d3c96,fetched,parsed,nquads,false,0,0,0,0,0,,
36371940,Wimmics/corese,3b1236781828291397fc740bb2d20209c434dfb1,corese-core/src/test/resources/data/w3c-n-quads/nq-syntax-bnode-05.nq,extension:.nq,50,4371d4f85f2bf98485934a1eaa42cb4a3cea1b80d81054f906d9a7d235caa183,fetched,parsed,nquads,false,0,0,0,0,0,,
36371940,Wimmics/corese,3b1236781828291397fc740bb2d20209c434dfb1,corese-core/src/test/resources/data/w3c-n-quads/nq-syntax-bnode-06.nq,extension:.nq,90,cd53a7e9f6ebdb8a172a7a8d41ea40a4c33c3cc57a7c2b186113e0bd59bc0307,fetched,parsed,nquads,false,0,0,0,0,0,,
36371940,Wimmics/corese,3b1236781828291397fc740bb2d20209c434dfb1,corese-core/src/test/resources/data/w3c-n-quads/nq-syntax-uri-01.nq,extension:.nq,77,9fd30d11565257f62f148dc803ce5c4dcdf3ec6214d381e516f277a93aad40f9,fetched,parsed,nquads,false,0,0,0,0,0,,
36371940,Wimmics/corese,3b1236781828291397fc740bb2d20209c434dfb1,corese-core/src/test/resources/data/w3c-n-quads/nq-syntax-uri-02.nq,extension:.nq,62,4608dde752011a16c9147bcf32c653c7f708a97b30aff04e5ec558938ee8e599,fetched,parsed,nquads,false,0,0,0,0,0,,
36371940,Wimmics/corese,3b1236781828291397fc740bb2d20209c434dfb1,corese-core/src/test/resources/data/w3c-n-quads/nq-syntax-uri-03.nq,extension:.nq,62,ea0d0569bbe58a28a938d6c5c8c9f4bb8fad350894724dcd5418fcc4264981a6,fetched,parsed,nquads,false,0,0,0,0,0,,
36371940,Wimmics/corese,3b1236781828291397fc740bb2d20209c434dfb1,corese-core/src/test/resources/data/w3c-n-quads/nq-syntax-uri-04.nq,extension:.nq,62,5f49124b71476575b1e0cba984cfa9462698cc3342703ea0cad4979a84872438,fetched,parsed,nquads,false,0,0,0,0,0,,
36371940,Wimmics/corese,3b1236781828291397fc740bb2d20209c434dfb1,corese-core/src/test/resources/data/w3c-n-quads/nq-syntax-uri-05.nq,extension:.nq,65,078fab9d9eb67bf5db6e65ade4d6337fef2d110c45bfad8428b796af8911dee0,fetched,parsed,nquads,false,0,0,0,0,0,,
36371940,Wimmics/corese,3b1236781828291397fc740bb2d20209c434dfb1,corese-core/src/test/resources/data/w3c-n-quads/nq-syntax-uri-06.nq,extension:.nq,105,8754ecd8f879359c6c87d2931f80d6b4788b8380befc1280896f09ee0ed21d72,fetched,parsed,nquads,false,0,0,0,0,0,,
36371940,Wimmics/corese,3b1236781828291397fc740bb2d20209c434dfb1,corese-core/src/test/resources/data/w3c-n-quads/nt-syntax-bad-base-01.nq,extension:.nq,26,05ab5912501da0ec73748cef91bc6b873c629094eb79ecd6d434b160fa3e5778,fetched,parse_error,nquads,false,0,0,0,0,0,,"ParserError: Invalid line (Subject must be uriref or nodeID):
'@base <http://example/> .'"
36371940,Wimmics/corese,3b1236781828291397fc740bb2d20209c434dfb1,corese-core/src/test/resources/data/w3c-n-quads/nt-syntax-bad-esc-01.nq,extension:.nq,67,366e1c21a682311583b1fdedd6246d0a04e0ca42c2279a809ce1b5cb679418f4,fetched,parsed,nquads,false,0,0,0,0,0,,
36371940,Wimmics/corese,3b1236781828291397fc740bb2d20209c434dfb1,corese-core/src/test/resources/data/w3c-n-quads/nt-syntax-bad-esc-02.nq,extension:.nq,69,e5ccb2bf89387577270649a651478b94e109afeeab2a207c26840767860674ab,fetched,parsed,nquads,false,0,0,0,0,0,,
36371940,Wimmics/corese,3b1236781828291397fc740bb2d20209c434dfb1,corese-core/src/test/resources/data/w3c-n-quads/nt-syntax-bad-esc-03.nq,extension:.nq,73,19e2f1cd8e5c31522531155df08be25b19d4a0ec93c0fd485d2a526b9999537b,fetched,parsed,nquads,false,0,0,0,0,0,,
36371940,Wimmics/corese,3b1236781828291397fc740bb2d20209c434dfb1,corese-core/src/test/resources/data/w3c-n-quads/nt-syntax-bad-lang-01.nq,extension:.nq,66,365decd3634dc600d730923008879e32f20c96c9c1fa23bbb8ce330bcaaec3ad,fetched,parse_error,nquads,false,0,0,0,0,0,,"ParserError: Invalid line (Failed to eat [ \t]*\.[ \t]*(#.*)? at @1 .):
'<http://example/s> <http://example/p> ""string""@1 .'"
36371940,Wimmics/corese,3b1236781828291397fc740bb2d20209c434dfb1,corese-core/src/test/resources/data/w3c-n-quads/nt-syntax-bad-num-01.nq,extension:.nq,42,3d38295941b106bf92722198a8d3391666fb0667c47e26fb28601842ae8cc70b,fetched,parse_error,nquads,false,0,0,0,0,0,,"ParserError: Invalid line (Unrecognised object type):
'<http://example/s> <http://example/p> 1 .'"
36371940,Wimmics/corese,3b1236781828291397fc740bb2d20209c434dfb1,corese-core/src/test/resources/data/w3c-n-quads/nt-syntax-bad-num-02.nq,extension:.nq,44,a991fa8c7df1da9f750f74a4b7011e7c162d760d85b93d1ede346df894969141,fetched,parse_error,nquads,false,0,0,0,0,0,,"ParserError: Invalid line (Unrecognised object type):
'<http://example/s> <http://example/p> 1.0 .'"
36371940,Wimmics/corese,3b1236781828291397fc740bb2d20209c434dfb1,corese-core/src/test/resources/data/w3c-n-quads/nt-syntax-bad-num-03.nq,extension:.nq,46,395958b773e2725f944db38f37f8a3d0614e9e5e5cce7a965c219b5deb23a207,fetched,parse_error,nquads,false,0,0,0,0,0,,"ParserError: Invalid line (Unrecognised object type):
'<http://example/s> <http://example/p> 1.0e0 .'"
36371940,Wimmics/corese,3b1236781828291397fc740bb2d20209c434dfb1,corese-core/src/test/resources/data/w3c-n-quads/nt-syntax-bad-prefix-01.nq,extension:.nq,30,3736ff179b45cceedc6bb4bb4d07c306cda7fb7fe1aff0505826a1efec9b41b4,fetched,parse_error,nquads,false,0,0,0,0,0,,"ParserError: Invalid line (Subject must be uriref or nodeID):
'@prefix : <http://example/> .'"
36371940,Wimmics/corese,3b1236781828291397fc740bb2d20209c434dfb1,corese-core/src/test/resources/data/w3c-n-quads/nt-syntax-bad-string-01.nq,extension:.nq,46,dbc30d03d90483be77bfb6d095150b799d4e2a8c18466cdf9437d66202ab4d5b,fetched,parse_error,nquads,false,0,0,0,0,0,,"ParserError: Invalid line (Failed to eat ""([^""\\]*(?:\\.[^""\\]*)*)""(?:@([a-zA-Z]+(?:-[a-zA-Z0-9]+)*)|\^\^<([^:]+:[^\s""<>]*)>)? at ""abc' .):
'<http://example/s> <http://example/p> ""abc\' .'"
36371940,Wimmics/corese,3b1236781828291397fc740bb2d20209c434dfb1,corese-core/src/test/resources/data/w3c-n-quads/nt-syntax-bad-string-02.nq,extension:.nq,44,a991fa8c7df1da9f750f74a4b7011e7c162d760d85b93d1ede346df894969141,fetched,parse_error,nquads,false,0,0,0,0,0,,"ParserError: Invalid line (Unrecognised object type):
'<http://example/s> <http://example/p> 1.0 .'"
36371940,Wimmics/corese,3b1236781828291397fc740bb2d20209c434dfb1,corese-core/src/test/resources/data/w3c-n-quads/nt-syntax-bad-string-03.nq,extension:.nq,46,5073e6bd39a63a698eeb37dd7b767647ad0daef2429dbc4ce92130e68fedca27,fetched,parse_error,nquads,false,0,0,0,0,0,,"ParserError: Invalid line (Unrecognised object type):
'<http://example/s> <http://example/p> 1.0e1 .'"
36371940,Wimmics/corese,3b1236781828291397fc740bb2d20209c434dfb1,corese-core/src/test/resources/data/w3c-n-quads/nt-syntax-bad-string-04.nq,extension:.nq,50,e5cb1eee541e057f9164d371cc34adfe76613c6a1f6ec1b52c87ebb9157d559f,fetched,parse_error,nquads,false,0,0,0,0,0,,"ParserError: Invalid line (Unrecognised object type):
""<http://example/s> <http://example/p> '''abc''' ."""
36371940,Wimmics/corese,3b1236781828291397fc740bb2d20209c434dfb1,corese-core/src/test/resources/data/w3c-n-quads/nt-syntax-bad-string-05.nq,extension:.nq,50,3a5db3705a0ee9c3abc46dd7ef3149c05964656f28dcce4fab827107b6ea526e,fetched,parse_error,nquads,false,0,0,0,0,0,,"ParserError: Invalid line (Failed to eat [ \t]*\.[ \t]*(#.*)? at ""abc"""""" .):
'<http://example/s> <http://example/p> """"""abc"""""" .'"
36371940,Wimmics/corese,3b1236781828291397fc740bb2d20209c434dfb1,corese-core/src/test/resources/data/w3c-n-quads/nt-syntax-bad-string-06.nq,extension:.nq,45,88cc9e81f9382caa60dd5f28ea099fff5d8acfa4646e3a3ad43f8ec12ce14831,fetched,parse_error,nquads,false,0,0,0,0,0,,"ParserError: Invalid line (Failed to eat ""([^""\\]*(?:\\.[^""\\]*)*)""(?:@([a-zA-Z]+(?:-[a-zA-Z0-9]+)*)|\^\^<([^:]+:[^\s""<>]*)>)? at ""abc .):
'<http://example/s> <http://example/p> ""abc .'"
36371940,Wimmics/corese,3b1236781828291397fc740bb2d20209c434dfb1,corese-core/src/test/resources/data/w3c-n-quads/nt-syntax-bad-string-07.nq,extension:.nq,45,37b2e3f89e2d738e52201d2a051bc6ad08b812e67f1a54594c4c786dbc649f01,fetched,parse_error,nquads,false,0,0,0,0,0,,"ParserError: Invalid line (Unrecognised object type):
'<http://example/s> <http://example/p> abc"" .'"
36371940,Wimmics/corese,3b1236781828291397fc740bb2d20209c434dfb1,corese-core/src/test/resources/data/w3c-n-quads/nt-syntax-bad-struct-01.nq,extension:.nq,80,b47b22bd170f4fad2c6ab07b0861487a4e7bcaf0a14b2efe73a545a2212b3b5d,fetched,parse_error,nquads,false,0,0,0,0,0,,"ParserError: Invalid line (Failed to eat [ \t]*\.[ \t]*(#.*)? at , <http://example/o2> .):
'<http://example/s> <http://example/p> <http://example/o>, <http://example/o2> .'"
36371940,Wimmics/corese,3b1236781828291397fc740bb2d20209c434dfb1,corese-core/src/test/resources/data/w3c-n-quads/nt-syntax-bad-struct-02.nq,extension:.nq,101,d85123883c1d37366dccba30ee77bb1b3904ddb452b0e9c84efcb708ff44d206,fetched,parse_error,nquads,false,0,0,0,0,0,,"ParserError: Invalid line (Failed to eat [ \t]*\.[ \t]*(#.*)? at ; <http://example/p2>, <http://example/o2> .):
'<http://example/s> <http://example/p> <http://example/o>; <http://example/p2>, <http://example/o2> .'"
36371940,Wimmics/corese,3b1236781828291397fc740bb2d20209c434dfb1,corese-core/src/test/resources/data/w3c-n-quads/nt-syntax-bad-uri-01.nq,extension:.nq,83,e6a67a09ed674ffa339ee2288c31cd8d8dcad4abb891a13dbf4955a5da88d101,fetched,parse_error,nquads,false,0,0,0,0,0,,"ParserError: Invalid line (Failed to eat <([^:]+:[^\s""<>]*)> at <http://example/ space> <http://example/p> <http://example/o> .):
'<http://example/ space> <http://example/p> <http://example/o> .'"
36371940,Wimmics/corese,3b1236781828291397fc740bb2d20209c434dfb1,corese-core/src/test/resources/data/w3c-n-quads/nt-syntax-bad-uri-02.nq,extension:.nq,89,57eaeb371324c26dbdefeaabdf4ac6f20fe1ad8f9ff95bb617f161204e55f8d1,fetched,parsed,nquads,false,0,0,0,0,0,,
36371940,Wimmics/corese,3b1236781828291397fc740bb2d20209c434dfb1,corese-core/src/test/resources/data/w3c-n-quads/nt-syntax-bad-uri-03.nq,extension:.nq,91,936cf613638ceef845705c51f4f71fdfb908cec6382501e999b288eb8774d045,fetched,parsed,nquads,false,0,0,0,0,0,,
36371940,Wimmics/corese,3b1236781828291397fc740bb2d20209c434dfb1,corese-core/src/test/resources/data/w3c-n-quads/nt-syntax-bad-uri-04.nq,extension:.nq,103,a3ef78da3088c0ca06b0be12db92dccbbd4ce2b2a6b3beba09a35e9b22865c3d,fetched,parsed,nquads,false,0,0,0,0,0,,
36371940,Wimmics/corese,3b1236781828291397fc740bb2d20209c434dfb1,corese-core/src/test/resources/data/w3c-n-quads/nt-syntax-bad-uri-05.nq,extension:.nq,103,4cb3f73ca5ee66549e6b8db3efedc5c6ac802aab42c7b184d107f5fdfd849996,fetched,parsed,nquads,false,0,0,0,0,0,,
36371940,Wimmics/corese,3b1236781828291397fc740bb2d20209c434dfb1,corese-core/src/test/resources/data/w3c-n-quads/nt-syntax-bad-uri-06.nq,extension:.nq,76,c99048f215a1c69e6dd23e3e11cb0ee091ec77f938624328c9839032dbc644bf,fetched,parse_error,nquads,false,0,0,0,0,0,,"ParserError: Invalid line (Unrecognised object type):
'<s> <http://example/p> <http://example/o> .'"
36371940,Wimmics/corese,3b1236781828291397fc740bb2d20209c434dfb1,corese-core/src/test/resources/data/w3c-n-quads/nt-syntax-bad-uri-07.nq,extension:.nq,76,4f0cd2e08636ceb4a8f3b5d8066f06dfe58bdadd8965a0cadd9089f5e46379a7,fetched,parse_error,nquads,false,0,0,0,0,0,,"ParserError: Invalid line (Unrecognised object type):
'<http://example/s> <p> <http://example/o> .'"
36371940,Wimmics/corese,3b1236781828291397fc740bb2d20209c434dfb1,corese-core/src/test/resources/data/w3c-n-quads/nt-syntax-bad-uri-08.nq,extension:.nq,76,759697531de51e14fb83d8e77977b8fa9918d97cd89dc3d389fe60c62f813ff0,fetched,parse_error,nquads,false,0,0,0,0,0,,"ParserError: Invalid line (Failed to eat <([^:]+:[^\s""<>]*)> at <o> .):
'<http://example/s> <http://example/p> <o> .'"
36371940,Wimmics/corese,3b1236781828291397fc740bb2d20209c434dfb1,corese-core/src/test/resources/data/w3c-n-quads/nt-syntax-bad-uri-09.nq,extension:.nq,84,4a9648c8e01349672bc5d7372d5dbb5f1f6d444453a26e5c54da9c16e4720176,fetched,parse_error,nquads,false,0,0,0,0,0,,"ParserError: Invalid line (Failed to eat [ \t]*\.[ \t]*(#.*)? at ^^<dt> .):
'<http://example/s> <http://example/p> ""foo""^^<dt> .'"
36371940,Wimmics/corese,3b1236781828291397fc740bb2d20209c434dfb1,corese-core/src/test/resources/data/w3c-n-quads/nt-syntax-bnode-01.nq,extension:.nq,45,6ae9c8aca23725fd44f4c1dad80c16038ef4a88e691bd52ac56eee10712003b5,fetched,parsed,nquads,false,0,0,0,0,0,,
36371940,Wimmics/corese,3b1236781828291397fc740bb2d20209c434dfb1,corese-core/src/test/resources/data/w3c-n-quads/nt-syntax-bnode-02.nq,extension:.nq,89,b12f31f7c240cbce86c65c5789057f07a1ae298b5801d3b7159860edf1673091,fetched,parsed,nquads,false,0,0,0,0,0,,
36371940,Wimmics/corese,3b1236781828291397fc740bb2d20209c434dfb1,corese-core/src/test/resources/data/w3c-n-quads/nt-syntax-bnode-03.nq,extension:.nq,91,459e4e4093251dbf35541a1a75d5deefc8bc7b7cf589c7a237feaffa0ba3c625,fetched,parsed,nquads,false,0,0,0,0,0,,
36371940,Wimmics/corese,3b1236781828291397fc740bb2d20209c434dfb1,corese-core/src/test/resources/data/w3c-n-quads/nt-syntax-datatypes-01.nq,extension:.nq,87,7b71480482e83de66f00e7a48966a46c72b2e5a88e44721865d733e31442d92d,fetched,parsed,nquads,false,0,0,0,0,0,,
36371940,Wimmics/corese,3b1236781828291397fc740bb2d20209c434dfb1,corese-core/src/test/resources/data/w3c-n-quads/nt-syntax-datatypes-02.nq,extension:.nq,89,ef9ca2076776ac02d59e73530bd9de479b069dcce786c5bd5e91c97d3481aef6,fetched,parsed,nquads,false,0,0,0,0,0,,
36371940,Wimmics/corese,3b1236781828291397fc740bb2d20209c434dfb1,corese-core/src/test/resources/data/w3c-n-quads/nt-syntax-file-01.nq,extension:.nq,0,e3b0c44298fc1c149afbf4c8996fb92427ae41e4649b934ca495991b7852b855,fetched,parsed,nquads,false,0,0,0,0,0,,
36371940,Wimmics/corese,3b1236781828291397fc740bb2d20209c434dfb1,corese-core/src/test/resources/data/w3c-n-quads/nt-syntax-file-02.nq,extension:.nq,13,f279d5912907607fcbe2e9ad395ef3d5a3a64e6f40827fa2278362e6f2cf041a,fetched,parsed,nquads,false,0,0,0,0,0,,
36371940,Wimmics/corese,3b1236781828291397fc740bb2d20209c434dfb1,corese-core/src/test/resources/data/w3c-n-quads/nt-syntax-file-03.nq,extension:.nq,31,9ce8a08abdf58cbc6330e7a2148eb6700c1423d559f2b336f662f299df4bb11a,fetched,parsed,nquads,false,0,0,0,0,0,,
36371940,Wimmics/corese,3b1236781828291397fc740bb2d20209c434dfb1,corese-core/src/test/resources/data/w3c-n-quads/nt-syntax-str-esc-01.nq,extension:.nq,46,b7e23350253cb8c14357fee2c9c133b7d9d9ba00daa3c7434379e9c269bc3e93,fetched,parsed,nquads,false,0,0,0,0,0,,
36371940,Wimmics/corese,3b1236781828291397fc740bb2d20209c434dfb1,corese-core/src/test/resources/data/w3c-n-quads/nt-syntax-str-esc-02.nq,extension:.nq,51,8422a3250f3c713858aeefda114c81fd3c5d81404cdededf15b30d613722639f,fetched,parsed,nquads,false,0,0,0,0,0,,
36371940,Wimmics/corese,3b1236781828291397fc740bb2d20209c434dfb1,corese-core/src/test/resources/data/w3c-n-quads/nt-syntax-str-esc-03.nq,extension:.nq,55,a23a4c7bd491e3197361ba56491a3c6fb28a033b9db423658c2fa4118d98c7e0,fetched,parsed,nquads,false,0,0,0,0,0,,
36371940,Wimmics/corese,3b1236781828291397fc740bb2d20209c434dfb1,corese-core/src/test/resources/data/w3c-n-quads/nt-syntax-string-01.nq,extension:.nq,49,3f84b49cf8f2bc778ad5d001ac13c9eca391491337ce64d3ab3be2747943d77d,fetched,parsed,nquads,false,0,0,0,0,0,,
36371940,Wimmics/corese,3b1236781828291397fc740bb2d20209c434dfb1,corese-core/src/test/resources/data/w3c-n-quads/nt-syntax-string-02.nq,extension:.nq,52,0c71fa424a1c09b74a933821d769f10ec7fa32296fab982f757af64f1edcffd9,fetched,parsed,nquads,false,0,0,0,0,0,,
36371940,Wimmics/corese,3b1236781828291397fc740bb2d20209c434dfb1,corese-core/src/test/resources/data/w3c-n-quads/nt-syntax-string-03.nq,extension:.nq,55,307aa8bba34e8e609ce8d7e4046a0d40412de52b5c89e10f814b3d2e1591bf86,fetched,parsed,nquads,false,0,0,0,0,0,,
36371940,Wimmics/corese,3b1236781828291397fc740bb2d20209c434dfb1,corese-core/src/test/resources/data/w3c-n-quads/nt-syntax-subm-01.nq,extension:.nq,4080,f321c10afb7517718d9d14d6ffa9e4a979b64adf0100fcc23c84e4b2d346f628,fetched,parsed,nquads,false,0,0,0,0,0,,
36371940,Wimmics/corese,3b1236781828291397fc740bb2d20209c434dfb1,corese-core/src/test/resources/data/w3c-n-quads/nt-syntax-uri-01.nq,extension:.nq,59,f033b5c657944fc3d258e3698a2ba6c7d149b4213449b2bdf6977ce584e81775,fetched,parsed,nquads,false,0,0,0,0,0,,
36371940,Wimmics/corese,3b1236781828291397fc740bb2d20209c434dfb1,corese-core/src/test/resources/data/w3c-n-quads/nt-syntax-uri-02.nq,extension:.nq,83,5912faf98ce2bc3573d6909c02157d66fc64312347f23aee258a3330947b4ca5,fetched,parsed,nquads,false,0,0,0,0,0,,
36371940,Wimmics/corese,3b1236781828291397fc740bb2d20209c434dfb1,corese-core/src/test/resources/data/w3c-n-quads/nt-syntax-uri-03.nq,extension:.nq,87,0eaacf685b826c90c42f90543ca05367d5a44feeb77254c033083b04c1538d96,fetched,parsed,nquads,false,0,0,0,0,0,,
36371940,Wimmics/corese,3b1236781828291397fc740bb2d20209c434dfb1,corese-core/src/test/resources/data/w3c-n-quads/nt-syntax-uri-04.nq,extension:.nq,162,133d87d6aa258252570ffb1bc8cbff9d12ae9d8616f2aba90c584e198203f19b,fetched,parsed,nquads,false,0,0,0,0,0,,
36371940,Wimmics/corese,3b1236781828291397fc740bb2d20209c434dfb1,corese-gui/src/main/resources/data/method.ttl,extension:.ttl,867,94fe7b09e5a6b160e64cfdeffc551b9737dba5c3445a96cea7ffe1f739e1bd21,fetched,parse_error,turtle,false,0,0,0,0,0,,"BadSyntax: at line 3 of <>:
Bad syntax (expected '.' or '}' or ']' at end of statement) at ^ in:
""b'@prefix m: <http://ns.inria.fr/sparql-extension/method#>\n\n'^b'us:Circle    rdfs:subClassOf us:Figure \nus:Rectangle rdfs:su'..."""
36371940,Wimmics/corese,3b1236781828291397fc740bb2d20209c434dfb1,corese-server/build-docker/corese/corese-default-profile.ttl,extension:.ttl,369,c98932fb599cf8038be387755ea79ad20a7049472c7d0cf24807a1757a8b99e1,fetched,parse_error,turtle,false,0,0,0,0,0,,"BadSyntax: at line 2 of <>:
Bad syntax (Prefix ""st:"" not bound) at ^ in:
""b'# Content available in the default dataset at /sparql\n'^b'st:user a st:Server;\n    st:content st:loadcontent .\n\n# List'..."""
36371940,Wimmics/corese,3b1236781828291397fc740bb2d20209c434dfb1,corese-server/src/main/resources/dbpedia_3.6.owl,extension:.owl,528287,f6e8a8d154b9ce13580f8f04bb21f39cdcdc16e841967ee065a67f66b9350153,fetched,parsed,xml,false,0,0,0,0,0,,
36371940,Wimmics/corese,3b1236781828291397fc740bb2d20209c434dfb1,corese-server/src/main/resources/human_2007_09_11.rdf,extension:.rdf,3424,54b003baff86eac711e91d6354c29793cb0879da44576e36de524eb6670f8968,fetched,parsed,xml,false,0,0,0,0,0,,
36371940,Wimmics/corese,3b1236781828291397fc740bb2d20209c434dfb1,corese-server/src/main/resources/kgram-foaf-t.owl,extension:.owl,47297,4ec1048f859d3456df0fc1f83189fc3f71be62dac687f4ffff91584615af3e86,fetched,parsed,xml,false,0,0,0,0,0,,
36371940,Wimmics/corese,3b1236781828291397fc740bb2d20209c434dfb1,corese-server/src/main/resources/kgram-persons.rdf,extension:.rdf,674,e647f6a08044945077a80bad456aa98f147cda9318398fc68ff5f9b2608eb0e9,fetched,parsed,xml,false,0,0,0,0,0,,
36371940,Wimmics/corese,3b1236781828291397fc740bb2d20209c434dfb1,corese-server/src/main/resources/ng-persons-1.ttl,extension:.ttl,520,8df34316d780b2a4f8859eb52e753edf6b927df92bcf9e42ed40378f832442ba,fetched,parse_error,turtle,false,0,0,0,0,0,,"BadSyntax: at line 10 of <>:
Bad syntax (expected directive or statement) at ^ in:
""...b'sher ""Bob"" . \n<http://graph/alice> dc:publisher ""Alice"" .\n\n\n'^b'GRAPH <http://graph/bob> { \n       <http://bob> foaf:name ""B'..."""
36371940,Wimmics/corese,3b1236781828291397fc740bb2d20209c434dfb1,corese-server/src/main/resources/ng-persons-2.ttl,extension:.ttl,298,34618d680273d412f7a0a187233c22585fd3f3edc32222a524ed0045479c40b5,fetched,parse_error,turtle,false,0,0,0,0,0,,"BadSyntax: at line 5 of <>:
Bad syntax (expected directive or statement) at ^ in:
""...b'ments/1.1/> .\n@prefix foaf: <http://xmlns.com/foaf/0.1/> .\n\n'^b'GRAPH <http://graph/bob> { \n       <http://bob> foaf:nick ""B'..."""
36371940,Wimmics/corese,3b1236781828291397fc740bb2d20209c434dfb1,corese-server/src/main/resources/webapp/data/cdn/aa_siecle.ttl,extension:.ttl,3313,00b66530451815307528834c4b1136ee79db27a0a1828b174e9c867e765e2007,fetched,parse_error,turtle,false,0,0,0,0,0,,"BadSyntax: at line 2 of <>:
Bad syntax (expected '.' or '}' or ']' at end of statement) at ^ in:
""b'@prefix cn: <http://cdn.fr/schema/>\n'^b'@prefix w:  <http://fr.wikipedia.org/wiki/>\n@prefix r:  <htt'..."""
36371940,Wimmics/corese,3b1236781828291397fc740bb2d20209c434dfb1,corese-server/src/main/resources/webapp/data/cdn/an1000.ttl,extension:.ttl,378,da4ada23bfdab969e9c96465f8a1f186b4fa5ce51761e08c1b96fdf95edc754b,fetched,parse_error,turtle,false,0,0,0,0,0,,"BadSyntax: at line 2 of <>:
Bad syntax (expected '.' or '}' or ']' at end of statement) at ^ in:
""b'@prefix cn: <http://cdn.fr/schema/>\n'^b'@prefix w:  <http://fr.wikipedia.org/wiki/>\n@prefix r:  <htt'..."""
36371940,Wimmics/corese,3b1236781828291397fc740bb2d20209c434dfb1,corese-server/src/main/resources/webapp/data/cdn/an1100.ttl,extension:.ttl,191,253b6cb5924c5ec24858537a970aa72a8df916f3bd7030339e6d2566ff4fda6e,fetched,parse_error,turtle,false,0,0,0,0,0,,"BadSyntax: at line 2 of <>:
Bad syntax (expected '.' or '}' or ']' at end of statement) at ^ in:
""b'@prefix cn: <http://cdn.fr/schema/>\n'^b'@prefix w:  <http://fr.wikipedia.org/wiki/>\n@prefix r:  <htt'..."""
36371940,Wimmics/corese,3b1236781828291397fc740bb2d20209c434dfb1,corese-server/src/main/resources/webapp/data/cdn/an1200.ttl,extension:.ttl,331,65fe5bcc1537b231054e88da3456c790993cb40ffc6b2039e1906480e95baba1,fetched,parse_error,turtle,false,0,0,0,0,0,,"BadSyntax: at line 2 of <>:
Bad syntax (expected '.' or '}' or ']' at end of statement) at ^ in:
""b'@prefix cn: <http://cdn.fr/schema/>\n'^b'@prefix w:  <http://fr.wikipedia.org/wiki/>\n@prefix r:  <htt'..."""
36371940,Wimmics/corese,3b1236781828291397fc740bb2d20209c434dfb1,corese-server/src/main/resources/webapp/data/cdn/an1300.ttl,extension:.ttl,638,1ff02b6368d54d69fe2d4fab0fce65f25c7f897c20115169d5c74d2a73c999eb,fetched,parse_error,turtle,false,0,0,0,0,0,,"BadSyntax: at line 2 of <>:
Bad syntax (expected '.' or '}' or ']' at end of statement) at ^ in:
""b'@prefix cn: <http://cdn.fr/schema/>\n'^b'@prefix w:  <http://fr.wikipedia.org/wiki/>\n@prefix r:  <htt'..."""
36371940,Wimmics/corese,3b1236781828291397fc740bb2d20209c434dfb1,corese-server/src/main/resources/webapp/data/cdn/an1400.ttl,extension:.ttl,1152,8fe6dd7e8e91f2d1ee16aefe1720dda861886b1c23651da297b8aff99bc09343,fetched,parse_error,turtle,false,0,0,0,0,0,,"BadSyntax: at line 2 of <>:
Bad syntax (expected '.' or '}' or ']' at end of statement) at ^ in:
""b'@prefix cn: <http://cdn.fr/schema/>\n'^b'@prefix w:  <http://fr.wikipedia.org/wiki/>\n@prefix r:  <htt'..."""
36371940,Wimmics/corese,3b1236781828291397fc740bb2d20209c434dfb1,corese-server/src/main/resources/webapp/data/cdn/an1500.ttl,extension:.ttl,3058,579deb0328cc18b87a1689f494d924d8af4b1b0582217671928c02ec4349013e,fetched,parse_error,turtle,false,0,0,0,0,0,,"BadSyntax: at line 2 of <>:
Bad syntax (expected '.' or '}' or ']' at end of statement) at ^ in:
""b'@prefix cn: <http://cdn.fr/schema/>\n'^b'@prefix w:  <http://fr.wikipedia.org/wiki/>\n@prefix r:  <htt'..."""
36371940,Wimmics/corese,3b1236781828291397fc740bb2d20209c434dfb1,corese-server/src/main/resources/webapp/data/cdn/an1600.ttl,extension:.ttl,2281,798db44a2459e4176ff679d6827eab63d08316ab84f90827e8feaced99ca8355,fetched,parse_error,turtle,false,0,0,0,0,0,,"BadSyntax: at line 2 of <>:
Bad syntax (expected '.' or '}' or ']' at end of statement) at ^ in:
""b'@prefix cn: <http://cdn.fr/schema/>\n'^b'@prefix w:  <http://fr.wikipedia.org/wiki/>\n@prefix r:  <htt'..."""
36371940,Wimmics/corese,3b1236781828291397fc740bb2d20209c434dfb1,corese-server/src/main/resources/webapp/data/cdn/an1700.ttl,extension:.ttl,1509,4ee83eb5c46ecd73309df3eb82ca30f95066147a19bcd279bd174f644a0718ef,fetched,parse_error,turtle,false,0,0,0,0,0,,"BadSyntax: at line 2 of <>:
Bad syntax (expected '.' or '}' or ']' at end of statement) at ^ in:
""b'@prefix cn: <http://cdn.fr/schema/>\n'^b'@prefix w:  <http://fr.wikipedia.org/wiki/>\n@prefix r:  <htt'..."""
36371940,Wimmics/corese,3b1236781828291397fc740bb2d20209c434dfb1,corese-server/src/main/resources/webapp/data/cdn/an1800.ttl,extension:.ttl,1230,a1b977af802133dcfbe3e26135c44d186c3b67a37f78588acfb44a96ccae1dd5,fetched,parse_error,turtle,false,0,0,0,0,0,,"BadSyntax: at line 2 of <>:
Bad syntax (expected '.' or '}' or ']' at end of statement) at ^ in:
""b'@prefix cn: <http://cdn.fr/schema/>\n'^b'@prefix w:  <http://fr.wikipedia.org/wiki/>\n@prefix r:  <htt'..."""
36371940,Wimmics/corese,3b1236781828291397fc740bb2d20209c434dfb1,corese-server/src/main/resources/webapp/data/cdn/an1900.ttl,extension:.ttl,801,4d72a41cdddb62c90abbabbb39fd2cf231ac0f1f8314ecc5700d08bdc84d7f2c,fetched,parse_error,turtle,false,0,0,0,0,0,,"BadSyntax: at line 2 of <>:
Bad syntax (expected '.' or '}' or ']' at end of statement) at ^ in:
""b'@prefix cn: <http://cdn.fr/schema/>\n'^b'@prefix w:  <http://fr.wikipedia.org/wiki/>\n@prefix r:  <htt'..."""
36371940,Wimmics/corese,3b1236781828291397fc740bb2d20209c434dfb1,corese-server/src/main/resources/webapp/data/cdn/context.ttl,extension:.ttl,14796,37eab6955a88e5b6b03ebf2bd2b0e1e34567fb9dd012fe6806eb6dd6933db11f,fetched,parse_error,turtle,false,0,0,0,0,0,,"BadSyntax: at line 2 of <>:
Bad syntax (expected '.' or '}' or ']' at end of statement) at ^ in:
""b'@prefix cn: <http://cdn.fr/schema/>\n'^b'@prefix w:  <http://fr.wikipedia.org/wiki/>\n@prefix r:  <htt'..."""
36371940,Wimmics/corese,3b1236781828291397fc740bb2d20209c434dfb1,corese-server/src/main/resources/webapp/data/cdn/dbpedia1.ttl,extension:.ttl,2450,f3786c9806701b38a0556493cbe6933a1366c7bc0d9cef320e514aafa4a4575c,fetched,parse_error,turtle,false,0,0,0,0,0,,"BadSyntax: at line 2 of <>:
Bad syntax (expected '.' or '}' or ']' at end of statement) at ^ in:
""b'@prefix w: <http://fr.wikipedia.org/wiki/>\n'^b'@prefix r: <http://fr.dbpedia.org/resource/>\n@prefix p: <htt'..."""
36371940,Wimmics/corese,3b1236781828291397fc740bb2d20209c434dfb1,corese-server/src/main/resources/webapp/data/cdn/dbpedia2.ttl,extension:.ttl,2237,04c6a7cc80e3ec821e446cb9a84211ae05d2db0121e3ec11b0e61eca3c5ea484,fetched,parse_error,turtle,false,0,0,0,0,0,,"BadSyntax: at line 2 of <>:
Bad syntax (expected '.' or '}' or ']' at end of statement) at ^ in:
""b'@prefix w: <http://fr.wikipedia.org/wiki/>\n'^b'@prefix r: <http://fr.dbpedia.org/resource/>\n@prefix p: <htt'..."""
36371940,Wimmics/corese,3b1236781828291397fc740bb2d20209c434dfb1,corese-server/src/main/resources/webapp/data/cdn/eds.ttl,extension:.ttl,8071,925847ddbee61bb55abadadbe252fe0d0e0f51cd34b8a2f07e274a0b7c47e712,fetched,parse_error,turtle,false,0,0,0,0,0,,"BadSyntax: at line 2 of <>:
Bad syntax (expected '.' or '}' or ']' at end of statement) at ^ in:
""b'@prefix cn:   <http://cdn.fr/schema/>\n'^b'@prefix foaf: <http://xmlns.com/foaf/0.1/>\n@prefix p:  <http'..."""
36371940,Wimmics/corese,3b1236781828291397fc740bb2d20209c434dfb1,corese-server/src/main/resources/webapp/data/cdn/emp.ttl,extension:.ttl,1411,c6c54c7fac9889da282d496995839ad8c904436e0832a4ac096a32561537b9f8,fetched,parse_error,turtle,false,0,0,0,0,0,,"BadSyntax: at line 2 of <>:
Bad syntax (expected '.' or '}' or ']' at end of statement) at ^ in:
""b'@prefix cn: <http://cdn.fr/schema/>\n'^b'@prefix w:  <http://fr.wikipedia.org/wiki/>\n@prefix r:  <htt'..."""
36371940,Wimmics/corese,3b1236781828291397fc740bb2d20209c434dfb1,corese-server/src/main/resources/webapp/data/cdn/fr.ttl,extension:.ttl,6346,e6fb8cd4dd381b10b36588b4d2a02213538b901d24229ac2eb8da0815e04df7e,fetched,parse_error,turtle,false,0,0,0,0,0,,"BadSyntax: at line 2 of <>:
Bad syntax (expected '.' or '}' or ']' at end of statement) at ^ in:
""b'@prefix cn: <http://cdn.fr/schema/>\n'^b'@prefix w:  <http://fr.wikipedia.org/wiki/>\n@prefix r:  <htt'..."""
36371940,Wimmics/corese,3b1236781828291397fc740bb2d20209c434dfb1,corese-server/src/main/resources/webapp/data/cdn/franc.ttl,extension:.ttl,3309,f7b4fc9802a42703075ba26da9dfdf0bf814b5c62998517d2353cb5b43d1146a,fetched,parse_error,turtle,false,0,0,0,0,0,,"BadSyntax: at line 2 of <>:
Bad syntax (expected '.' or '}' or ']' at end of statement) at ^ in:
""b'@prefix cn: <http://cdn.fr/schema/>\n'^b'@prefix r:  <http://fr.dbpedia.org/resource/>\n@prefix foaf: '..."""
36371940,Wimmics/corese,3b1236781828291397fc740bb2d20209c434dfb1,corese-server/src/main/resources/webapp/data/cdn/icon.rdf,extension:.rdf,11256,bf50120d4d47fd2931032186b542ae742a52c8798b73fa3d86703efabb176490,fetched,parsed,xml,false,0,0,0,0,0,,
36371940,Wimmics/corese,3b1236781828291397fc740bb2d20209c434dfb1,corese-server/src/main/resources/webapp/data/cdn/icon.ttl,extension:.ttl,23455,810888d3e1a2ea1037ce8efa555cfbfca976b47a109eda197bfb18f56c4d87d6,fetched,parse_error,turtle,false,0,0,0,0,0,,"BadSyntax: at line 2 of <>:
Bad syntax (expected '.' or '}' or ']' at end of statement) at ^ in:
""b'@prefix o: <http://dbpedia.org/ontology/>\n'^b'@prefix r: <http://fr.dbpedia.org/resource/>\n@prefix cn: <ht'..."""
36371940,Wimmics/corese,3b1236781828291397fc740bb2d20209c434dfb1,corese-server/src/main/resources/webapp/data/cdn/pos.ttl,extension:.ttl,3779,cb43359a1e28d2ada2d86dd5200efce46102794634e287de4e8795ace8d2b09f,fetched,parse_error,turtle,false,0,0,0,0,0,,"BadSyntax: at line 2 of <>:
Bad syntax (expected '.' or '}' or ']' at end of statement) at ^ in:
""b'@prefix p: <http://fr.dbpedia.org/property/>\n'^b'@prefix r:  <http://fr.dbpedia.org/resource/>\n@prefix o:  <h'..."""
36371940,Wimmics/corese,3b1236781828291397fc740bb2d20209c434dfb1,corese-server/src/main/resources/webapp/data/cdn/provence.ttl,extension:.ttl,8743,4f6c5c929a1e09a1f2fb4006c3d5fa9d4fb7e73bd9367c0ef1bc7c21b2b5323e,fetched,parse_error,turtle,false,0,0,0,0,0,,"BadSyntax: at line 2 of <>:
Bad syntax (expected '.' or '}' or ']' at end of statement) at ^ in:
""b'@prefix cn: <http://cdn.fr/schema/>\n'^b'@prefix w:  <http://fr.wikipedia.org/wiki/>\n@prefix r:  <htt'..."""
36371940,Wimmics/corese,3b1236781828291397fc740bb2d20209c434dfb1,corese-server/src/main/resources/webapp/data/cdn/spqr.ttl,extension:.ttl,102993,1e8479a668484889a70cd11a15689f49129b3a4be8b05e18306edfef15ebcbb6,fetched,parse_error,turtle,false,0,0,0,0,0,,"BadSyntax: at line 2 of <>:
Bad syntax (expected '.' or '}' or ']' at end of statement) at ^ in:
""b'@prefix cn: <http://cdn.fr/schema/>\n'^b'@prefix r:  <http://fr.dbpedia.org/resource/>\n@prefix o:  <h'..."""
36371940,Wimmics/corese,3b1236781828291397fc740bb2d20209c434dfb1,corese-server/src/main/resources/webapp/data/dbpedia/dbpedia.ttl,extension:.ttl,15843,af521a3f1097ee617e0790f72a23149ff7f70cfd28844fb72eb3e9cbd3cea5ce,fetched,parse_error,turtle,false,0,0,0,0,0,,"BadSyntax: at line 2 of <>:
Bad syntax (expected '.' or '}' or ']' at end of statement) at ^ in:
""b'@prefix p: <http://fr.dbpedia.org/property/>\n'^b'@prefix o: <http://dbpedia.org/ontology/>\n@prefix w: <http:/'..."""
36371940,Wimmics/corese,3b1236781828291397fc740bb2d20209c434dfb1,corese-server/src/main/resources/webapp/data/dbpedia/inria.ttl,extension:.ttl,19403,3162c0a9379ce1f482d89850e4ec9891b3a9c17afeb0d2c6778967d1b93324fd,fetched,parse_error,turtle,false,0,0,0,0,0,,"BadSyntax: at line 2 of <>:
Bad syntax (expected '.' or '}' or ']' at end of statement) at ^ in:
""b'@prefix rdfs: <http://www.w3.org/2000/01/rdf-schema#>\n'^b'@prefix o: <http://dbpedia.org/ontology/>\n@prefix dbo: <http'..."""
36371940,Wimmics/corese,3b1236781828291397fc740bb2d20209c434dfb1,corese-server/src/main/resources/webapp/data/dbpedia/other.ttl,extension:.ttl,2566,ff24431223736738bf05098c2f5b517a3e0c20bb8aa888bde4b1ea5af3f3a794,fetched,parse_error,turtle,false,0,0,0,0,0,,"BadSyntax: at line 1 of <>:
Bad syntax (Prefix ""foaf:"" not bound) at ^ in:
""b'<http://fr.dbpedia.org/resource/Ceuta> a '^b'foaf:Person ;\n  <http://dbpedia.org/ontology/dbpedia> <http:'..."""
36371940,Wimmics/corese,3b1236781828291397fc740bb2d20209c434dfb1,corese-server/src/main/resources/webapp/data/dbpedia/rome.ttl,extension:.ttl,91612,4210cac3265924b81edc9179c4448b213a9ecae65862e1850b382359954c2af9,fetched,parse_error,turtle,false,0,0,0,0,0,,"BadSyntax: at line 2 of <>:
Bad syntax (expected '.' or '}' or ']' at end of statement) at ^ in:
""b'@prefix w: <http://fr.wikipedia.org/wiki/>\n'^b'@prefix r: <http://fr.dbpedia.org/resource/>\n@prefix p: <htt'..."""
36371940,Wimmics/corese,3b1236781828291397fc740bb2d20209c434dfb1,corese-server/src/main/resources/webapp/data/demo/ai4eu/ai4eu.ttl,extension:.ttl,17548,2baabb110e2dcc0f61963c8353e4c5be2aedfb0f137aa5cb05b7aa10a3c52b7f,fetched,parsed,turtle,false,0,0,0,0,0,,
36371940,Wimmics/corese,3b1236781828291397fc740bb2d20209c434dfb1,corese-server/src/main/resources/webapp/data/demo/ai4eu/data/ai4eu-categories.ttl,extension:.ttl,10437,43c24c726fd88156731460686613e29ad814bfd85172f7360e265b2166ab5bdc,fetched,parsed,turtle,false,0,0,0,0,0,,
36371940,Wimmics/corese,3b1236781828291397fc740bb2d20209c434dfb1,corese-server/src/main/resources/webapp/data/demo/ai4eu/data/copernicus-sentinel.ttl,extension:.ttl,4875,ce4705e8fb640142e4c6d92adb9dc825bd08d856d69e4733881284a141fbdbec,fetched,parsed,turtle,false,0,0,0,0,0,,
36371940,Wimmics/corese,3b1236781828291397fc740bb2d20209c434dfb1,corese-server/src/main/resources/webapp/data/demo/ai4eu/data/ellogon.ttl,extension:.ttl,3207,0e561459f9b86ebddf9acb5a19ef9e7c5d7a7ae9fd649b94d5a0cfdfbbefecb6,fetched,parsed,turtle,false,0,0,0,0,0,,
36371940,Wimmics/corese,3b1236781828291397fc740bb2d20209c434dfb1,corese-server/src/main/resources/webapp/data/demo/ai4eu/data/kg.ttl,extension:.ttl,3103293,7b5de2a8fe7edd86a7d9e3096fb630e2a3de227022bbd30f5d013ebf54640303,fetched,parse_error,turtle,false,0,0,0,0,0,,"BadSyntax: at line 3 of <>:
Bad syntax (Prefix ""rdfs:"" not bound) at ^ in:
""...b'/ai4eu.org/ns/person> .\n<http://ai4eu.org/ns/eamonn_begley> '^b'rdfs:label ""eamonn begley"" .\n<http://ai4eu.org/ns/person> rd'..."""
36371940,Wimmics/corese,3b1236781828291397fc740bb2d20209c434dfb1,corese-server/src/main/resources/webapp/data/demo/ai4eu/data/mc-giver.ttl,extension:.ttl,1379,1ebc42687ab883853099db28287a720abe3d40582e298e08c3130bbda0860dc5,fetched,parsed,turtle,false,0,0,0,0,0,,
36371940,Wimmics/corese,3b1236781828291397fc740bb2d20209c434dfb1,corese-server/src/main/resources/webapp/data/demo/ai4eu/data/unbbayes.ttl,extension:.ttl,5702,1207144c5471a52509320003468cd3e6e7a39e933e67825cceb12d8e3b9f1bdc,fetched,parsed,turtle,false,0,0,0,0,0,,
36371940,Wimmics/corese,3b1236781828291397fc740bb2d20209c434dfb1,corese-server/src/main/resources/webapp/data/demo/ai4eu/data/wildatpytorch.ttl,extension:.ttl,2161,6fc6e264e9db13147605117e2af5b304b01d5826fd0e8c33579e243715977a08,fetched,parsed,turtle,false,0,0,0,0,0,,
36371940,Wimmics/corese,3b1236781828291397fc740bb2d20209c434dfb1,corese-server/src/main/resources/webapp/data/demo/ai4eu/shape/data.ttl,extension:.ttl,1887,630c458bf44dd2f4c42c7330f6dd562805fdeec255169dc425a327ea2fc3d1fb,fetched,parse_error,turtle,true,0,0,0,0,0,,"BadSyntax: at line 5 of <>:
Bad syntax (expected '.' or '}' or ']' at end of statement) at ^ in:
""...b'.1/> .\n@prefix ai:   <http://www.ai4eu.eu/ontologies/core#>\n'^b'@prefix aid:  <http://www.ai4eu.eu/ontologies/data#> \n@prefi'..."""
36371940,Wimmics/corese,3b1236781828291397fc740bb2d20209c434dfb1,corese-server/src/main/resources/webapp/data/demo/ai4eu/shape/ontology.ttl,extension:.ttl,835,171c3914ce7daed9a1e821cd00a14b10f40cf1c6e71da9a65a9ae02b6917bc26,fetched,parse_error,turtle,true,0,0,0,0,0,,"BadSyntax: at line 5 of <>:
Bad syntax (expected '.' or '}' or ']' at end of statement) at ^ in:
""...b'.1/> .\n@prefix ai:   <http://www.ai4eu.eu/ontologies/core#>\n'^b'@prefix dct:  <http://purl.org/dc/terms/> .\n@prefix cso:  <h'..."""
36371940,Wimmics/corese,3b1236781828291397fc740bb2d20209c434dfb1,corese-server/src/main/resources/webapp/data/demo/ai4eu/shape/shape.ttl,extension:.ttl,46,09531bd9ac11ad9f03a6569c0564212b64c3b6115e3b9f0f38c2990625bae1bb,fetched,parse_error,turtle,false,0,0,0,0,0,,"BadSyntax: at line 1 of <>:
Bad syntax (Prefix ""owl:"" not bound) at ^ in:
""b'[] '^b'owl:imports <ontology.ttl>, <data.ttl>\n.\n\n\n'"""
36371940,Wimmics/corese,3b1236781828291397fc740bb2d20209c434dfb1,corese-server/src/main/resources/webapp/data/demo/ai4eu/shape/test.ttl,extension:.ttl,638,f538f775874871ff9bc0f687359bf6fbe911b8ef3c031a173ee426e00b6dc7ae,fetched,parse_error,turtle,true,0,0,0,0,0,,"BadSyntax: at line 5 of <>:
Bad syntax (expected '.' or '}' or ']' at end of statement) at ^ in:
""...b'.1/> .\n@prefix ai:   <http://www.ai4eu.eu/ontologies/core#>\n'^b'@prefix dct:  <http://purl.org/dc/terms/> .\n@prefix cso:  <h'..."""
36371940,Wimmics/corese,3b1236781828291397fc740bb2d20209c434dfb1,corese-server/src/main/resources/webapp/data/demo/ai4eu/shape/uri.ttl,extension:.ttl,983,6a495b040993b75e10d4a97472102bc65acf651c5e998958c56808d2d7ca3e52,fetched,parse_error,turtle,true,0,0,0,0,0,,"BadSyntax: at line 5 of <>:
Bad syntax (expected '.' or '}' or ']' at end of statement) at ^ in:
""...b'.1/> .\n@prefix ai:   <http://www.ai4eu.eu/ontologies/core#>\n'^b'@prefix aid:  <http://www.ai4eu.eu/ontologies/data#> \n@prefi'..."""
36371940,Wimmics/corese,3b1236781828291397fc740bb2d20209c434dfb1,corese-server/src/main/resources/webapp/data/demo/ai4eu/workflow.ttl,extension:.ttl,11557,57b9d0e4fd062856182a396c8cbefdae3702b573ea740a1fde57bd72cdee051e,fetched,parse_error,turtle,false,0,0,0,0,0,,"BadSyntax: at line 11 of <>:
Bad syntax (expected '.' or '}' or ']' at end of statement) at ^ in:
""...b'3S - 2018\n#\n\n@prefix db:  <http://fr.dbpedia.org/resource/>\n'^b'@prefix dbo: <http://fr.dbpedia.org/ontology/>\n@prefix ai:  '..."""
36371940,Wimmics/corese,3b1236781828291397fc740bb2d20209c434dfb1,corese-server/src/main/resources/webapp/data/demo/ai4euprofile.ttl,extension:.ttl,4013,56557670866b5a5665cfa290ec548ae2e826250f14ef3366eb9afad3bd8b33ea,fetched,parse_error,turtle,false,0,0,0,0,0,,"BadSyntax: at line 2 of <>:
Bad syntax (expected '.' or '}' or ']' at end of statement) at ^ in:
""b'@prefix ai:     <http://www.ai4eu.eu/ontologies/core#>\n'^b'@prefix aid:    <http://www.ai4eu.eu/ontologies/data#>\n@pref'..."""
36371940,Wimmics/corese,3b1236781828291397fc740bb2d20209c434dfb1,corese-server/src/main/resources/webapp/data/demo/cdn/aa_siecle.ttl,extension:.ttl,3313,00b66530451815307528834c4b1136ee79db27a0a1828b174e9c867e765e2007,fetched,parse_error,turtle,false,0,0,0,0,0,,"BadSyntax: at line 2 of <>:
Bad syntax (expected '.' or '}' or ']' at end of statement) at ^ in:
""b'@prefix cn: <http://cdn.fr/schema/>\n'^b'@prefix w:  <http://fr.wikipedia.org/wiki/>\n@prefix r:  <htt'..."""
36371940,Wimmics/corese,3b1236781828291397fc740bb2d20209c434dfb1,corese-server/src/main/resources/webapp/data/demo/cdn/an1000.ttl,extension:.ttl,378,da4ada23bfdab969e9c96465f8a1f186b4fa5ce51761e08c1b96fdf95edc754b,fetched,parse_error,turtle,false,0,0,0,0,0,,"BadSyntax: at line 2 of <>:
Bad syntax (expected '.' or '}' or ']' at end of statement) at ^ in:
""b'@prefix cn: <http://cdn.fr/schema/>\n'^b'@prefix w:  <http://fr.wikipedia.org/wiki/>\n@prefix r:  <htt'..."""
36371940,Wimmics/corese,3b1236781828291397fc740bb2d20209c434dfb1,corese-server/src/main/resources/webapp/data/demo/cdn/an1100.ttl,extension:.ttl,191,253b6cb5924c5ec24858537a970aa72a8df916f3bd7030339e6d2566ff4fda6e,fetched,parse_error,turtle,false,0,0,0,0,0,,"BadSyntax: at line 2 of <>:
Bad syntax (expected '.' or '}' or ']' at end of statement) at ^ in:
""b'@prefix cn: <http://cdn.fr/schema/>\n'^b'@prefix w:  <http://fr.wikipedia.org/wiki/>\n@prefix r:  <htt'..."""
36371940,Wimmics/corese,3b1236781828291397fc740bb2d20209c434dfb1,corese-server/src/main/resources/webapp/data/demo/cdn/an1200.ttl,extension:.ttl,331,65fe5bcc1537b231054e88da3456c790993cb40ffc6b2039e1906480e95baba1,fetched,parse_error,turtle,false,0,0,0,0,0,,"BadSyntax: at line 2 of <>:
Bad syntax (expected '.' or '}' or ']' at end of statement) at ^ in:
""b'@prefix cn: <http://cdn.fr/schema/>\n'^b'@prefix w:  <http://fr.wikipedia.org/wiki/>\n@prefix r:  <htt'..."""
36371940,Wimmics/corese,3b1236781828291397fc740bb2d20209c434dfb1,corese-server/src/main/resources/webapp/data/demo/cdn/an1300.ttl,extension:.ttl,638,1ff02b6368d54d69fe2d4fab0fce65f25c7f897c20115169d5c74d2a73c999eb,fetched,parse_error,turtle,false,0,0,0,0,0,,"BadSyntax: at line 2 of <>:
Bad syntax (expected '.' or '}' or ']' at end of statement) at ^ in:
""b'@prefix cn: <http://cdn.fr/schema/>\n'^b'@prefix w:  <http://fr.wikipedia.org/wiki/>\n@prefix r:  <htt'..."""
36371940,Wimmics/corese,3b1236781828291397fc740bb2d20209c434dfb1,corese-server/src/main/resources/webapp/data/demo/cdn/an1400.ttl,extension:.ttl,1152,8fe6dd7e8e91f2d1ee16aefe1720dda861886b1c23651da297b8aff99bc09343,fetched,parse_error,turtle,false,0,0,0,0,0,,"BadSyntax: at line 2 of <>:
Bad syntax (expected '.' or '}' or ']' at end of statement) at ^ in:
""b'@prefix cn: <http://cdn.fr/schema/>\n'^b'@prefix w:  <http://fr.wikipedia.org/wiki/>\n@prefix r:  <htt'..."""
36371940,Wimmics/corese,3b1236781828291397fc740bb2d20209c434dfb1,corese-server/src/main/resources/webapp/data/demo/cdn/an1500.ttl,extension:.ttl,3058,579deb0328cc18b87a1689f494d924d8af4b1b0582217671928c02ec4349013e,fetched,parse_error,turtle,false,0,0,0,0,0,,"BadSyntax: at line 2 of <>:
Bad syntax (expected '.' or '}' or ']' at end of statement) at ^ in:
""b'@prefix cn: <http://cdn.fr/schema/>\n'^b'@prefix w:  <http://fr.wikipedia.org/wiki/>\n@prefix r:  <htt'..."""
36371940,Wimmics/corese,3b1236781828291397fc740bb2d20209c434dfb1,corese-server/src/main/resources/webapp/data/demo/cdn/an1600.ttl,extension:.ttl,2281,798db44a2459e4176ff679d6827eab63d08316ab84f90827e8feaced99ca8355,fetched,parse_error,turtle,false,0,0,0,0,0,,"BadSyntax: at line 2 of <>:
Bad syntax (expected '.' or '}' or ']' at end of statement) at ^ in:
""b'@prefix cn: <http://cdn.fr/schema/>\n'^b'@prefix w:  <http://fr.wikipedia.org/wiki/>\n@prefix r:  <htt'..."""
36371940,Wimmics/corese,3b1236781828291397fc740bb2d20209c434dfb1,corese-server/src/main/resources/webapp/data/demo/cdn/an1700.ttl,extension:.ttl,1509,4ee83eb5c46ecd73309df3eb82ca30f95066147a19bcd279bd174f644a0718ef,fetched,parse_error,turtle,false,0,0,0,0,0,,"BadSyntax: at line 2 of <>:
Bad syntax (expected '.' or '}' or ']' at end of statement) at ^ in:
""b'@prefix cn: <http://cdn.fr/schema/>\n'^b'@prefix w:  <http://fr.wikipedia.org/wiki/>\n@prefix r:  <htt'..."""
36371940,Wimmics/corese,3b1236781828291397fc740bb2d20209c434dfb1,corese-server/src/main/resources/webapp/data/demo/cdn/an1800.ttl,extension:.ttl,1230,a1b977af802133dcfbe3e26135c44d186c3b67a37f78588acfb44a96ccae1dd5,fetched,parse_error,turtle,false,0,0,0,0,0,,"BadSyntax: at line 2 of <>:
Bad syntax (expected '.' or '}' or ']' at end of statement) at ^ in:
""b'@prefix cn: <http://cdn.fr/schema/>\n'^b'@prefix w:  <http://fr.wikipedia.org/wiki/>\n@prefix r:  <htt'..."""
36371940,Wimmics/corese,3b1236781828291397fc740bb2d20209c434dfb1,corese-server/src/main/resources/webapp/data/demo/cdn/an1900.ttl,extension:.ttl,801,4d72a41cdddb62c90abbabbb39fd2cf231ac0f1f8314ecc5700d08bdc84d7f2c,fetched,parse_error,turtle,false,0,0,0,0,0,,"BadSyntax: at line 2 of <>:
Bad syntax (expected '.' or '}' or ']' at end of statement) at ^ in:
""b'@prefix cn: <http://cdn.fr/schema/>\n'^b'@prefix w:  <http://fr.wikipedia.org/wiki/>\n@prefix r:  <htt'..."""
36371940,Wimmics/corese,3b1236781828291397fc740bb2d20209c434dfb1,corese-server/src/main/resources/webapp/data/demo/cdn/context.ttl,extension:.ttl,14796,37eab6955a88e5b6b03ebf2bd2b0e1e34567fb9dd012fe6806eb6dd6933db11f,fetched,parse_error,turtle,false,0,0,0,0,0,,"BadSyntax: at line 2 of <>:
Bad syntax (expected '.' or '}' or ']' at end of statement) at ^ in:
""b'@prefix cn: <http://cdn.fr/schema/>\n'^b'@prefix w:  <http://fr.wikipedia.org/wiki/>\n@prefix r:  <htt'..."""
36371940,Wimmics/corese,3b1236781828291397fc740bb2d20209c434dfb1,corese-server/src/main/resources/webapp/data/demo/cdn/dbpedia1.ttl,extension:.ttl,2450,f3786c9806701b38a0556493cbe6933a1366c7bc0d9cef320e514aafa4a4575c,fetched,parse_error,turtle,false,0,0,0,0,0,,"BadSyntax: at line 2 of <>:
Bad syntax (expected '.' or '}' or ']' at end of statement) at ^ in:
""b'@prefix w: <http://fr.wikipedia.org/wiki/>\n'^b'@prefix r: <http://fr.dbpedia.org/resource/>\n@prefix p: <htt'..."""
36371940,Wimmics/corese,3b1236781828291397fc740bb2d20209c434dfb1,corese-server/src/main/resources/webapp/data/demo/cdn/dbpedia2.ttl,extension:.ttl,2237,04c6a7cc80e3ec821e446cb9a84211ae05d2db0121e3ec11b0e61eca3c5ea484,fetched,parse_error,turtle,false,0,0,0,0,0,,"BadSyntax: at line 2 of <>:
Bad syntax (expected '.' or '}' or ']' at end of statement) at ^ in:
""b'@prefix w: <http://fr.wikipedia.org/wiki/>\n'^b'@prefix r: <http://fr.dbpedia.org/resource/>\n@prefix p: <htt'..."""
36371940,Wimmics/corese,3b1236781828291397fc740bb2d20209c434dfb1,corese-server/src/main/resources/webapp/data/demo/cdn/eds.ttl,extension:.ttl,8071,925847ddbee61bb55abadadbe252fe0d0e0f51cd34b8a2f07e274a0b7c47e712,fetched,parse_error,turtle,false,0,0,0,0,0,,"BadSyntax: at line 2 of <>:
Bad syntax (expected '.' or '}' or ']' at end of statement) at ^ in:
""b'@prefix cn:   <http://cdn.fr/schema/>\n'^b'@prefix foaf: <http://xmlns.com/foaf/0.1/>\n@prefix p:  <http'..."""
36371940,Wimmics/corese,3b1236781828291397fc740bb2d20209c434dfb1,corese-server/src/main/resources/webapp/data/demo/cdn/emp.ttl,extension:.ttl,1411,c6c54c7fac9889da282d496995839ad8c904436e0832a4ac096a32561537b9f8,fetched,parse_error,turtle,false,0,0,0,0,0,,"BadSyntax: at line 2 of <>:
Bad syntax (expected '.' or '}' or ']' at end of statement) at ^ in:
""b'@prefix cn: <http://cdn.fr/schema/>\n'^b'@prefix w:  <http://fr.wikipedia.org/wiki/>\n@prefix r:  <htt'..."""
36371940,Wimmics/corese,3b1236781828291397fc740bb2d20209c434dfb1,corese-server/src/main/resources/webapp/data/demo/cdn/fr.ttl,extension:.ttl,6346,e6fb8cd4dd381b10b36588b4d2a02213538b901d24229ac2eb8da0815e04df7e,fetched,parse_error,turtle,false,0,0,0,0,0,,"BadSyntax: at line 2 of <>:
Bad syntax (expected '.' or '}' or ']' at end of statement) at ^ in:
""b'@prefix cn: <http://cdn.fr/schema/>\n'^b'@prefix w:  <http://fr.wikipedia.org/wiki/>\n@prefix r:  <htt'..."""
36371940,Wimmics/corese,3b1236781828291397fc740bb2d20209c434dfb1,corese-server/src/main/resources/webapp/data/demo/cdn/franc.ttl,extension:.ttl,3309,f7b4fc9802a42703075ba26da9dfdf0bf814b5c62998517d2353cb5b43d1146a,fetched,parse_error,turtle,false,0,0,0,0,0,,"BadSyntax: at line 2 of <>:
Bad syntax (expected '.' or '}' or ']' at end of statement) at ^ in:
""b'@prefix cn: <http://cdn.fr/schema/>\n'^b'@prefix r:  <http://fr.dbpedia.org/resource/>\n@prefix foaf: '..."""
36371940,Wimmics/corese,3b1236781828291397fc740bb2d20209c434dfb1,corese-server/src/main/resources/webapp/data/demo/cdn/icon.rdf,extension:.rdf,11256,bf50120d4d47fd2931032186b542ae742a52c8798b73fa3d86703efabb176490,fetched,parsed,xml,false,0,0,0,0,0,,
36371940,Wimmics/corese,3b1236781828291397fc740bb2d20209c434dfb1,corese-server/src/main/resources/webapp/data/demo/cdn/icon.ttl,extension:.ttl,23455,810888d3e1a2ea1037ce8efa555cfbfca976b47a109eda197bfb18f56c4d87d6,fetched,parse_error,turtle,false,0,0,0,0,0,,"BadSyntax: at line 2 of <>:
Bad syntax (expected '.' or '}' or ']' at end of statement) at ^ in:
""b'@prefix o: <http://dbpedia.org/ontology/>\n'^b'@prefix r: <http://fr.dbpedia.org/resource/>\n@prefix cn: <ht'..."""
36371940,Wimmics/corese,3b1236781828291397fc740bb2d20209c434dfb1,corese-server/src/main/resources/webapp/data/demo/cdn/pos.ttl,extension:.ttl,3779,cb43359a1e28d2ada2d86dd5200efce46102794634e287de4e8795ace8d2b09f,fetched,parse_error,turtle,false,0,0,0,0,0,,"BadSyntax: at line 2 of <>:
Bad syntax (expected '.' or '}' or ']' at end of statement) at ^ in:
""b'@prefix p: <http://fr.dbpedia.org/property/>\n'^b'@prefix r:  <http://fr.dbpedia.org/resource/>\n@prefix o:  <h'..."""
36371940,Wimmics/corese,3b1236781828291397fc740bb2d20209c434dfb1,corese-server/src/main/resources/webapp/data/demo/cdn/provence.ttl,extension:.ttl,8743,4f6c5c929a1e09a1f2fb4006c3d5fa9d4fb7e73bd9367c0ef1bc7c21b2b5323e,fetched,parse_error,turtle,false,0,0,0,0,0,,"BadSyntax: at line 2 of <>:
Bad syntax (expected '.' or '}' or ']' at end of statement) at ^ in:
""b'@prefix cn: <http://cdn.fr/schema/>\n'^b'@prefix w:  <http://fr.wikipedia.org/wiki/>\n@prefix r:  <htt'..."""
36371940,Wimmics/corese,3b1236781828291397fc740bb2d20209c434dfb1,corese-server/src/main/resources/webapp/data/demo/cdn/spqr.ttl,extension:.ttl,102993,1e8479a668484889a70cd11a15689f49129b3a4be8b05e18306edfef15ebcbb6,fetched,parse_error,turtle,false,0,0,0,0,0,,"BadSyntax: at line 2 of <>:
Bad syntax (expected '.' or '}' or ']' at end of statement) at ^ in:
""b'@prefix cn: <http://cdn.fr/schema/>\n'^b'@prefix r:  <http://fr.dbpedia.org/resource/>\n@prefix o:  <h'..."""
36371940,Wimmics/corese,3b1236781828291397fc740bb2d20209c434dfb1,corese-server/src/main/resources/webapp/data/demo/d2kab/workflow.ttl,extension:.ttl,10442,64021d6d7eed0bf27270a5ff00f8d449382028f3c97fd6c5d008a6ff9880d895,fetched,parse_error,turtle,false,0,0,0,0,0,,"BadSyntax: at line 10 of <>:
Bad syntax (expected '.' or '}' or ']' at end of statement) at ^ in:
""...b'3S - 2020\n#\n\n@prefix db:  <http://fr.dbpedia.org/resource/>\n'^b'@prefix dbo: <http://fr.dbpedia.org/ontology/>\n@prefix idx: '..."""
36371940,Wimmics/corese,3b1236781828291397fc740bb2d20209c434dfb1,corese-server/src/main/resources/webapp/data/demo/d2kabprofile.ttl,extension:.ttl,2982,877c769069c81023604414ff55dcbc65423d139a9d364855c997b4cf11d2f635,fetched,parse_error,turtle,false,0,0,0,0,0,,"BadSyntax: at line 3 of <>:
Bad syntax (expected '.' or '}' or ']' at end of statement) at ^ in:
""...b'refix spq:    <http://ns.inria.fr/sparql-template/sparql#>\n\n'^b'[] owl:imports <d2kab/function/function.rq>\n\n\nst:access st:n'..."""
36371940,Wimmics/corese,3b1236781828291397fc740bb2d20209c434dfb1,corese-server/src/main/resources/webapp/data/demo/demoprofile.ttl,extension:.ttl,1324,4c6e54f6988e2a255a7f91dabdc729d446f723cc523fe6c5a91b776df3569c65,fetched,parse_error,turtle,false,0,0,0,0,0,,"BadSyntax: at line 5 of <>:
Bad syntax (expected '.' or '}' or ']' at end of statement) at ^ in:
""b'@prefix cn: <http://cdn.fr/schema/>\n  \n# /tutorial/cdn\n\n'^b'st:cdn a st:Server ;\n    st:service ""cdn"" ;\n    st:transform'..."""
36371940,Wimmics/corese,3b1236781828291397fc740bb2d20209c434dfb1,corese-server/src/main/resources/webapp/data/demo/fedprofile.ttl,extension:.ttl,2396,c9aa0f141b96e56100c48f3ce8b60ccd329eda933496b494308ab4a7667dde3b,fetched,parse_error,turtle,false,0,0,0,0,0,,"BadSyntax: at line 15 of <>:
Bad syntax (Prefix ""st:"" not bound) at ^ in:
""...b'\n\n#\n# For testing\n#\n<http://localhost:8080/test/federate> a '^b'st:Federation ;\n    rdfs:label ""test"" ;\n    st:definition (<'..."""
36371940,Wimmics/corese,3b1236781828291397fc740bb2d20209c434dfb1,corese-server/src/main/resources/webapp/data/demo/hal/country.ttl,extension:.ttl,3361,8fb50d40a954cbe8f4bf9898b70352314db3c44848916a1ba50cd00490cb6e04,fetched,parse_error,turtle,false,0,0,0,0,0,,"BadSyntax: at line 2 of <>:
Bad syntax (expected '.' or '}' or ']' at end of statement) at ^ in:
""b'@prefix db:  <http://fr.dbpedia.org/resource/>\n'^b'@prefix dbo: <http://fr.dbpedia.org/ontology/>\n\ndbo:member r'..."""
36371940,Wimmics/corese,3b1236781828291397fc740bb2d20209c434dfb1,corese-server/src/main/resources/webapp/data/demo/hal/workflowhal.ttl,extension:.ttl,29808,43b7b2cd2d5666a3a35ee2d97cf69d8228ae35b462d0b28c0cffbb96c250a55d,fetched,parse_error,turtle,false,0,0,0,0,0,,"BadSyntax: at line 9 of <>:
Bad syntax (expected '.' or '}' or ']' at end of statement) at ^ in:
""...b'3S - 2017\n#\n\n@prefix db:  <http://fr.dbpedia.org/resource/>\n'^b'@prefix dbo: <http://fr.dbpedia.org/ontology/>\n\n  \nst:labLis'..."""
36371940,Wimmics/corese,3b1236781828291397fc740bb2d20209c434dfb1,corese-server/src/main/resources/webapp/data/demo/hal/workflowhalpublic.ttl,extension:.ttl,14938,06d032804f862aed3b9a3a80fa2d02d624938a328a6f3972d0d50e6fc8bb2ddf,fetched,parse_error,turtle,false,0,0,0,0,0,,"BadSyntax: at line 11 of <>:
Bad syntax (expected '.' or '}' or ']' at end of statement) at ^ in:
""...b'3S - 2018\n#\n\n@prefix db:  <http://fr.dbpedia.org/resource/>\n'^b'@prefix dbo: <http://fr.dbpedia.org/ontology/>\n# where to fi'..."""
36371940,Wimmics/corese,3b1236781828291397fc740bb2d20209c434dfb1,corese-server/src/main/resources/webapp/data/demo/halprofile.ttl,extension:.ttl,2298,d6783468d631ea24328691615c4c450a9bf3fe73ce62a52723d791708c926683,fetched,parse_error,turtle,false,0,0,0,0,0,,"BadSyntax: at line 3 of <>:
Bad syntax (expected '.' or '}' or ']' at end of statement) at ^ in:
""...b'prefix navlab: <http://ns.inria.fr/sparql-template/navlab#>\n'^b'@prefix d3:  <http://ns.inria.fr/sparql-template/d3#>\n\n\nst:t'..."""
36371940,Wimmics/corese,3b1236781828291397fc740bb2d20209c434dfb1,corese-server/src/main/resources/webapp/data/demo/ldvizprofile.ttl,extension:.ttl,3193,cfdfba75a7e2a4e1029b7eafe1165cf8044e1a6b05c746281ec4d40d5e4cfc4d,fetched,parse_error,turtle,false,0,0,0,0,0,,"BadSyntax: at line 5 of <>:
Bad syntax (expected '.' or '}' or ']' at end of statement) at ^ in:
""...b'ns\n#\n@prefix ai:     <http://www.ai4eu.eu/ontologies/core#>\n'^b'@prefix aid:    <http://www.ai4eu.eu/ontologies/data#>\n@pref'..."""
36371940,Wimmics/corese,3b1236781828291397fc740bb2d20209c434dfb1,corese-server/src/main/resources/webapp/data/demo/map/workflow.ttl,extension:.ttl,39015,66d74755d0bfad4c6a5de26a21cdc0e5b65b06f64e309e1a7569c3d0e21d862d,fetched,parse_error,turtle,false,0,0,0,0,0,,"BadSyntax: at line 10 of <>:
Bad syntax (expected '.' or '}' or ']' at end of statement) at ^ in:
""...b'A I3S - 2023\n#\n\n@prefix dbo: <http://dbpedia.org/ontology/>\n'^b'@prefix map: <http://ns.inria.fr/map/>\n@prefix key: <key:>\n['..."""
36371940,Wimmics/corese,3b1236781828291397fc740bb2d20209c434dfb1,corese-server/src/main/resources/webapp/data/demo/mapprofile.ttl,extension:.ttl,5674,36562e5317e7ede28c7d2f479d3128243a109bf190224c9f947361b7365b2ad3,fetched,parse_error,turtle,false,0,0,0,0,0,,"BadSyntax: at line 2 of <>:
Bad syntax (expected '.' or '}' or ']' at end of statement) at ^ in:
""...b'prefix spq:    <http://ns.inria.fr/sparql-template/sparql#>\n'^b'@prefix navlab: <http://ns.inria.fr/sparql-template/navlab#>'..."""
36371940,Wimmics/corese,3b1236781828291397fc740bb2d20209c434dfb1,corese-server/src/main/resources/webapp/data/demo/system/consumer.ttl,extension:.ttl,175,f280bf6765768ab5fde753d53bf5503aaf68a8189981973dc83cad3667ffe593,fetched,parse_error,turtle,false,0,0,0,0,0,,"BadSyntax: at line 1 of <>:
Bad syntax (Prefix ""cos:"" not bound) at ^ in:
""b'[] '^b'cos:function [\n    cos:load  </user/corby/home/AAServer/data'..."""
168527326,Fedict/lod-vocab-data,344031034baa42f27d023c228452578a5d0cfb3c,codelist/authsrc-element.nt,extension:.nt,13502,4299aa37fc7ee33ce6bd66dfc884d194c30b5157128d2fb67f319a824ffb87ce,fetched,parsed,nt,false,0,0,0,0,0,,
168527326,Fedict/lod-vocab-data,344031034baa42f27d023c228452578a5d0cfb3c,codelist/authsrc-proc.nt,extension:.nt,21061,e23513a55f860f334d4b99864c36600ccf434a5d53aa3e890b2a7ae3c313c7a5,fetched,parsed,nt,false,0,0,0,0,0,,
168527326,Fedict/lod-vocab-data,344031034baa42f27d023c228452578a5d0cfb3c,codelist/be-theme.nt,extension:.nt,19220,025f2b6cecccc2bb073c3fcc4042bb71fc70c07949ff779accd0ca37cdd89003,fetched,parsed,nt,false,0,0,0,0,0,,
168527326,Fedict/lod-vocab-data,344031034baa42f27d023c228452578a5d0cfb3c,codelist/bosa-contract-topic.nt,extension:.nt,26698,700e3d7525c19ef0194bb19d577f4081211ff71c60adbd60fc8630b22b8f98b4,fetched,parsed,nt,false,0,0,0,0,0,,
168527326,Fedict/lod-vocab-data,344031034baa42f27d023c228452578a5d0cfb3c,codelist/cbe-org1800.nt,extension:.nt,236845,50b7cddee05c373e04e8ac7599be23f87999009729810a5098b378203aa20785,fetched,parsed,nt,false,0,0,0,0,0,,
168527326,Fedict/lod-vocab-data,344031034baa42f27d023c228452578a5d0cfb3c,codelist/cbe-org2003.nt,extension:.nt,166237,904451309e0bc93bb6a1cac1b0ff3cf0a144b93bec18ec597d02e45de51c9aba,fetched,parsed,nt,false,0,0,0,0,0,,
168527326,Fedict/lod-vocab-data,344031034baa42f27d023c228452578a5d0cfb3c,codelist/contract-status.nt,extension:.nt,6178,3d28b04fe42592f3d6ea5da67d721bccb193435bd569161317cefbf3e30bffa6,fetched,parsed,nt,false,0,0,0,0,0,,
168527326,Fedict/lod-vocab-data,344031034baa42f27d023c228452578a5d0cfb3c,codelist/datatheme.nt,extension:.nt,19877,91818e180fa0a7bb7dbbc0521be937b691129af604e3a6e928051c0035a212ce,fetched,parsed,nt,false,0,0,0,0,0,,
168527326,Fedict/lod-vocab-data,344031034baa42f27d023c228452578a5d0cfb3c,codelist/gdpr-category.nt,extension:.nt,192848,2e65a60d1124e1a2e8221e5c7939cf7d1628dc3ead1dc1f095536e45ec0c1db6,fetched,parsed,nt,false,0,0,0,0,0,,
168527326,Fedict/lod-vocab-data,344031034baa42f27d023c228452578a5d0cfb3c,codelist/gdpr-finality.nt,extension:.nt,158696,c0a38839ecee79eabc31828a5436f195a269a7a769e524db868e49fb77f9c85c,fetched,parsed,nt,false,0,0,0,0,0,,
168527326,Fedict/lod-vocab-data,344031034baa42f27d023c228452578a5d0cfb3c,codelist/gdpr-involved.nt,extension:.nt,21486,e3873fafb2cf5002fe4029e1877e4e83bbc98159d4fe36d60df0870954df58c6,fetched,parsed,nt,false,0,0,0,0,0,,
168527326,Fedict/lod-vocab-data,344031034baa42f27d023c228452578a5d0cfb3c,codelist/gdpr-juridical.nt,extension:.nt,15794,2c74ac70de3f305266c22ed007f9cb39a0ccc1eb49496a05f77b4dd5cbb1d357,fetched,parsed,nt,false,0,0,0,0,0,,
168527326,Fedict/lod-vocab-data,344031034baa42f27d023c228452578a5d0cfb3c,codelist/gdpr-recvgen.nt,extension:.nt,16478,dcd1a5ddac64a4ed52bc2c029d04eab4c9e87372d8a64f6f49c047d35344325f,fetched,parsed,nt,false,0,0,0,0,0,,
168527326,Fedict/lod-vocab-data,344031034baa42f27d023c228452578a5d0cfb3c,codelist/gdpr-recvspec.nt,extension:.nt,18147,c5a26726954181b1d41a4423e860066c58b3f2b57ff3877ac01d02ee95db2492,fetched,parsed,nt,false,0,0,0,0,0,,
168527326,Fedict/lod-vocab-data,344031034baa42f27d023c228452578a5d0cfb3c,codelist/gdpr-transfer.nt,extension:.nt,10043,920c905b40934f1f59bdf1117fd05affa18194cbd9145ea296e511b3684d1c56,fetched,parsed,nt,false,0,0,0,0,0,,
168527326,Fedict/lod-vocab-data,344031034baa42f27d023c228452578a5d0cfb3c,codelist/gdpr-treatment.nt,extension:.nt,14430,3dab11c1d0bdb024b6f45eb874a2494bb2525739a6ac1365ca04da51c6771eef,fetched,parsed,nt,false,0,0,0,0,0,,
168527326,Fedict/lod-vocab-data,344031034baa42f27d023c228452578a5d0cfb3c,codelist/inspire-geomspec.nt,extension:.nt,13207,38026efd6f93317d323ec813423244e91002727b5f163dd149f1b3fc4455ed4e,fetched,parsed,nt,false,0,0,0,0,0,,
168527326,Fedict/lod-vocab-data,344031034baa42f27d023c228452578a5d0cfb3c,codelist/mybe-theme.nt,extension:.nt,18690,1476a6e7fc7951f3d51e0ac0507158310f2c2c17f25cd8fe37ba104792a613c2,fetched,parsed,nt,false,0,0,0,0,0,,
168527326,Fedict/lod-vocab-data,344031034baa42f27d023c228452578a5d0cfb3c,codelist/nace2008.nt,extension:.nt,3941713,23701441731d137b1ef854896bd2d19983e649f05e051dce3378af96765a7e6f,fetched,parsed,nt,false,0,0,0,0,0,,
168527326,Fedict/lod-vocab-data,344031034baa42f27d023c228452578a5d0cfb3c,codelist/refnis1995.nt,extension:.nt,1027603,2d0799f749eb68c451d1fd754c6de97c971fc61b940f3c4e5ce21b4edd7c9157,fetched,parsed,nt,false,0,0,0,0,0,,
168527326,Fedict/lod-vocab-data,344031034baa42f27d023c228452578a5d0cfb3c,codelist/refnis2019.nt,extension:.nt,1113122,43231ea30fcb37de793cfacc4c2c57eaf27cc5122915665b3dd75fa08dc99163,fetched,parsed,nt,false,0,0,0,0,0,,
168527326,Fedict/lod-vocab-data,344031034baa42f27d023c228452578a5d0cfb3c,codelist/retention.nt,extension:.nt,3643,a01173b6206eaec4a0b258a90f51000c67ea0159ec6cc46fe740c5fd984284e0,fetched,parsed,nt,false,0,0,0,0,0,,
168527326,Fedict/lod-vocab-data,344031034baa42f27d023c228452578a5d0cfb3c,codelist/securitymeasure.nt,extension:.nt,22703,0d6afc6acadc1787c1af8dee7b7b414abeb27916b2f2a1d3f88b1464bcfd7f49,fetched,parsed,nt,false,0,0,0,0,0,,
168527326,Fedict/lod-vocab-data,344031034baa42f27d023c228452578a5d0cfb3c,codelist/serv-integr.nt,extension:.nt,13280,b28db15390b117768d7aebb2c028067aa9ba069122f7d8d20de04bbf87ed927c,fetched,parsed,nt,false,0,0,0,0,0,,
168527326,Fedict/lod-vocab-data,344031034baa42f27d023c228452578a5d0cfb3c,codelist/territory.nt,extension:.nt,606321,166bf20a77bcbf9a0047063386a7ca2da7eabf2f001156622831815747f92bbd,fetched,parsed,nt,false,0,0,0,0,0,,
168527326,Fedict/lod-vocab-data,344031034baa42f27d023c228452578a5d0cfb3c,codelist/workflow.nt,extension:.nt,7474,24c759744f660c2468e1163bebe4a47c6d341167140ff193bfdd8909115f6e51,fetched,parsed,nt,false,0,0,0,0,0,,
168527326,Fedict/lod-vocab-data,344031034baa42f27d023c228452578a5d0cfb3c,context/best.jsonld,extension:.jsonld,1012,05c72a751c5c90d01d5e8ab67d9a6ae1dbdab1090c8e640b10638dbae5a23ddf,fetched,parsed,json-ld,false,0,0,0,0,0,,
168527326,Fedict/lod-vocab-data,344031034baa42f27d023c228452578a5d0cfb3c,ontologies/authsrc.ttl,extension:.ttl,9663,41072d8b22ae052477cea310887008efa13cc47924f372cb432060bcbb77612b,fetched,parsed,turtle,false,0,0,0,0,0,,
168527326,Fedict/lod-vocab-data,344031034baa42f27d023c228452578a5d0cfb3c,ontologies/contract.ttl,extension:.ttl,1554,56b5b86ed8c066a85575a8d8ea183f0f43707a195a2897438e4ba04d6e4f0936,fetched,parsed,turtle,false,0,0,0,0,0,,
168527326,Fedict/lod-vocab-data,344031034baa42f27d023c228452578a5d0cfb3c,ontologies/dataentry.ttl,extension:.ttl,1336,a11d6c301e39f1c5c7b85795ddc4fd2d9a4d7bfb96e96483c624624ca58724ff,fetched,parse_error,turtle,false,0,0,0,0,0,,"BadSyntax: at line 14 of <>:
Bad syntax (Prefix ""rdf:"" not bound) at ^ in:
""...b'a status""@de, ""Data status""@fr .\n\ndataentry:hasDataStatus a '^b'rdf:Property, owl:ObjectProperty ;\n\trdfs:isDefinedBy dataent'..."""
168527326,Fedict/lod-vocab-data,344031034baa42f27d023c228452578a5d0cfb3c,ontologies/gdpr.ttl,extension:.ttl,23959,4084038339e81905f1f85b4bd473b9598bfa75400314107971b01f2d3d40489f,fetched,parse_error,turtle,false,0,0,0,0,0,,"BadSyntax: at line 58 of <>:
Bad syntax (Prefix ""dcterms:"" not bound) at ^ in:
""...b':DataReceiver .\n\ngdpr:receiverType a rdf:Property, owl:DataP'^b'roperty ;\n\trdfs:subPropertyOf dcterms:subject ;\n\trdfs:isDefi'..."""
168527326,Fedict/lod-vocab-data,344031034baa42f27d023c228452578a5d0cfb3c,ontologies/infosec.ttl,extension:.ttl,1428,a64c25faf3dc696010a42afb4d49955c3b5936ab118a524e6c3f67b1e1342ea9,fetched,parse_error,turtle,false,0,0,0,0,0,,"BadSyntax: at line 14 of <>:
Bad syntax (Prefix ""rdf:"" not bound) at ^ in:
""...b'Rating""@fr, ""Rating""@de, ""Rating""@en .\n\ninfosec:hasRating a '^b'rdf:Property, owl:ObjectProperty ;\n\trdfs:isDefinedBy infosec'..."""
168527326,Fedict/lod-vocab-data,344031034baa42f27d023c228452578a5d0cfb3c,shacl/authsrc.ttl,extension:.ttl,9914,5359d97796a8cd34bf568b901251644c7c55211ba7be10fce26b157f9a695f32,fetched,parsed,turtle,true,10,0,283,0,0,rdf:type sh:NodeShape|sh:class|sh:datatype|sh:hasValue|sh:languageIn|sh:lessThanOrEquals|sh:maxCount|sh:minCount|sh:nodeKind|sh:path|sh:property|sh:targetClass|sh:uniqueLang,
168527326,Fedict/lod-vocab-data,344031034baa42f27d023c228452578a5d0cfb3c,shacl/contract.ttl,extension:.ttl,4428,482bb9af5d0d6bfae1f6e01d9704b2750823ba2e0f86e4b9271217836f496c15,fetched,parsed,turtle,true,4,0,121,0,0,rdf:type sh:NodeShape|sh:class|sh:datatype|sh:hasValue|sh:languageIn|sh:lessThanOrEquals|sh:maxCount|sh:minCount|sh:nodeKind|sh:path|sh:property|sh:targetClass|sh:uniqueLang,
168527326,Fedict/lod-vocab-data,344031034baa42f27d023c228452578a5d0cfb3c,shacl/gdpr.ttl,extension:.ttl,17902,eb490fa90242da63c981a28df5f54c448b3b5b15f8df0114c09a09d670739229,fetched,parsed,turtle,true,10,0,504,0,0,rdf:type sh:NodeShape|sh:class|sh:datatype|sh:hasValue|sh:languageIn|sh:lessThanOrEquals|sh:maxCount|sh:maxInclusive|sh:minCount|sh:minInclusive|sh:nodeKind|sh:path|sh:property|sh:targetClass|sh:uniqueLang,
168527326,Fedict/lod-vocab-data,344031034baa42f27d023c228452578a5d0cfb3c,shacl/infosec.ttl,extension:.ttl,1396,cb853dc62b01793c6a9e5adbef86d8b7e149488ca5cf5601c7a036cf5080c7e6,fetched,parsed,turtle,true,1,0,22,0,0,rdf:type sh:NodeShape|sh:datatype|sh:maxInclusive|sh:minInclusive|sh:path|sh:property|sh:targetClass,
168527326,Fedict/lod-vocab-data,344031034baa42f27d023c228452578a5d0cfb3c,shacl/inspire.ttl,extension:.ttl,1637,d183315744050c78f1dc0a867eb36174f8f6cf4546fc533ef75a0e94c266c311,fetched,parsed,turtle,true,1,0,35,0,0,rdf:type sh:NodeShape|sh:datatype|sh:languageIn|sh:maxCount|sh:minCount|sh:path|sh:property|sh:targetClass|sh:uniqueLang,
168527326,Fedict/lod-vocab-data,344031034baa42f27d023c228452578a5d0cfb3c,xmlns/dataentry.ttl,extension:.ttl,1969,427c397e1ada2d3a5c330da374ea686b94ecc8e566ceae3e102e63efdffdcd1e,fetched,parse_error,turtle,false,0,0,0,0,0,,"BadSyntax: at line 34 of <>:
Bad syntax (expected directive or statement) at ^ in:
""...b'@fr, ""Data entry""@nl;\n  owl:versionInfo ""Draft 2018-03-23"".\n'^b'ntry ontology""@de , ""Data entry ontology""@en , ""Data entry o'..."""
168527326,Fedict/lod-vocab-data,344031034baa42f27d023c228452578a5d0cfb3c,xmlns/gdpr.ttl,extension:.ttl,49861,53bc2bcee7f6f8b2cec6bb09042644767ed0b8bdc583e1eb9fcf22c9a3d0974c,fetched,parse_error,turtle,false,0,0,0,0,0,,"BadSyntax: at line 550 of <>:
Bad syntax (expected directive or statement) at ^ in:
""...b'vocab.belgif.be/ns/gdpr#> a owl:Ontology;\n  rdfs:comment ""GD'^b'PR""@de, ""GDPR""@en, ""GDPR""@fr, ""GDPR""@nl;\n  rdfs:label ""GDPR""'..."""
168527326,Fedict/lod-vocab-data,344031034baa42f27d023c228452578a5d0cfb3c,xmlns/infosec.ttl,extension:.ttl,2253,3dc0e9969ad9f5a24c1604775799cba1fc5deade9fb124af146f02885d78c4e6,fetched,parse_error,turtle,false,0,0,0,0,0,,"BadSyntax: at line 41 of <>:
Bad syntax (expected directive or statement) at ^ in:
""...b'opertyOf <http://vocab.belgif.be/ns/infosec#genericRating>.\n'^b'Rating>.\n<http://vocab.belgif.be/ns/infosec#integrity> rdfs:'..."""
310521006,NatLabRockies/tasty,4c33a792e4163bc29838744c575a4b10c71cc1ca,examples/example_data/input/example_data.ttl,extension:.ttl,7034,3c5286c5bca4fcabb4e3392874ab824a65fc388e757e1ace36a97938f6d5091f,fetched,parsed,turtle,true,0,0,0,0,0,,
310521006,NatLabRockies/tasty,4c33a792e4163bc29838744c575a4b10c71cc1ca,examples/example_data/input/example_shapes.ttl,extension:.ttl,419724,813a3a5cbecc2e5a11fc0815fba09c29d0e26e9835fb56ae1008f76fa6ec29e9,fetched,parsed,turtle,true,679,0,14008,0,478,rdf:type sh:NodeShape|sh:class|sh:hasValue|sh:maxCount|sh:minCount|sh:node|sh:path|sh:property|sh:qualifiedMaxCount|sh:qualifiedMinCount|sh:qualifiedValueShape|sh:qualifiedValueShapesDisjoint|sh:targetNode,
310521006,NatLabRockies/tasty,4c33a792e4163bc29838744c575a4b10c71cc1ca,tasty/schemas/brick/Brick_1_1.ttl,extension:.ttl,394904,22de7763476decaaaed4b9e88fa4534516bbe3e73ee2d8426c18524e94f470eb,fetched,parsed,turtle,false,0,0,0,0,0,,
310521006,NatLabRockies/tasty,4c33a792e4163bc29838744c575a4b10c71cc1ca,tasty/schemas/brick/Brick_1_2.ttl,extension:.ttl,613483,6f6716f659a615597d357fc7ee00f0653f76efb2c773a63c88dbd88e53664d59,fetched,parsed,turtle,true,14,20,114,0,0,rdf:type sh:NodeShape|rdf:type sh:PropertyShape|sh:class|sh:datatype|sh:in|sh:maxCount|sh:minCount|sh:path|sh:property,
310521006,NatLabRockies/tasty,4c33a792e4163bc29838744c575a4b10c71cc1ca,tasty/schemas/brick/Brick_1_2_1.ttl,extension:.ttl,702621,7df37f49d7933ae9cc73dc3e1fbc18e78954c41e35899bd5da8ea47c0a6d6841,fetched,parsed,turtle,true,30,34,306,0,35,rdf:type sh:NodeShape|rdf:type sh:PropertyShape|sh:and|sh:class|sh:datatype|sh:in|sh:maxCount|sh:maxInclusive|sh:minCount|sh:minInclusive|sh:not|sh:or|sh:path|sh:property|sh:targetClass|sh:targetSubjectsOf,
310521006,NatLabRockies/tasty,4c33a792e4163bc29838744c575a4b10c71cc1ca,tasty/schemas/haystack/defs_3_9_10.ttl,extension:.ttl,396154,b9263eb1fa975597a0a2824f8b2a7e6e4a94bf6f75f5ce72cafd7667b69946e3,fetched,parsed,turtle,false,0,0,0,0,0,,
310521006,NatLabRockies/tasty,4c33a792e4163bc29838744c575a4b10c71cc1ca,tasty/schemas/haystack/defs_3_9_9.ttl,extension:.ttl,231455,8488e5aba8d2e6897ae7e299b4e4f58fd9aafa791bf0d27bb1a0acb3465f421f,fetched,parsed,turtle,false,0,0,0,0,0,,
310521006,NatLabRockies/tasty,4c33a792e4163bc29838744c575a4b10c71cc1ca,tests/files/data/haystack_g36_data.ttl,extension:.ttl,2437,a872f8e7d07d0959e6c177c6db83f0f17caedf17a95ab58ac9e9eabd625344b9,fetched,parsed,turtle,false,0,0,0,0,0,,
310521006,NatLabRockies/tasty,4c33a792e4163bc29838744c575a4b10c71cc1ca,tests/files/data/haystack_g36_data_3_9_10.ttl,extension:.ttl,7218,449a816f8a9015e204758283d2aca0cd3eea4506137c9c08b96602382aa33bf1,fetched,parsed,turtle,false,0,0,0,0,0,,
310521006,NatLabRockies/tasty,4c33a792e4163bc29838744c575a4b10c71cc1ca,tests/files/data/haystack_nrel_ahu_type1_data.ttl,extension:.ttl,19355,f9fc513e9a186e6a1ca3f78d590c3d34b5f2aa64982bdc8a501e52ef3de395a2,fetched,parsed,turtle,false,0,0,0,0,0,,
310521006,NatLabRockies/tasty,4c33a792e4163bc29838744c575a4b10c71cc1ca,tests/files/data/haystack_nrel_ahu_type2_data.ttl,extension:.ttl,13067,592769608c5570cb8ac7e4972b28b232175477fed25a989b4c46ae5800579982,fetched,parsed,turtle,false,0,0,0,0,0,,
310521006,NatLabRockies/tasty,4c33a792e4163bc29838744c575a4b10c71cc1ca,tests/files/data/haystack_nrel_ahu_type3_data.ttl,extension:.ttl,14356,a3131fe0d5f27e5c546d80024c20b8811c8f17ebb35f36d8d812e99c2f50304a,fetched,parsed,turtle,false,0,0,0,0,0,,
310521006,NatLabRockies/tasty,4c33a792e4163bc29838744c575a4b10c71cc1ca,tests/files/data/haystack_nrel_natural_gas_meter_data.ttl,extension:.ttl,1071,639229810a2bdcc80da7ddbbcb6b16b10b3c2d0fb663b737852ef698817f5e4a,fetched,parsed,turtle,false,0,0,0,0,0,,
310521006,NatLabRockies/tasty,4c33a792e4163bc29838744c575a4b10c71cc1ca,tests/files/data/haystack_nrel_occupancy_mode_data.ttl,extension:.ttl,887,a0db3d96f13a171abd871de04c97340421a6797df62438eeb7e4fdec1308991d,fetched,parsed,turtle,false,0,0,0,0,0,,
310521006,NatLabRockies/tasty,4c33a792e4163bc29838744c575a4b10c71cc1ca,tests/files/data/haystack_nrel_vav_cooling_only_data.ttl,extension:.ttl,5374,a57755cd577994946ee6f61a29578b98044b938d5961995d3e3a3327e4da5bb6,fetched,parsed,turtle,false,0,0,0,0,0,,
310521006,NatLabRockies/tasty,4c33a792e4163bc29838744c575a4b10c71cc1ca,tests/files/data/haystack_nrel_vav_elec_reheat.ttl,extension:.ttl,7848,439dca89cf130c549e909f3b3597a35c60bd5bfc6524b090034928e6b32d1ca4,fetched,parsed,turtle,false,0,0,0,0,0,,
310521006,NatLabRockies/tasty,4c33a792e4163bc29838744c575a4b10c71cc1ca,tests/files/data/haystack_nrel_vav_hw_reheat.ttl,extension:.ttl,7547,c0b7ff504f576d8cb63dbef81107bb4e822abadb50657799b2479e17a07a1c6e,fetched,parsed,turtle,false,0,0,0,0,0,,
310521006,NatLabRockies/tasty,4c33a792e4163bc29838744c575a4b10c71cc1ca,tests/files/data/sample_skyspark_vav.ttl,extension:.ttl,5594,62a8e80a17aee824c47db919772e41b66108ebbde0e608b3c25a0740cf7ddaef,fetched,parsed,turtle,false,0,0,0,0,0,,
310521006,NatLabRockies/tasty,4c33a792e4163bc29838744c575a4b10c71cc1ca,tests/files/data/sample_skyspark_vav_raw.ttl,extension:.ttl,6306,7205d1c203362b4e89c24f1df409b50529101c517035160c62d854da013d6a49,fetched,parse_error,turtle,false,0,0,0,0,0,,"BadSyntax: at line 38 of <>:
Bad syntax (expected '.' or '}' or ']' at end of statement) at ^ in:
""...b'66de-7abb28a7 ;\n    his:hisAppendNA 30 ;\n    his:hisEnd 2021'^b'-07-27T11:06:06-06:00^^xsd:dateTime ;\n    his:hisSize 32645 '..."""
310521006,NatLabRockies/tasty,4c33a792e4163bc29838744c575a4b10c71cc1ca,tests/files/data/sample_skyspark_vav_raw_backup.ttl,extension:.ttl,6306,7205d1c203362b4e89c24f1df409b50529101c517035160c62d854da013d6a49,fetched,parse_error,turtle,false,0,0,0,0,0,,"BadSyntax: at line 38 of <>:
Bad syntax (expected '.' or '}' or ']' at end of statement) at ^ in:
""...b'66de-7abb28a7 ;\n    his:hisAppendNA 30 ;\n    his:hisEnd 2021'^b'-07-27T11:06:06-06:00^^xsd:dateTime ;\n    his:hisSize 32645 '..."""
310521006,NatLabRockies/tasty,4c33a792e4163bc29838744c575a4b10c71cc1ca,tests/files/data/sample_skyspark_vav_target.ttl,extension:.ttl,5717,462317286136f0c1bc201791437890c53a666fa0c14f28e73b7f8a3568c3dc2f,fetched,parsed,turtle,false,0,0,0,0,0,,
310521006,NatLabRockies/tasty,4c33a792e4163bc29838744c575a4b10c71cc1ca,tests/files/shapes/haystack_g36_shapes.ttl,extension:.ttl,11959,a3b98fba1a3eb9706e434c75f5bc28f6edd6e92a217c4b917be3e4363ce0c0ff,fetched,parsed,turtle,true,10,0,277,0,16,rdf:type sh:NodeShape|sh:hasValue|sh:minCount|sh:path|sh:property|sh:qualifiedMaxCount|sh:qualifiedMinCount|sh:qualifiedValueShape|sh:qualifiedValueShapesDisjoint,
310521006,NatLabRockies/tasty,4c33a792e4163bc29838744c575a4b10c71cc1ca,tests/files/shapes/haystack_nrel_occupancy_mode_shapes.ttl,extension:.ttl,2808,aca863d2a9aa0052f197a845266b4fc4c188c856598aac906968895093926b06,fetched,parsed,turtle,true,3,0,58,0,3,rdf:type sh:NodeShape|sh:hasValue|sh:minCount|sh:path|sh:property|sh:qualifiedMaxCount|sh:qualifiedMinCount|sh:qualifiedValueShape|sh:qualifiedValueShapesDisjoint,
461978502,zerocmd/UCO,c83bbcaf7841d5b7c1f8183a12d0afaf3806f699,tests/examples/action_inheritance_PASS.json,sniff:jsonld,1785,c4bc60e36709888a9d5c6da32517ff8abfcebab75878828cb0609daf2d1656ed,fetched,parsed,json-ld,false,0,0,0,0,0,,
461978502,zerocmd/UCO,c83bbcaf7841d5b7c1f8183a12d0afaf3806f699,tests/examples/action_inheritance_PASS_validation.ttl,extension:.ttl,147,4a53a3befd9bcdb7273ef3d6e47a83be519927771faee49ef0d2a44ee23be2be,fetched,parsed,turtle,true,0,0,0,0,2,,
461978502,zerocmd/UCO,c83bbcaf7841d5b7c1f8183a12d0afaf3806f699,tests/examples/action_inheritance_XFAIL.json,sniff:jsonld,1298,5112c1b087c66be7f29a90edcc5ee7e5a16d5c6de291204b90227ed0526027a8,fetched,parsed,json-ld,false,0,0,0,0,0,,
461978502,zerocmd/UCO,c83bbcaf7841d5b7c1f8183a12d0afaf3806f699,tests/examples/action_inheritance_XFAIL_validation.ttl,extension:.ttl,6324,6e2edde5337d4e245cbc07760a46eb7a5ed7e1f3259f8e7da137b436d0ceb1fb,fetched,parsed,turtle,true,0,0,12,0,109,sh:class|sh:datatype|sh:maxCount|sh:minCount|sh:nodeKind|sh:path,
461978502,zerocmd/UCO,c83bbcaf7841d5b7c1f8183a12d0afaf3806f699,tests/examples/action_result_PASS.json,sniff:jsonld,3264,f49b5bdc8073f0bafcce24efb98db7dc745811d81dfdf62c837b97442794cad8,fetched,parsed,json-ld,false,0,0,0,0,0,,
461978502,zerocmd/UCO,c83bbcaf7841d5b7c1f8183a12d0afaf3806f699,tests/examples/action_result_PASS_validation.ttl,extension:.ttl,1294,0364079ea6fdcf268474220ffbd4eebba9f0f21e1908464f0c25c0ff68f6b39f,fetched,parsed,turtle,true,0,0,3,0,11,sh:class|sh:nodeKind|sh:path,
461978502,zerocmd/UCO,c83bbcaf7841d5b7c1f8183a12d0afaf3806f699,tests/examples/location_PASS.json,sniff:jsonld,2107,fb15704f3aa7ebbf9ad5645805a0c9df67db42fcf35c42522f9b09c5e930e651,fetched,parsed,json-ld,false,0,0,0,0,0,,
461978502,zerocmd/UCO,c83bbcaf7841d5b7c1f8183a12d0afaf3806f699,tests/examples/location_PASS_validation.ttl,extension:.ttl,147,4a53a3befd9bcdb7273ef3d6e47a83be519927771faee49ef0d2a44ee23be2be,fetched,parsed,turtle,true,0,0,0,0,2,,
461978502,zerocmd/UCO,c83bbcaf7841d5b7c1f8183a12d0afaf3806f699,tests/examples/location_XFAIL.json,sniff:jsonld,2028,aefbbc133fb0a2c2c24efb70c6a6de9ed1ed468bed0428b120d603bf48786505,fetched,parsed,json-ld,false,0,0,0,0,0,,
461978502,zerocmd/UCO,c83bbcaf7841d5b7c1f8183a12d0afaf3806f699,tests/examples/location_XFAIL_validation.ttl,extension:.ttl,2340,35f5a999ddeb0d6b51cb5c2aca9a26f21c7034ac56e258917b093f385c2e50dd,fetched,parsed,turtle,true,0,0,7,0,29,sh:class|sh:datatype|sh:maxCount|sh:nodeKind|sh:path,
461978502,zerocmd/UCO,c83bbcaf7841d5b7c1f8183a12d0afaf3806f699,uco-action/action.ttl,extension:.ttl,12941,fd36f534850ad6cc90ea50c75ec80d70771fd46dc06131a8e689ce41ae3d7167,fetched,parsed,turtle,true,8,0,166,0,0,rdf:type sh:NodeShape|sh:class|sh:datatype|sh:maxCount|sh:minCount|sh:nodeKind|sh:path|sh:property|sh:targetClass,
461978502,zerocmd/UCO,c83bbcaf7841d5b7c1f8183a12d0afaf3806f699,uco-core/core.ttl,extension:.ttl,17221,d50bbf0366ed562d5972ec4b7a7e55e0cdfde6503c26a1876bb0df2b952b2ae3,fetched,parsed,turtle,true,18,0,190,0,0,rdf:type sh:NodeShape|sh:class|sh:datatype|sh:maxCount|sh:minCount|sh:nodeKind|sh:path|sh:property|sh:targetClass,
461978502,zerocmd/UCO,c83bbcaf7841d5b7c1f8183a12d0afaf3806f699,uco-identity/identity.ttl,extension:.ttl,9233,358602c0c7662e6297f839953684e0cf1fa1ce9e2f65bbc5a2af8dc0516e79bd,fetched,parsed,turtle,true,20,0,67,0,0,rdf:type sh:NodeShape|sh:class|sh:datatype|sh:maxCount|sh:minCount|sh:nodeKind|sh:path|sh:property|sh:targetClass,
461978502,zerocmd/UCO,c83bbcaf7841d5b7c1f8183a12d0afaf3806f699,uco-location/location.ttl,extension:.ttl,6083,3df729a2d4ba9aa716dd505323e9269c9b77eb3954d5f7dd0add07c1aaf45f47,fetched,parsed,turtle,true,4,0,73,0,0,rdf:type sh:NodeShape|sh:datatype|sh:maxCount|sh:nodeKind|sh:path|sh:property|sh:targetClass,
461978502,zerocmd/UCO,c83bbcaf7841d5b7c1f8183a12d0afaf3806f699,uco-marking/marking.ttl,extension:.ttl,8494,cfa4e8fa103d7becd507bdb3ae0275a8f9a25b33e3f40d61f635a2586c3f8803,fetched,parsed,turtle,true,7,0,75,0,0,rdf:type sh:NodeShape|sh:class|sh:datatype|sh:hasValue|sh:maxCount|sh:minCount|sh:nodeKind|sh:path|sh:property|sh:targetClass,
461978502,zerocmd/UCO,c83bbcaf7841d5b7c1f8183a12d0afaf3806f699,uco-master/uco.ttl,extension:.ttl,2192,d8d988e622723da4ff9ee172ff06b8f5ac8252e3c4b1cb7e510e5cd0c0d60577,fetched,parsed,turtle,true,0,0,0,0,0,,
461978502,zerocmd/UCO,c83bbcaf7841d5b7c1f8183a12d0afaf3806f699,uco-observable/observable.ttl,extension:.ttl,337508,7b292c13359a87f0a3b59d8ca1da152c2b23a1070b4e006934f707bcf7b7b2fd,fetched,parsed,turtle,true,289,0,4129,0,0,rdf:type sh:NodeShape|sh:class|sh:datatype|sh:hasValue|sh:maxCount|sh:minCount|sh:nodeKind|sh:path|sh:property|sh:targetClass,
461978502,zerocmd/UCO,c83bbcaf7841d5b7c1f8183a12d0afaf3806f699,uco-pattern/pattern.ttl,extension:.ttl,2115,cbbf99dff4f13d796287b4fbe30e897b787145f7652ad632d67ea94ad918d93a,fetched,parsed,turtle,true,3,0,11,0,0,rdf:type sh:NodeShape|sh:datatype|sh:maxCount|sh:nodeKind|sh:path|sh:property|sh:targetClass,
461978502,zerocmd/UCO,c83bbcaf7841d5b7c1f8183a12d0afaf3806f699,uco-role/role.ttl,extension:.ttl,1689,5432798f3095deb765d6cff3d1f56c90604cffcf90173546e1635367a74ba72c,fetched,parsed,turtle,true,4,0,8,0,0,rdf:type sh:NodeShape|sh:targetClass,
461978502,zerocmd/UCO,c83bbcaf7841d5b7c1f8183a12d0afaf3806f699,uco-time/time.ttl,extension:.ttl,753,264c816dc6333262ca22f50903c32dc6c880f9b9cf3596772f1f226d1e3a216c,fetched,parsed,turtle,false,0,0,0,0,0,,
461978502,zerocmd/UCO,c83bbcaf7841d5b7c1f8183a12d0afaf3806f699,uco-tool/tool.ttl,extension:.ttl,15907,0a77d6f52df22265e2bc9d08bf6eb76a40136d7aab91aee6d03f4aefcf977605,fetched,parsed,turtle,true,13,0,201,0,0,rdf:type sh:NodeShape|sh:class|sh:datatype|sh:maxCount|sh:minCount|sh:nodeKind|sh:path|sh:property|sh:targetClass,
461978502,zerocmd/UCO,c83bbcaf7841d5b7c1f8183a12d0afaf3806f699,uco-types/types.ttl,extension:.ttl,5277,273f66c47b3ad0c75119d3e75159edfa71631a1feb7d96006dca5d88a4d658db,fetched,parsed,turtle,true,5,0,56,0,0,rdf:type sh:NodeShape|sh:class|sh:datatype|sh:maxCount|sh:minCount|sh:nodeKind|sh:path|sh:property|sh:targetClass,
461978502,zerocmd/UCO,c83bbcaf7841d5b7c1f8183a12d0afaf3806f699,uco-victim/victim.ttl,extension:.ttl,1492,b14c55ea14364c23ab92d0c1e8d1e3954faf0f78b1c58d5ea17266109431f85f,fetched,parsed,turtle,true,2,0,4,0,0,rdf:type sh:NodeShape|sh:targetClass,
461978502,zerocmd/UCO,c83bbcaf7841d5b7c1f8183a12d0afaf3806f699,uco-vocabulary/vocabulary.ttl,extension:.ttl,50910,3c2d8e2c666730b0c2558a6a20f4d7a2d90939e186a9b2fcb173b470e3d2a6bd,fetched,parsed,turtle,false,0,0,0,0,0,,
939866670,sesam-io/rdflib,cfd422236cd03933290757a8cacb214a40866bea,examples/foaf.n3,extension:.n3,12979,6c8a9dfdafe9a8eb0a834dccee154c95479dc71348af357672e555f4f7893841,fetched,not_parsed,,false,0,0,0,0,0,,
939866670,sesam-io/rdflib,cfd422236cd03933290757a8cacb214a40866bea,examples/smushingdemo.n3,extension:.n3,490,82e46ad1947a4d34176a38f4485a72e13e0d7ceb4b8a5955cedc2b50a394bdc7,fetched,not_parsed,,false,0,0,0,0,0,,
939866670,sesam-io/rdflib,cfd422236cd03933290757a8cacb214a40866bea,test/data/broken_parse_test/n3-writer-test-02.n3,extension:.n3,344,099d13f59ee7df79b4f94a9a3bbeae5a55d5719deaa5d15b5d21db46b11bd3cd,fetched,not_parsed,,false,0,0,0,0,0,,
939866670,sesam-io/rdflib,cfd422236cd03933290757a8cacb214a40866bea,test/data/broken_parse_test/n3-writer-test-25.n3,extension:.n3,334,cd6f6200dc9d46494203fc7aef1d9abf8b8b13a6c0a4024ea8fb13bdeb55999a,fetched,not_parsed,,false,0,0,0,0,0,,
939866670,sesam-io/rdflib,cfd422236cd03933290757a8cacb214a40866bea,test/data/broken_parse_test/n3-writer-test-27.n3,extension:.n3,687,8a91f2f4a9fe285b02eb61458649f3458c7378ab63ce077eba61c88ce44c8d88,fetched,not_parsed,,false,0,0,0,0,0,,
939866670,sesam-io/rdflib,cfd422236cd03933290757a8cacb214a40866bea,test/data/broken_parse_test/rdf-test-01.n3,extension:.n3,364,4ecd25d700ef161f19057dc33bbd86d0e0f4390096634667378b0d24324d8eed,fetched,not_parsed,,false,0,0,0,0,0,,
939866670,sesam-io/rdflib,cfd422236cd03933290757a8cacb214a40866bea,test/data/broken_parse_test/rdf-test-08.n3,extension:.n3,1032,485790b4831d9a2e6eff0979096455087a4e43999ba689a17beb871a10146ebb,fetched,not_parsed,,false,0,0,0,0,0,,
939866670,sesam-io/rdflib,cfd422236cd03933290757a8cacb214a40866bea,test/data/broken_parse_test/rdf-test-10.n3,extension:.n3,248,d8442630c820481342a0451a9015a03f2b1fe6f1f66de04cddc8e6d4a895dd52,fetched,not_parsed,,false,0,0,0,0,0,,
939866670,sesam-io/rdflib,cfd422236cd03933290757a8cacb214a40866bea,test/data/broken_parse_test/rdf-test-24.n3,extension:.n3,587,2a17621a977d73adbc587e9b8c4448776224b2d0800bb54c12f81c0bf05c5e25,fetched,not_parsed,,false,0,0,0,0,0,,
939866670,sesam-io/rdflib,cfd422236cd03933290757a8cacb214a40866bea,test/data/broken_parse_test/rdf-test-25.n3,extension:.n3,401,d77c8195bda1932bd58deec73db1e353ecd1fd56d00765f3178e312eb1cf6889,fetched,not_parsed,,false,0,0,0,0,0,,
939866670,sesam-io/rdflib,cfd422236cd03933290757a8cacb214a40866bea,test/data/contrived/multiple-comments.ttl,extension:.ttl,760,29d77a0e6c13fa534968a0b8ce7931bec55867e33cf03fab66dedc302cd92fa7,fetched,not_parsed,,false,0,0,0,0,0,,
939866670,sesam-io/rdflib,cfd422236cd03933290757a8cacb214a40866bea,test/data/defined_namespaces/adms.rdf,extension:.rdf,16947,3c7e67fd2ccf0bbdd5de84bf30885c0cf76ba1c3c4ab1b761a8833f553df0829,fetched,not_parsed,,false,0,0,0,0,0,,
939866670,sesam-io/rdflib,cfd422236cd03933290757a8cacb214a40866bea,test/data/defined_namespaces/adms.ttl,extension:.ttl,11755,13f32acc7c508ebee2474efa9e73a9793c2670d5c30478a2fa28cac32cb99547,fetched,not_parsed,,false,0,0,0,0,0,,
939866670,sesam-io/rdflib,cfd422236cd03933290757a8cacb214a40866bea,test/data/defined_namespaces/dawgt.ttl,extension:.ttl,4133,651f021dd25f2f2e77a534b08f07a34584f61d4f1b92cdc1eab2dab18af29b30,fetched,not_parsed,,false,0,0,0,0,0,,
939866670,sesam-io/rdflib,cfd422236cd03933290757a8cacb214a40866bea,test/data/defined_namespaces/mf.ttl,extension:.ttl,6804,15f0e5b0f8d2e551225e09b03dfdcffcb893487114b5a495f3b75aa02136753c,fetched,not_parsed,,false,0,0,0,0,0,,
939866670,sesam-io/rdflib,cfd422236cd03933290757a8cacb214a40866bea,test/data/defined_namespaces/qb.ttl,extension:.ttl,15076,f2d67d3811762fa7796008d225c9b1f891e8a9af8fdeeb3736188fe1bcdb7235,fetched,not_parsed,,false,0,0,0,0,0,,
939866670,sesam-io/rdflib,cfd422236cd03933290757a8cacb214a40866bea,test/data/defined_namespaces/qt.ttl,extension:.ttl,2479,dea66e1291db1651e27c4bf788a540d3b72c585e1f1422fdb957f7aa53354baa,fetched,not_parsed,,false,0,0,0,0,0,,
939866670,sesam-io/rdflib,cfd422236cd03933290757a8cacb214a40866bea,test/data/defined_namespaces/rdfs.rdf,extension:.rdf,6560,932f39162430a66d8ec566766c141dc51b16fce9a58b7016b9d7a324b9c881b2,fetched,not_parsed,,false,0,0,0,0,0,,
939866670,sesam-io/rdflib,cfd422236cd03933290757a8cacb214a40866bea,test/data/defined_namespaces/rdfs.ttl,extension:.ttl,3812,164a70b28d9ac4b828eec7d9e4b548a9465a5e2c154d53a142cc5e18566e04ec,fetched,not_parsed,,false,0,0,0,0,0,,
939866670,sesam-io/rdflib,cfd422236cd03933290757a8cacb214a40866bea,test/data/defined_namespaces/rdftest.ttl,extension:.ttl,4826,63d37017b39eb25b031958acade84abf802cbcccb3c79bd8c44fc85126be6eb9,fetched,not_parsed,,false,0,0,0,0,0,,
939866670,sesam-io/rdflib,cfd422236cd03933290757a8cacb214a40866bea,test/data/defined_namespaces/sdo.json-ld,extension:.json-ld,1371351,66cfebb8b3438b6ec3ae54e41edfe3b8f414e3f78323166e2b51c6be452a3a16,fetched,not_parsed,,false,0,0,0,0,0,,
939866670,sesam-io/rdflib,cfd422236cd03933290757a8cacb214a40866bea,test/data/defined_namespaces/ut.n3,extension:.n3,2077,2ca29c4a25b484993d299efde4e3f7289a7dae4ab7fadbc9a0e5b33d4631d5eb,fetched,not_parsed,,false,0,0,0,0,0,,
939866670,sesam-io/rdflib,cfd422236cd03933290757a8cacb214a40866bea,test/data/example-lots_of_graphs.n3,extension:.n3,534,cd771f97a360cf96d7f0f4ee7d0d78e962561b40e527c896fa63527134f1d307,fetched,not_parsed,,false,0,0,0,0,0,,
939866670,sesam-io/rdflib,cfd422236cd03933290757a8cacb214a40866bea,test/data/issue156.n3,extension:.n3,69,3d71f2587fc8f67b5a56772cba2e842dca706ca2ef0f5aa2461b6ad5492e739f,fetched,not_parsed,,false,0,0,0,0,0,,
939866670,sesam-io/rdflib,cfd422236cd03933290757a8cacb214a40866bea,test/data/longturtle/longturtle-target.ttl,extension:.ttl,2321,90b8ee3f2d525980d8266b22c689225d16659058e8654ed79f43eea5e9698e3a,fetched,not_parsed,,false,0,0,0,0,0,,
939866670,sesam-io/rdflib,cfd422236cd03933290757a8cacb214a40866bea,test/data/nquads.rdflib/test6.nq,extension:.nq,430,f46d525f9e3b24d2d95b06de742b7b94387ffac2307b64c18fc2f7c0e9f1dd60,fetched,not_parsed,,false,0,0,0,0,0,,
939866670,sesam-io/rdflib,cfd422236cd03933290757a8cacb214a40866bea,test/data/owl/pizza.owl,extension:.owl,147722,8e5c94e9c13d42412e1878c0a6d0ef070e26a4a6300fcd64551ef9d5fac11ab1,fetched,not_parsed,,false,0,0,0,0,0,,
939866670,sesam-io/rdflib,cfd422236cd03933290757a8cacb214a40866bea,test/data/roundtrip/bnode_refs.trig,extension:.trig,1680,8445348e20d4ce299f3feadbf3a1db5dd4a0fc5030c9bd1b71365aecae2229a1,fetched,not_parsed,,false,0,0,0,0,0,,
939866670,sesam-io/rdflib,cfd422236cd03933290757a8cacb214a40866bea,test/data/spec/cbd/example_graph.rdf,extension:.rdf,3421,4c14775b262c4f317bb79628344b8837a6dc81cba85a9847ffa89d8f4a811b3a,fetched,not_parsed,,false,0,0,0,0,0,,
939866670,sesam-io/rdflib,cfd422236cd03933290757a8cacb214a40866bea,test/data/spec/cbd/example_graph_cbd.rdf,extension:.rdf,1839,ff41dab4f081641c565553a2bbb3dfe73eee13fccefe0a435cbd1472f0607942,fetched,not_parsed,,false,0,0,0,0,0,,
939866670,sesam-io/rdflib,cfd422236cd03933290757a8cacb214a40866bea,test/data/sportquads.trig,extension:.trig,620,3168a60cf979270cfe244a97428ca154e32ff52d5d7a559f34a72573106ad5aa,fetched,not_parsed,,false,0,0,0,0,0,,
939866670,sesam-io/rdflib,cfd422236cd03933290757a8cacb214a40866bea,test/data/suites/n3roundtrip/example-just_a_class.n3,extension:.n3,156,d380a5a5985de5a7090231380a50484e6d9c8bb336716c7a8d6300a03c9fdafb,fetched,not_parsed,,false,0,0,0,0,0,,
939866670,sesam-io/rdflib,cfd422236cd03933290757a8cacb214a40866bea,test/data/suites/n3roundtrip/example-misc.n3,extension:.n3,925,c37e3e7d1921335a1de456e773ee43f9be62530c5379ac9a55b4d8646b396b60,fetched,not_parsed,,false,0,0,0,0,0,,
939866670,sesam-io/rdflib,cfd422236cd03933290757a8cacb214a40866bea,test/data/suites/n3roundtrip/example-ontology.n3,extension:.n3,983,f41fb616b310abf123fa5b9ca22849cc8d1b5d3718b2eaf0a0d0e77bcdafc8d6,fetched,not_parsed,,false,0,0,0,0,0,,
939866670,sesam-io/rdflib,cfd422236cd03933290757a8cacb214a40866bea,test/data/suites/n3roundtrip/listTest.n3,extension:.n3,79,10187175778cff85286067867486f1bd439f3bbf0eb58c6719563ad23a508a1b,fetched,not_parsed,,false,0,0,0,0,0,,
939866670,sesam-io/rdflib,cfd422236cd03933290757a8cacb214a40866bea,test/data/suites/n3roundtrip/longString.n3,extension:.n3,119,1ecb5552847e7321da569c8f4c17fc05d519f5c6ad8c80228603b230f555aab2,fetched,not_parsed,,false,0,0,0,0,0,,
939866670,sesam-io/rdflib,cfd422236cd03933290757a8cacb214a40866bea,test/data/suites/n3roundtrip/longString.rdf,extension:.rdf,322,b1c9980e2a56ca5fbe03a6442c8c3127175f553c7c942a79b0543bcb37d08426,fetched,not_parsed,,false,0,0,0,0,0,,
939866670,sesam-io/rdflib,cfd422236cd03933290757a8cacb214a40866bea,test/data/suites/n3roundtrip/n3-writer-test-01.n3,extension:.n3,62,580b543cabad44500451238aec702479548d4267f66dddfa8a2abb3f4af8c891,fetched,not_parsed,,false,0,0,0,0,0,,
939866670,sesam-io/rdflib,cfd422236cd03933290757a8cacb214a40866bea,test/data/suites/n3roundtrip/n3-writer-test-03.n3,extension:.n3,166,b7a1b472c5f04c29b3a6b0a7b8fb9679b4a2fca358d69ef28d8d912753f1dc78,fetched,not_parsed,,false,0,0,0,0,0,,
939866670,sesam-io/rdflib,cfd422236cd03933290757a8cacb214a40866bea,test/data/suites/n3roundtrip/n3-writer-test-04.n3,extension:.n3,177,421ddf6b5344ac026154874c85698763aabb214739df7c5606f92a0e05cb1b38,fetched,not_parsed,,false,0,0,0,0,0,,
939866670,sesam-io/rdflib,cfd422236cd03933290757a8cacb214a40866bea,test/data/suites/n3roundtrip/n3-writer-test-05.n3,extension:.n3,92,723745d94d6c51cc4946cec5fc878827660d25dc99d55d6de87aa00b74d0dbb9,fetched,not_parsed,,false,0,0,0,0,0,,
939866670,sesam-io/rdflib,cfd422236cd03933290757a8cacb214a40866bea,test/data/suites/n3roundtrip/n3-writer-test-06.n3,extension:.n3,133,ffb283e4ed016634c7be5c31c375c38b2fedfb1aaea195a19d931c5fa6e4bf97,fetched,not_parsed,,false,0,0,0,0,0,,
939866670,sesam-io/rdflib,cfd422236cd03933290757a8cacb214a40866bea,test/data/suites/n3roundtrip/n3-writer-test-07.n3,extension:.n3,168,fbe12b785634b44c0fa09c47eb08550d4bf913150280d4ab9192077c5a288911,fetched,not_parsed,,false,0,0,0,0,0,,
939866670,sesam-io/rdflib,cfd422236cd03933290757a8cacb214a40866bea,test/data/suites/n3roundtrip/n3-writer-test-08.n3,extension:.n3,193,13af5981d4625871b722a79495e7500cd4361ffb4b29e47dfb95a52d90f32501,fetched,not_parsed,,false,0,0,0,0,0,,
939866670,sesam-io/rdflib,cfd422236cd03933290757a8cacb214a40866bea,test/data/suites/n3roundtrip/n3-writer-test-09.n3,extension:.n3,173,ba07d665350bfaa83b3f414c72df01ab36c37f4fa8c3c25b3ab6ffb0f454a3a0,fetched,not_parsed,,false,0,0,0,0,0,,
939866670,sesam-io/rdflib,cfd422236cd03933290757a8cacb214a40866bea,test/data/suites/n3roundtrip/n3-writer-test-10.n3,extension:.n3,191,dfd905d9c5e5279cca256fcf73fa4c5a77f60c69874f7931c50cb1c6f5435dfb,fetched,not_parsed,,false,0,0,0,0,0,,
939866670,sesam-io/rdflib,cfd422236cd03933290757a8cacb214a40866bea,test/data/suites/n3roundtrip/n3-writer-test-11.n3,extension:.n3,163,35a6096557d04abdc5f4149d1025a43d75e994cc4a3d9ea47d80b05fe63cb78e,fetched,not_parsed,,false,0,0,0,0,0,,
939866670,sesam-io/rdflib,cfd422236cd03933290757a8cacb214a40866bea,test/data/suites/n3roundtrip/n3-writer-test-12.n3,extension:.n3,144,c6357cc8203fb6c2057132bc0413dfcd90bac7022d4491c8141a5bb4179f822b,fetched,not_parsed,,false,0,0,0,0,0,,
939866670,sesam-io/rdflib,cfd422236cd03933290757a8cacb214a40866bea,test/data/suites/n3roundtrip/n3-writer-test-13.n3,extension:.n3,132,a93ff14359c6d6dfc99491ac92d830a9ea64859af0525901426091ce51b45cb4,fetched,not_parsed,,false,0,0,0,0,0,,
939866670,sesam-io/rdflib,cfd422236cd03933290757a8cacb214a40866bea,test/data/suites/n3roundtrip/n3-writer-test-14.n3,extension:.n3,142,c7c4021bfd7f01265c2a5c7fd03431f9d17a11d5025287b45f21f94017a11581,fetched,not_parsed,,false,0,0,0,0,0,,
939866670,sesam-io/rdflib,cfd422236cd03933290757a8cacb214a40866bea,test/data/suites/n3roundtrip/n3-writer-test-15.n3,extension:.n3,558,2a4b9241a555728057d3b42d15e13c8d333a89f0711f60e1ce3ee324b5c19686,fetched,not_parsed,,false,0,0,0,0,0,,
939866670,sesam-io/rdflib,cfd422236cd03933290757a8cacb214a40866bea,test/data/suites/n3roundtrip/n3-writer-test-16.n3,extension:.n3,247,b559fa82745bfd9c0ccc4f76f5470d8deb7e25f0c4443f9927bfbb98c37b90f4,fetched,not_parsed,,false,0,0,0,0,0,,
939866670,sesam-io/rdflib,cfd422236cd03933290757a8cacb214a40866bea,test/data/suites/n3roundtrip/n3-writer-test-17.n3,extension:.n3,455,70809ca0f107d6408c9d8d21149ccc0aad78b12804bed9ca8a44cf61f2545038,fetched,not_parsed,,false,0,0,0,0,0,,
939866670,sesam-io/rdflib,cfd422236cd03933290757a8cacb214a40866bea,test/data/suites/n3roundtrip/n3-writer-test-18.n3,extension:.n3,150,eff1c2d86d13f36698d3356c7c86f83ad902702beee0c48d0e2609121f940432,fetched,not_parsed,,false,0,0,0,0,0,,
939866670,sesam-io/rdflib,cfd422236cd03933290757a8cacb214a40866bea,test/data/suites/n3roundtrip/n3-writer-test-19.n3,extension:.n3,162,85266be64d7c4536e9763f021b1514eb09252a9c322d2a9da873460ac23bfa63,fetched,not_parsed,,false,0,0,0,0,0,,
939866670,sesam-io/rdflib,cfd422236cd03933290757a8cacb214a40866bea,test/data/suites/n3roundtrip/n3-writer-test-20.n3,extension:.n3,188,7456eee17fc69ea02ddcccf45353d1cc312fc48498a02aab45437602eeca5b40,fetched,not_parsed,,false,0,0,0,0,0,,
939866670,sesam-io/rdflib,cfd422236cd03933290757a8cacb214a40866bea,test/data/suites/n3roundtrip/n3-writer-test-21.n3,extension:.n3,203,338f56cd3114a7312d873f6f5f82d888a3ebf2a8cc0f9f4f4bff348f0393c7f6,fetched,not_parsed,,false,0,0,0,0,0,,
939866670,sesam-io/rdflib,cfd422236cd03933290757a8cacb214a40866bea,test/data/suites/n3roundtrip/n3-writer-test-22.n3,extension:.n3,208,287a297b79eab52ff0d52079dac1e721b68f9e795c7cc790badf2db0567a3d4b,fetched,not_parsed,,false,0,0,0,0,0,,
939866670,sesam-io/rdflib,cfd422236cd03933290757a8cacb214a40866bea,test/data/suites/n3roundtrip/n3-writer-test-23.n3,extension:.n3,104,747183e08b87cc843920655e22623a1b1ffb4f09572e7e934c792132b7772856,fetched,not_parsed,,false,0,0,0,0,0,,
939866670,sesam-io/rdflib,cfd422236cd03933290757a8cacb214a40866bea,test/data/suites/n3roundtrip/n3-writer-test-24.n3,extension:.n3,189,af5c05670f95136a76f76b84bfb868f0e780ca7c7e1230f22cc9ce5002553955,fetched,not_parsed,,false,0,0,0,0,0,,
939866670,sesam-io/rdflib,cfd422236cd03933290757a8cacb214a40866bea,test/data/suites/n3roundtrip/n3-writer-test-26.n3,extension:.n3,1162,77d9da491b1208e04358e30fb5d3f54f6923e12b8c39225afb3da4f1e7ead723,fetched,not_parsed,,false,0,0,0,0,0,,
939866670,sesam-io/rdflib,cfd422236cd03933290757a8cacb214a40866bea,test/data/suites/n3roundtrip/n3-writer-test-28.n3,extension:.n3,277,088e88bd704c430067e504347c84a87b7e0ea13a9c88e6dd18e0a879ba2de689,fetched,not_parsed,,false,0,0,0,0,0,,
939866670,sesam-io/rdflib,cfd422236cd03933290757a8cacb214a40866bea,test/data/suites/n3roundtrip/n3-writer-test-29.n3,extension:.n3,582,220f66106df70d0a47198470e4975b42c87e3100cf0544671ef51750c7892e60,fetched,not_parsed,,false,0,0,0,0,0,,
939866670,sesam-io/rdflib,cfd422236cd03933290757a8cacb214a40866bea,test/data/suites/n3roundtrip/n3-writer-test-30.n3,extension:.n3,401,cdbd927535eaa3b531ebb5aa4835030732c4098fc9cee5457cac6ad80b01383e,fetched,not_parsed,,false,0,0,0,0,0,,
939866670,sesam-io/rdflib,cfd422236cd03933290757a8cacb214a40866bea,test/data/suites/n3roundtrip/n3-writer-test-31.n3,extension:.n3,328,66e7ea7c5f18fa9aaf9cab68820b20ea9eb08e7f4847ce8e811fad19a2f8c38e,fetched,not_parsed,,false,0,0,0,0,0,,
939866670,sesam-io/rdflib,cfd422236cd03933290757a8cacb214a40866bea,test/data/suites/n3roundtrip/n3-writer-test-32.n3,extension:.n3,158,a9104620c9ab67311c2a985f616cb7ff199141fc18bda77aea46d3ed9c07ad79,fetched,not_parsed,,false,0,0,0,0,0,,
939866670,sesam-io/rdflib,cfd422236cd03933290757a8cacb214a40866bea,test/data/suites/n3roundtrip/rdf-test-02.n3,extension:.n3,166,e4a7dcd9ec0f04969fa8cc5550e2fdfdfc5a935ad0d7b7468b19445168bcec9c,fetched,not_parsed,,false,0,0,0,0,0,,
939866670,sesam-io/rdflib,cfd422236cd03933290757a8cacb214a40866bea,test/data/suites/n3roundtrip/rdf-test-03.n3,extension:.n3,77,966f8d0956c1bff5dc09817da4e4d0095282b13cbe8939dd4e78b54cd200b295,fetched,not_parsed,,false,0,0,0,0,0,,
939866670,sesam-io/rdflib,cfd422236cd03933290757a8cacb214a40866bea,test/data/suites/n3roundtrip/rdf-test-04.n3,extension:.n3,155,b5c5ff85c5291a618cc64c2c116d5717ebe4b8fbe6f92314d6343966d3a121a2,fetched,not_parsed,,false,0,0,0,0,0,,
939866670,sesam-io/rdflib,cfd422236cd03933290757a8cacb214a40866bea,test/data/suites/n3roundtrip/rdf-test-05.n3,extension:.n3,73,fa20c85b259a3e8ca5158208c3c081ca878e7510c5fd8b3c761ef19f28415114,fetched,not_parsed,,false,0,0,0,0,0,,
939866670,sesam-io/rdflib,cfd422236cd03933290757a8cacb214a40866bea,test/data/suites/n3roundtrip/rdf-test-06.n3,extension:.n3,76,6a4346c3fabee2a8488050f0d7e473b520a865e2631b04d28d45541c68075498,fetched,not_parsed,,false,0,0,0,0,0,,
939866670,sesam-io/rdflib,cfd422236cd03933290757a8cacb214a40866bea,test/data/suites/n3roundtrip/rdf-test-07.n3,extension:.n3,123,56df8e4e9940d30ec98266e425a355ed33464521835cffeaa7cb3716790ceac7,fetched,not_parsed,,false,0,0,0,0,0,,
939866670,sesam-io/rdflib,cfd422236cd03933290757a8cacb214a40866bea,test/data/suites/n3roundtrip/rdf-test-09.n3,extension:.n3,81,a7258e191a6c1716f03145df993756e8dbdf578bcb47a3829b50657ab9af42ae,fetched,not_parsed,,false,0,0,0,0,0,,
939866670,sesam-io/rdflib,cfd422236cd03933290757a8cacb214a40866bea,test/data/suites/n3roundtrip/rdf-test-11.n3,extension:.n3,281,fb09ae8cbb4b56863c8191203e69b2a2d12f137ccc4834ab2ec092ffedf681b8,fetched,not_parsed,,false,0,0,0,0,0,,
939866670,sesam-io/rdflib,cfd422236cd03933290757a8cacb214a40866bea,test/data/suites/n3roundtrip/rdf-test-12.n3,extension:.n3,115,27da2d546e2e9e246493b71a608b18345809e5b657e13b366467ccd1ef909443,fetched,not_parsed,,false,0,0,0,0,0,,
939866670,sesam-io/rdflib,cfd422236cd03933290757a8cacb214a40866bea,test/data/suites/n3roundtrip/rdf-test-13.n3,extension:.n3,120,8975c20d60302b60a22b58e6bd4f6eba5ab35d9450e312c33a47a1b257ecd57b,fetched,not_parsed,,false,0,0,0,0,0,,
939866670,sesam-io/rdflib,cfd422236cd03933290757a8cacb214a40866bea,test/data/suites/n3roundtrip/rdf-test-14.n3,extension:.n3,114,01e9a298b8bf5ce5c9be216e5a6200422f5fbedf433b700394640f0fb49dc29e,fetched,not_parsed,,false,0,0,0,0,0,,
939866670,sesam-io/rdflib,cfd422236cd03933290757a8cacb214a40866bea,test/data/suites/n3roundtrip/rdf-test-15.n3,extension:.n3,349,75c130152b0a4efaab0643e6966f31d3d7160a23ddf49d4b190de7f0c881f382,fetched,not_parsed,,false,0,0,0,0,0,,
939866670,sesam-io/rdflib,cfd422236cd03933290757a8cacb214a40866bea,test/data/suites/n3roundtrip/rdf-test-16.n3,extension:.n3,92,f0272e4cd97371d136219a510ca0ca126943260b78bd6abb75ec1821bec521a5,fetched,not_parsed,,false,0,0,0,0,0,,
939866670,sesam-io/rdflib,cfd422236cd03933290757a8cacb214a40866bea,test/data/suites/n3roundtrip/rdf-test-17.n3,extension:.n3,358,9ac7eff85bc31c7d8e4ff37baa2d2f29c78fcc6a419437f20228b175645d7aae,fetched,not_parsed,,false,0,0,0,0,0,,
939866670,sesam-io/rdflib,cfd422236cd03933290757a8cacb214a40866bea,test/data/suites/n3roundtrip/rdf-test-18.n3,extension:.n3,71,f559b8d0c16fa76385ba4ea476eeb3999cfef8bbcbf06fbd3113982284579dac,fetched,not_parsed,,false,0,0,0,0,0,,
939866670,sesam-io/rdflib,cfd422236cd03933290757a8cacb214a40866bea,test/data/suites/n3roundtrip/rdf-test-19.n3,extension:.n3,86,5cfe4af612952f1cd873e41350f0106a26985de89f9768dade9263120e886701,fetched,not_parsed,,false,0,0,0,0,0,,
939866670,sesam-io/rdflib,cfd422236cd03933290757a8cacb214a40866bea,test/data/suites/n3roundtrip/rdf-test-20.n3,extension:.n3,92,5a9d766f454eb2e9e87a6b195b86a602fd040fb50a801c751dac2b7ea8b1461c,fetched,not_parsed,,false,0,0,0,0,0,,
939866670,sesam-io/rdflib,cfd422236cd03933290757a8cacb214a40866bea,test/data/suites/n3roundtrip/rdf-test-21.n3,extension:.n3,401,8f7d4c363285671bf942d08db87f5aa37af7faff71bf0cb000a35f51aabe6dbf,fetched,not_parsed,,false,0,0,0,0,0,,
939866670,sesam-io/rdflib,cfd422236cd03933290757a8cacb214a40866bea,test/data/suites/n3roundtrip/rdf-test-22.n3,extension:.n3,128,1c0e860fd8e59bb47496c80be94ebc96dfc38a9d563803043cf7463e35a95490,fetched,not_parsed,,false,0,0,0,0,0,,
939866670,sesam-io/rdflib,cfd422236cd03933290757a8cacb214a40866bea,test/data/suites/n3roundtrip/rdf-test-23.n3,extension:.n3,220,4bc3c4172ac1fc95ec9ec91b87906dc5299302f66ffade42e7537b1ceab9c551,fetched,not_parsed,,false,0,0,0,0,0,,
939866670,sesam-io/rdflib,cfd422236cd03933290757a8cacb214a40866bea,test/data/suites/n3roundtrip/rdf-test-26.n3,extension:.n3,123,ec0797d6006561d4db05e0062abeb7f943b7440534f873d50b10e8d99485e86f,fetched,not_parsed,,false,0,0,0,0,0,,
939866670,sesam-io/rdflib,cfd422236cd03933290757a8cacb214a40866bea,test/data/suites/n3roundtrip/rdf-test-27.n3,extension:.n3,223,729ebfd5f608e4f49179062fe075d52c54fd49278bb6e3ef8f85f5e884cbafe4,fetched,not_parsed,,false,0,0,0,0,0,,
939866670,sesam-io/rdflib,cfd422236cd03933290757a8cacb214a40866bea,test/data/suites/n3roundtrip/rdf-test-28.n3,extension:.n3,233,badb093f601088642d2ccd6e73bef396d0f873b9a0fe3eb6fd7d035c5eef7c7d,fetched,not_parsed,,false,0,0,0,0,0,,
939866670,sesam-io/rdflib,cfd422236cd03933290757a8cacb214a40866bea,test/data/suites/n3roundtrip/strquot.n3,extension:.n3,580,79ef752dfa5d4c8457a5c2d0b7d0c71d638fe01ae5e8a23944e67603492912a7,fetched,not_parsed,,false,0,0,0,0,0,,
939866670,sesam-io/rdflib,cfd422236cd03933290757a8cacb214a40866bea,test/data/suites/nt_misc/anons-01.nt,extension:.nt,274,74757aa51d3c9b6f059dc851047223ebc94786a78af22d99a072ccc8aa0b68f7,fetched,not_parsed,,false,0,0,0,0,0,,
939866670,sesam-io/rdflib,cfd422236cd03933290757a8cacb214a40866bea,test/data/suites/nt_misc/anons-02.nt,extension:.nt,145,04499b07845931a2816955dfe9dcdf77ecde447ce0ee2e5de8607163cbaa048a,fetched,not_parsed,,false,0,0,0,0,0,,
939866670,sesam-io/rdflib,cfd422236cd03933290757a8cacb214a40866bea,test/data/suites/nt_misc/anons-03.nt,extension:.nt,78,0e5330344d8a48397bd3d0b24904c407bac3303f518d9004c686b43860c7cef0,fetched,not_parsed,,false,0,0,0,0,0,,
939866670,sesam-io/rdflib,cfd422236cd03933290757a8cacb214a40866bea,test/data/suites/nt_misc/bnode-01.nt,extension:.nt,97,3a7a5cc1834fb7c3f14779b75975047dba7ad13243e64f4bfd479f49728e806d,fetched,not_parsed,,false,0,0,0,0,0,,
939866670,sesam-io/rdflib,cfd422236cd03933290757a8cacb214a40866bea,test/data/suites/nt_misc/dtlang-01.nt,extension:.nt,63,8e0816cff2cecdba0d5677bc5aac70f7d34ca76f22338acc0434d12f17ed24a3,fetched,not_parsed,,false,0,0,0,0,0,,
939866670,sesam-io/rdflib,cfd422236cd03933290757a8cacb214a40866bea,test/data/suites/nt_misc/dtlang-02.nt,extension:.nt,66,0e42b673c6253ec3ac1dcf57d8423d4d2c1e9f63015295f2fa16902bca6b4136,fetched,not_parsed,,false,0,0,0,0,0,,
939866670,sesam-io/rdflib,cfd422236cd03933290757a8cacb214a40866bea,test/data/suites/nt_misc/dtlang-03.nt,extension:.nt,87,4123c231b0df7132ea33a18d8c22d448789c1daf5f039ce7214e4a041a8a652a,fetched,not_parsed,,false,0,0,0,0,0,,
939866670,sesam-io/rdflib,cfd422236cd03933290757a8cacb214a40866bea,test/data/suites/nt_misc/dtlang-04.nt,extension:.nt,90,78f614b52e3ae066cd7a58d550aa7961df86a7b84ca699ea48b310855c450a7c,fetched,not_parsed,,false,0,0,0,0,0,,
939866670,sesam-io/rdflib,cfd422236cd03933290757a8cacb214a40866bea,test/data/suites/nt_misc/dtlang-05.nt,extension:.nt,87,4123c231b0df7132ea33a18d8c22d448789c1daf5f039ce7214e4a041a8a652a,fetched,not_parsed,,false,0,0,0,0,0,,
939866670,sesam-io/rdflib,cfd422236cd03933290757a8cacb214a40866bea,test/data/suites/nt_misc/even_more_literals.nt,extension:.nt,1993,d21f114dca8c8443937454d177653dc4e5c92165adf46109aeddc9d07f2a2b08,fetched,not_parsed,,false,0,0,0,0,0,,
939866670,sesam-io/rdflib,cfd422236cd03933290757a8cacb214a40866bea,test/data/suites/nt_misc/formulae-01.nt,extension:.nt,699,6dce023e2b198dc0d0e00049764f126adfdb7134f7aa12e90cc03af59e528eb1,fetched,not_parsed,,false,0,0,0,0,0,,
939866670,sesam-io/rdflib,cfd422236cd03933290757a8cacb214a40866bea,test/data/suites/nt_misc/formulae-02.nt,extension:.nt,1097,b7f07f64fdd4d90fe61fb937768e5114c2078137f90c8244a6bcb0b589215ad7,fetched,not_parsed,,false,0,0,0,0,0,,
939866670,sesam-io/rdflib,cfd422236cd03933290757a8cacb214a40866bea,test/data/suites/nt_misc/formulae-03.nt,extension:.nt,1119,960e3b7d009ce6a5ae8ed0ad04c939ea1a290f57883b9c6979d9ddd0a7a1b8df,fetched,not_parsed,,false,0,0,0,0,0,,
939866670,sesam-io/rdflib,cfd422236cd03933290757a8cacb214a40866bea,test/data/suites/nt_misc/formulae-04.nt,extension:.nt,813,9b8d437f17776e9c895bf48bc7c961b0652d18f597a6d6276e35f68e9094287f,fetched,not_parsed,,false,0,0,0,0,0,,
939866670,sesam-io/rdflib,cfd422236cd03933290757a8cacb214a40866bea,test/data/suites/nt_misc/formulae-05.nt,extension:.nt,1457,fb17556a370b29e9daccf99a5920a95101d47b65b66f10262185e28f5dfd44e3,fetched,not_parsed,,false,0,0,0,0,0,,
939866670,sesam-io/rdflib,cfd422236cd03933290757a8cacb214a40866bea,test/data/suites/nt_misc/formulae-06.nt,extension:.nt,936,471a47adc9e191c03ac76f654a5268ca94cc6cff4b3c880aef75b92a77a7437d,fetched,not_parsed,,false,0,0,0,0,0,,
939866670,sesam-io/rdflib,cfd422236cd03933290757a8cacb214a40866bea,test/data/suites/nt_misc/formulae-07.nt,extension:.nt,870,783fdc5f0304ce5c9a4b16df76f60aaee87c71251411d073f26485f873406744,fetched,not_parsed,,false,0,0,0,0,0,,
939866670,sesam-io/rdflib,cfd422236cd03933290757a8cacb214a40866bea,test/data/suites/nt_misc/formulae-08.nt,extension:.nt,1233,fd8fda65a5b7ece6acfa3eae57876f3f92b3d31cece2361788f1315d6457b8e1,fetched,not_parsed,,false,0,0,0,0,0,,
939866670,sesam-io/rdflib,cfd422236cd03933290757a8cacb214a40866bea,test/data/suites/nt_misc/formulae-09.nt,extension:.nt,481,e531a4d1bfd2cde3b91f33b1165d7586ebd286d9b74dd082d628deddb5b5146b,fetched,not_parsed,,false,0,0,0,0,0,,
939866670,sesam-io/rdflib,cfd422236cd03933290757a8cacb214a40866bea,test/data/suites/nt_misc/formulae-10.nt,extension:.nt,489,430573931747058eb04dba2c572588bcfd6fb9e0e53f75423ef255f5d23ac029,fetched,not_parsed,,false,0,0,0,0,0,,
939866670,sesam-io/rdflib,cfd422236cd03933290757a8cacb214a40866bea,test/data/suites/nt_misc/i18n-01.nt,extension:.nt,163,287ac4762d52b3457c1a0658eb43bfe0e908af23849ed490377c4854f618add7,fetched,not_parsed,,false,0,0,0,0,0,,
939866670,sesam-io/rdflib,cfd422236cd03933290757a8cacb214a40866bea,test/data/suites/nt_misc/keywords-01.nt,extension:.nt,74,b4de75c329a60aec93954250d0f1cd8a567073f6c8cf1cd55664192be01ea234,fetched,not_parsed,,false,0,0,0,0,0,,
939866670,sesam-io/rdflib,cfd422236cd03933290757a8cacb214a40866bea,test/data/suites/nt_misc/keywords-02.nt,extension:.nt,100,9c07dc82fee3d19f661a24bcf58b7f6bb020f18309669db30040b1cef2b7c1f5,fetched,not_parsed,,false,0,0,0,0,0,,
939866670,sesam-io/rdflib,cfd422236cd03933290757a8cacb214a40866bea,test/data/suites/nt_misc/keywords-03.nt,extension:.nt,74,3220426199c286d91247a0482cb741bb01db93b1a05fa883c241559e2a308a9f,fetched,not_parsed,,false,0,0,0,0,0,,
939866670,sesam-io/rdflib,cfd422236cd03933290757a8cacb214a40866bea,test/data/suites/nt_misc/keywords-04.nt,extension:.nt,424,6be2e63805cad67029cd179edf6ba87a2604dfcd1ada041ef0ff24be56a78e8f,fetched,not_parsed,,false,0,0,0,0,0,,
939866670,sesam-io/rdflib,cfd422236cd03933290757a8cacb214a40866bea,test/data/suites/nt_misc/keywords-05.nt,extension:.nt,76,2b6646414b60eeb84876ccc97dc49aca5f36a6040076d52ec5c84f9b13c99475,fetched,not_parsed,,false,0,0,0,0,0,,
939866670,sesam-io/rdflib,cfd422236cd03933290757a8cacb214a40866bea,test/data/suites/nt_misc/keywords-06.nt,extension:.nt,106,00e6ca0ff18991ca2750097891c0c27351a1f878d743f5d94cd9fdaa3d1e06c2,fetched,not_parsed,,false,0,0,0,0,0,,
939866670,sesam-io/rdflib,cfd422236cd03933290757a8cacb214a40866bea,test/data/suites/nt_misc/keywords-07.nt,extension:.nt,192,afd0491c23fda5c2afe6860505c39e113053830e614a5dc59c60e56037881636,fetched,not_parsed,,false,0,0,0,0,0,,
939866670,sesam-io/rdflib,cfd422236cd03933290757a8cacb214a40866bea,test/data/suites/nt_misc/keywords-08.nt,extension:.nt,152,21f907dce924a02be7f251647bed856249a9e62e52b7618847a2c697c1d865f7,fetched,not_parsed,,false,0,0,0,0,0,,
939866670,sesam-io/rdflib,cfd422236cd03933290757a8cacb214a40866bea,test/data/suites/nt_misc/lists-01.nt,extension:.nt,115,b0e912369126a4c5036e2e9b2efa0cd79949054285b7e630f3a89d8b13b24821,fetched,not_parsed,,false,0,0,0,0,0,,
939866670,sesam-io/rdflib,cfd422236cd03933290757a8cacb214a40866bea,test/data/suites/nt_misc/lists-02.nt,extension:.nt,1129,af89f4e52bfb7d05325cb750e67b221b41a06286c44ad301864ce42c75842ebe,fetched,not_parsed,,false,0,0,0,0,0,,
939866670,sesam-io/rdflib,cfd422236cd03933290757a8cacb214a40866bea,test/data/suites/nt_misc/lists-03.nt,extension:.nt,1056,295ea06a31cbe3bb2f48a52b5b31e3eaba0227d1f9137bfb5946d02e48fd47b9,fetched,not_parsed,,false,0,0,0,0,0,,
939866670,sesam-io/rdflib,cfd422236cd03933290757a8cacb214a40866bea,test/data/suites/nt_misc/lists-04.nt,extension:.nt,1862,6d403c14b5857dc60aa5dd2d70181d6efe0dfcdf17a2aad0b95034255cce3570,fetched,not_parsed,,false,0,0,0,0,0,,
939866670,sesam-io/rdflib,cfd422236cd03933290757a8cacb214a40866bea,test/data/suites/nt_misc/lists-05.nt,extension:.nt,308,7dbfed139a85c1d2261ac777f79ffd84aa3ff5b9288de95d31264d3834e3443b,fetched,not_parsed,,false,0,0,0,0,0,,
939866670,sesam-io/rdflib,cfd422236cd03933290757a8cacb214a40866bea,test/data/suites/nt_misc/lists-06.nt,extension:.nt,917,bca3d39b5f809224c91c4cf6895f1a550826a73dbc1e269c135c64d58f3aa77a,fetched,not_parsed,,false,0,0,0,0,0,,
939866670,sesam-io/rdflib,cfd422236cd03933290757a8cacb214a40866bea,test/data/suites/nt_misc/literals-01.nt,extension:.nt,68,8d59f418f18eecb5e4f65c923a65afe768919e3bd469d05dcb2a24722eddf1af,fetched,not_parsed,,false,0,0,0,0,0,,
939866670,sesam-io/rdflib,cfd422236cd03933290757a8cacb214a40866bea,test/data/suites/nt_misc/literals-02.nt,extension:.nt,63,9fa95242489f42409d63ef0d2b3b628c0a7a04dcc876e29d25e71229efc822c3,fetched,not_parsed,,false,0,0,0,0,0,,
939866670,sesam-io/rdflib,cfd422236cd03933290757a8cacb214a40866bea,test/data/suites/nt_misc/literals-03.nt,extension:.nt,71,139bcdb56566e26133e4e341aa91931f88d5dd17815b8a100bd9b7623d50dfc2,fetched,not_parsed,,false,0,0,0,0,0,,
939866670,sesam-io/rdflib,cfd422236cd03933290757a8cacb214a40866bea,test/data/suites/nt_misc/literals-04.nt,extension:.nt,181,5a79419dc7ca121e523599f853fc21675e7921175abac91ce3c7cbf4116ce7e9,fetched,not_parsed,,false,0,0,0,0,0,,
939866670,sesam-io/rdflib,cfd422236cd03933290757a8cacb214a40866bea,test/data/suites/nt_misc/literals-05.nt,extension:.nt,148,63fc28e60f5fa9418c3dfbb168f1bb085b77aaa7da9e0650ac153d480cbc9a9a,fetched,not_parsed,,false,0,0,0,0,0,,
939866670,sesam-io/rdflib,cfd422236cd03933290757a8cacb214a40866bea,test/data/suites/nt_misc/more_literals.nt,extension:.nt,998,c4857c3bc035e69fd70c2b91d0a413c29b0ccf80dd7f7a1fd7458f5be7794cfe,fetched,not_parsed,,false,0,0,0,0,0,,
939866670,sesam-io/rdflib,cfd422236cd03933290757a8cacb214a40866bea,test/data/suites/nt_misc/numeric-01.nt,extension:.nt,496,5b5c406ae7d57804edb30d673656d007efa0f251f22a42ce4ce4480a40bee1d4,fetched,not_parsed,,false,0,0,0,0,0,,
939866670,sesam-io/rdflib,cfd422236cd03933290757a8cacb214a40866bea,test/data/suites/nt_misc/numeric-02.nt,extension:.nt,511,7a112c6f04d0aa37302de9b657f532aae7a2cb4d6de09125e70656b05c51421a,fetched,not_parsed,,false,0,0,0,0,0,,
939866670,sesam-io/rdflib,cfd422236cd03933290757a8cacb214a40866bea,test/data/suites/nt_misc/numeric-03.nt,extension:.nt,544,14a075344813afecf9ad11db11422d42688699eda82fcf38755844e831776bda,fetched,not_parsed,,false,0,0,0,0,0,,
939866670,sesam-io/rdflib,cfd422236cd03933290757a8cacb214a40866bea,test/data/suites/nt_misc/numeric-04.nt,extension:.nt,562,039775c1e8a1c3972649b4a8f4995d0879fb0c2759ca5fd1207506f7c8d4e4ab,fetched,not_parsed,,false,0,0,0,0,0,,
939866670,sesam-io/rdflib,cfd422236cd03933290757a8cacb214a40866bea,test/data/suites/nt_misc/numeric-05.nt,extension:.nt,194,f32883b16984dd9e4dbfe684f2c898c64389bcd1357911c7eef4b3746fdd7325,fetched,not_parsed,,false,0,0,0,0,0,,
939866670,sesam-io/rdflib,cfd422236cd03933290757a8cacb214a40866bea,test/data/suites/nt_misc/paths-01.nt,extension:.nt,153,786f427a51d728e41a55adcb71ab98e41caf559f0ebd5ec69dda6139bf883cff,fetched,not_parsed,,false,0,0,0,0,0,,
939866670,sesam-io/rdflib,cfd422236cd03933290757a8cacb214a40866bea,test/data/suites/nt_misc/paths-02.nt,extension:.nt,149,a6080cc906b5489915f73682c3c41579c278e03e9980e7985822019820587d50,fetched,not_parsed,,false,0,0,0,0,0,,
939866670,sesam-io/rdflib,cfd422236cd03933290757a8cacb214a40866bea,test/data/suites/nt_misc/paths-03.nt,extension:.nt,188,f06d2937177710b764d49dde5f71b3728ea8f998209dce77f789802c4b4965bc,fetched,not_parsed,,false,0,0,0,0,0,,
939866670,sesam-io/rdflib,cfd422236cd03933290757a8cacb214a40866bea,test/data/suites/nt_misc/paths-04.nt,extension:.nt,483,11741cb2cfc67691edf47d8e9ad9c019f27bb44897622bd0bc7d42a222e8eb9c,fetched,not_parsed,,false,0,0,0,0,0,,
939866670,sesam-io/rdflib,cfd422236cd03933290757a8cacb214a40866bea,test/data/suites/nt_misc/paths-05.nt,extension:.nt,552,671655fd109348d9d1f4c949f6c69f829294682ff2f1512774c596d45c031186,fetched,not_parsed,,false,0,0,0,0,0,,
939866670,sesam-io/rdflib,cfd422236cd03933290757a8cacb214a40866bea,test/data/suites/nt_misc/paths-06.nt,extension:.nt,242,a19f1f6c73b7d7c765a90645c8f015d517bb3244c484b27d8ad62f29b5d2913d,fetched,not_parsed,,false,0,0,0,0,0,,
939866670,sesam-io/rdflib,cfd422236cd03933290757a8cacb214a40866bea,test/data/suites/nt_misc/qname-01.nt,extension:.nt,464,c0d6bff96bca1a45772f759080b7a95cf8870e87abea52f38964ddccb9c6d8be,fetched,not_parsed,,false,0,0,0,0,0,,
939866670,sesam-io/rdflib,cfd422236cd03933290757a8cacb214a40866bea,test/data/suites/nt_misc/qname-02.nt,extension:.nt,758,0943a88dbc980212ad0753ea75698d2aa6a08b622b7d48c0e1d464e44db01a17,fetched,not_parsed,,false,0,0,0,0,0,,
939866670,sesam-io/rdflib,cfd422236cd03933290757a8cacb214a40866bea,test/data/suites/nt_misc/qname-03.nt,extension:.nt,158,10d75796ea7d0429976239c52f96a59febfa3fa01f1a5d53740d7748561f18ed,fetched,not_parsed,,false,0,0,0,0,0,,
939866670,sesam-io/rdflib,cfd422236cd03933290757a8cacb214a40866bea,test/data/suites/nt_misc/quote-01.nt,extension:.nt,203,486737bbde0b39d4369e05e7c2f5ee874db969882c27e080bef6a0fa64200848,fetched,not_parsed,,false,0,0,0,0,0,,
939866670,sesam-io/rdflib,cfd422236cd03933290757a8cacb214a40866bea,test/data/suites/nt_misc/quote-02.nt,extension:.nt,159,ad4e7e5df80be2e62c52a83ce80c6936c5c842ee109fd2230704785b57d87360,fetched,not_parsed,,false,0,0,0,0,0,,
939866670,sesam-io/rdflib,cfd422236cd03933290757a8cacb214a40866bea,test/data/suites/nt_misc/rdflibtest-pnamebrackets.nt,extension:.nt,92,f41a73260225d3f44afdbc84218803b8f28feae216572eabb37ce472ec031e74,fetched,not_parsed,,false,0,0,0,0,0,,
939866670,sesam-io/rdflib,cfd422236cd03933290757a8cacb214a40866bea,test/data/suites/nt_misc/rdflibtest01.nt,extension:.nt,131,d393d53acfee9e426f49253eed0e45ef2ad9c70557afe82a10da9ea66940252d,fetched,not_parsed,,false,0,0,0,0,0,,
939866670,sesam-io/rdflib,cfd422236cd03933290757a8cacb214a40866bea,test/data/suites/nt_misc/rdflibtest02.nt,extension:.nt,1031,67f419cf368a9074c7897b301fe2b51bce6a0431d2d5093790712d113bdd2f1b,fetched,not_parsed,,false,0,0,0,0,0,,
939866670,sesam-io/rdflib,cfd422236cd03933290757a8cacb214a40866bea,test/data/suites/nt_misc/rdflibtest03.nt,extension:.nt,671,94077451e7f1a80482ae90031080fbb72c7a29f8ee2e0aa5a4193bbcb83e8989,fetched,not_parsed,,false,0,0,0,0,0,,
939866670,sesam-io/rdflib,cfd422236cd03933290757a8cacb214a40866bea,test/data/suites/nt_misc/rdflibtest04.nt,extension:.nt,774,915802e5f77a80313f7d725289de5a1e7dc76d729521a57a785662c170d412a7,fetched,not_parsed,,false,0,0,0,0,0,,
939866670,sesam-io/rdflib,cfd422236cd03933290757a8cacb214a40866bea,test/data/suites/nt_misc/rdflibtest05.nt,extension:.nt,1011,d322ecf73ca41650ad7ad926b512f7435202cae3002a1c8fe5855a04bfd7517c,fetched,not_parsed,,false,0,0,0,0,0,,
939866670,sesam-io/rdflib,cfd422236cd03933290757a8cacb214a40866bea,test/data/suites/nt_misc/rdflibtest06.nt,extension:.nt,797,f24ce8bf5b7fb2d640c0eb03ccaecff57a0ec6b63c85b966e95396938a1b7a96,fetched,not_parsed,,false,0,0,0,0,0,,
939866670,sesam-io/rdflib,cfd422236cd03933290757a8cacb214a40866bea,test/data/suites/nt_misc/rdflibtest07.nt,extension:.nt,822,67412b15964a38b9a6e82b41d69fbc16f066019593726165ffbb45378326914d,fetched,not_parsed,,false,0,0,0,0,0,,
939866670,sesam-io/rdflib,cfd422236cd03933290757a8cacb214a40866bea,test/data/suites/nt_misc/rdflibtest08.nt,extension:.nt,711,5f097e66b9a00431bb34559b7a36d4a1fd3a834747da9ee8e9a0b35acc5f8ff5,fetched,not_parsed,,false,0,0,0,0,0,,
939866670,sesam-io/rdflib,cfd422236cd03933290757a8cacb214a40866bea,test/data/suites/nt_misc/rdflibtest09.nt,extension:.nt,649,0b02e579c5b19464c2499047236da968e7623ca5f355151d665cd7ec2f01f5ac,fetched,not_parsed,,false,0,0,0,0,0,,
939866670,sesam-io/rdflib,cfd422236cd03933290757a8cacb214a40866bea,test/data/suites/nt_misc/simple-03.nt,extension:.nt,59,0538addb4c3ffc95ccd326f529cdbad571a1753b33273774a564b662aba990f6,fetched,not_parsed,,false,0,0,0,0,0,,
939866670,sesam-io/rdflib,cfd422236cd03933290757a8cacb214a40866bea,test/data/suites/nt_misc/simple-04.nt,extension:.nt,282,cb85a8d8a6827ce689aa11694965fb61ca30aa3aca30db7a33c9ec1fb17a2781,fetched,not_parsed,,false,0,0,0,0,0,,
939866670,sesam-io/rdflib,cfd422236cd03933290757a8cacb214a40866bea,test/data/suites/nt_misc/simple-05.nt,extension:.nt,132,62c073c393ff4cfa68fb7b4f14da460f9bb6612709acc646318afc26d8af473f,fetched,not_parsed,,false,0,0,0,0,0,,
939866670,sesam-io/rdflib,cfd422236cd03933290757a8cacb214a40866bea,test/data/suites/nt_misc/simple-06.nt,extension:.nt,388,73d15e57c42083a6f7780c0f8bbf296ac088e22cab95990a57e093d98aa1cf16,fetched,not_parsed,,false,0,0,0,0,0,,
939866670,sesam-io/rdflib,cfd422236cd03933290757a8cacb214a40866bea,test/data/suites/nt_misc/simple-07.nt,extension:.nt,480,568729ce6354df0101d41518c3e18f2f7b58781d9096376585dfbfe14efe17da,fetched,not_parsed,,false,0,0,0,0,0,,
939866670,sesam-io/rdflib,cfd422236cd03933290757a8cacb214a40866bea,test/data/suites/nt_misc/test.nt,extension:.nt,4081,e5806180c6503cc7c3b5a880581e90e8c8db050f82e2f33b9f474d1470763bce,fetched,not_parsed,,false,0,0,0,0,0,,
939866670,sesam-io/rdflib,cfd422236cd03933290757a8cacb214a40866bea,test/data/suites/nt_misc/trailing-01.nt,extension:.nt,232,e734c22002a4321544fafd59b62131e40552ddc4713a7df438d21a586b78dff0,fetched,not_parsed,,false,0,0,0,0,0,,
939866670,sesam-io/rdflib,cfd422236cd03933290757a8cacb214a40866bea,test/data/suites/nt_misc/trailing-02.nt,extension:.nt,358,6a301d726b86ea14691eaeb878a280d944aa516c2afe3546eddf59001437f2b5,fetched,not_parsed,,false,0,0,0,0,0,,
939866670,sesam-io/rdflib,cfd422236cd03933290757a8cacb214a40866bea,test/data/suites/nt_misc/verbs-01.nt,extension:.nt,61,ed43aca918ca4ac7fedeea33ba30f215148312e11bf6ccf35534a697c3d75e4d,fetched,not_parsed,,false,0,0,0,0,0,,
939866670,sesam-io/rdflib,cfd422236cd03933290757a8cacb214a40866bea,test/data/suites/nt_misc/verbs-02.nt,extension:.nt,63,58052dff72495a14b1c6951256a5fadf1c9b53487ede4c203d0765e64580992d,fetched,not_parsed,,false,0,0,0,0,0,,
939866670,sesam-io/rdflib,cfd422236cd03933290757a8cacb214a40866bea,test/data/suites/nt_misc/verbs-03.nt,extension:.nt,107,e6077931c66e6e698d7f62a4fd6ed6972ccb88d23fb338bbae7f9d664d0d6f61,fetched,not_parsed,,false,0,0,0,0,0,,
939866670,sesam-io/rdflib,cfd422236cd03933290757a8cacb214a40866bea,test/data/suites/nt_misc/verbs-04.nt,extension:.nt,109,3616dd70be4f63338c573231a110e07b3edf2e6f036b816da5d8ec9f83c6a79e,fetched,not_parsed,,false,0,0,0,0,0,,
939866670,sesam-io/rdflib,cfd422236cd03933290757a8cacb214a40866bea,test/data/suites/nt_misc/verbs-05.nt,extension:.nt,63,11908764b32cef9812d44ba085902458588cc6ebda303a5b59fbb3b0cfb0f2fc,fetched,not_parsed,,false,0,0,0,0,0,,
939866670,sesam-io/rdflib,cfd422236cd03933290757a8cacb214a40866bea,test/data/suites/nt_misc/verbs-06.nt,extension:.nt,95,c3249301b23d3bba41a57c54047e861d49ddafaa707dc2d137acdbff913d92df,fetched,not_parsed,,false,0,0,0,0,0,,
939866670,sesam-io/rdflib,cfd422236cd03933290757a8cacb214a40866bea,test/data/suites/rdflib/sparql/bindscope.ttl,extension:.ttl,225,1ea228e840711137272484714636f77273bfe83d298c1e7bcbca6fda1f9d50e7,fetched,not_parsed,,false,0,0,0,0,0,,
939866670,sesam-io/rdflib,cfd422236cd03933290757a8cacb214a40866bea,test/data/suites/rdflib/sparql/bnode-ppath-mix.ttl,extension:.ttl,508,b73c6972a00517f9e1f2ed115b404475961657f0ef677286fd478a4fc31485a2,fetched,not_parsed,,false,0,0,0,0,0,,
939866670,sesam-io/rdflib,cfd422236cd03933290757a8cacb214a40866bea,test/data/suites/rdflib/sparql/manifest.ttl,extension:.ttl,13162,08d78f7b5eea6e71039edff8b8ac891d60853150be4103d48ddb434e3339a8b6,fetched,not_parsed,,false,0,0,0,0,0,,
939866670,sesam-io/rdflib,cfd422236cd03933290757a8cacb214a40866bea,test/data/suites/rdflib/sparql/minusfilter.ttl,extension:.ttl,100,3ef4788bc3074e3b4311ce747d7d3ff178c2be596cfd699c4bff9b2dd2306c4b,fetched,not_parsed,,false,0,0,0,0,0,,
939866670,sesam-io/rdflib,cfd422236cd03933290757a8cacb214a40866bea,test/data/suites/rdflib/sparql/subquery.ttl,extension:.ttl,76,8bc76c46bd5541ea1953451eeb2bccb97ec2016ad5c75f900f5e8ba8655dc270,fetched,not_parsed,,false,0,0,0,0,0,,
939866670,sesam-io/rdflib,cfd422236cd03933290757a8cacb214a40866bea,test/data/suites/rdflib/sparql/subqueryagg.ttl,extension:.ttl,199,429b2d30e6206b6fbd67c1f392b8c18f7c07e3d42476b6199d4c8c2d296341c3,fetched,not_parsed,,false,0,0,0,0,0,,
939866670,sesam-io/rdflib,cfd422236cd03933290757a8cacb214a40866bea,test/data/suites/rdflib/sparql/unicode.ttl,extension:.ttl,44,a5a3108aacf6e00e7120bb502ac8f1c0debfa2485c92e8f6d5fe94599bad049c,fetched,not_parsed,,false,0,0,0,0,0,,
939866670,sesam-io/rdflib,cfd422236cd03933290757a8cacb214a40866bea,test/data/suites/swap-n3/n3parser.tests_n3_10001.nt,extension:.nt,161,6f046bc551135593e8dd9bf61ba77a230044075ec433c9251dfb206a7a754fb0,fetched,not_parsed,,false,0,0,0,0,0,,
939866670,sesam-io/rdflib,cfd422236cd03933290757a8cacb214a40866bea,test/data/suites/swap-n3/n3parser.tests_n3_10002.nt,extension:.nt,364,b59f3efe9c9b72a691c57607b80e04af0bfea06ed56208f9a4cbabdb9a28aa47,fetched,not_parsed,,false,0,0,0,0,0,,
939866670,sesam-io/rdflib,cfd422236cd03933290757a8cacb214a40866bea,test/data/suites/swap-n3/n3parser.tests_n3_10003.nt,extension:.nt,32,ae008efed633303b2a896e98a6189d6e803c032cdedcf95a9aa57d4c45eb5aa4,fetched,not_parsed,,false,0,0,0,0,0,,
939866670,sesam-io/rdflib,cfd422236cd03933290757a8cacb214a40866bea,test/data/suites/swap-n3/n3parser.tests_n3_10004.nt,extension:.nt,5189,1009d375e0b367bcab1dbeb0a8a8d479e6f31f22d0f3e655d81ac398693fea2a,fetched,not_parsed,,false,0,0,0,0,0,,
939866670,sesam-io/rdflib,cfd422236cd03933290757a8cacb214a40866bea,test/data/suites/swap-n3/n3parser.tests_n3_10005.nt,extension:.nt,107,0f22c026f1fab1f10dcd208436f7b99566c47eeaae5a7d360585310cf13775fd,fetched,not_parsed,,false,0,0,0,0,0,,
939866670,sesam-io/rdflib,cfd422236cd03933290757a8cacb214a40866bea,test/data/suites/swap-n3/n3parser.tests_n3_10006.nt,extension:.nt,19984,1837fd5496d7ef72d61593ecf9f94a0db471e899ae7e21e4f78c07aec5966826,fetched,not_parsed,,false,0,0,0,0,0,,
939866670,sesam-io/rdflib,cfd422236cd03933290757a8cacb214a40866bea,test/data/suites/swap-n3/n3parser.tests_n3_10007.nt,extension:.nt,3363,e52bcb899b7a88668eb996a0b7775abfbece86f6fdc596359c1cf3ef4b80fd32,fetched,not_parsed,,false,0,0,0,0,0,,
939866670,sesam-io/rdflib,cfd422236cd03933290757a8cacb214a40866bea,test/data/suites/swap-n3/n3parser.tests_n3_10008.nt,extension:.nt,236,039119645cc2456ddc98ba51153d907a9f9e2bf5911ff1d36c7b3e43802daac8,fetched,not_parsed,,false,0,0,0,0,0,,
939866670,sesam-io/rdflib,cfd422236cd03933290757a8cacb214a40866bea,test/data/suites/swap-n3/n3parser.tests_n3_10009.nt,extension:.nt,1187,ec9993ded8cc383be32137841a56df68a772316d9040e59eab82e11ea2247980,fetched,not_parsed,,false,0,0,0,0,0,,
939866670,sesam-io/rdflib,cfd422236cd03933290757a8cacb214a40866bea,test/data/suites/swap-n3/n3parser.tests_n3_10010.nt,extension:.nt,1317,f7f9145f2ebe1734b6983d18c7000cbe6708ed2eaa66b8b0b198418dba79e5ca,fetched,not_parsed,,false,0,0,0,0,0,,
939866670,sesam-io/rdflib,cfd422236cd03933290757a8cacb214a40866bea,test/data/suites/swap-n3/n3parser.tests_n3_10011.nt,extension:.nt,542,3fa33f8ed82adfde149be909fd3a0d0717fb13e76f6397fec4802f201eb294e5,fetched,not_parsed,,false,0,0,0,0,0,,
939866670,sesam-io/rdflib,cfd422236cd03933290757a8cacb214a40866bea,test/data/suites/swap-n3/n3parser.tests_n3_10012.nt,extension:.nt,2700,e85ec4399ca07723c29d1ba5324f6ef583d81e54826805e713d39ed9be7e79ff,fetched,not_parsed,,false,0,0,0,0,0,,
939866670,sesam-io/rdflib,cfd422236cd03933290757a8cacb214a40866bea,test/data/suites/swap-n3/n3parser.tests_n3_10013.nt,extension:.nt,1478,bb3d0a399931a54439b50e38f89edcd848dbd9b38851923768f625d88faa27a6,fetched,not_parsed,,false,0,0,0,0,0,,
939866670,sesam-io/rdflib,cfd422236cd03933290757a8cacb214a40866bea,test/data/suites/swap-n3/n3parser.tests_n3_10014.nt,extension:.nt,4634,44003bf06fc3519631c094e9b4e3edfc90f005ec0297c3673a1921df26e2f55d,fetched,not_parsed,,false,0,0,0,0,0,,
939866670,sesam-io/rdflib,cfd422236cd03933290757a8cacb214a40866bea,test/data/suites/swap-n3/n3parser.tests_n3_10015.nt,extension:.nt,4608,2ab111841067facbff6f124a1db639af5b615fafa90c242000a0cabb2a242b1b,fetched,not_parsed,,false,0,0,0,0,0,,
939866670,sesam-io/rdflib,cfd422236cd03933290757a8cacb214a40866bea,test/data/suites/swap-n3/n3parser.tests_n3_10016.nt,extension:.nt,1032,e63564258c40daa372472e8f9e566900e1df460eb4a056e6e2ee805d02a6e21d,fetched,not_parsed,,false,0,0,0,0,0,,
939866670,sesam-io/rdflib,cfd422236cd03933290757a8cacb214a40866bea,test/data/suites/swap-n3/n3parser.tests_n3_10017.nt,extension:.nt,7410,5d4e503004e694b3990138aa600f8dbb5632cc970a71bd4e36356e1e2746ab62,fetched,not_parsed,,false,0,0,0,0,0,,
939866670,sesam-io/rdflib,cfd422236cd03933290757a8cacb214a40866bea,test/data/suites/swap-n3/n3parser.tests_n3_10018.nt,extension:.nt,707,32eb836638bf1bfe07829b55f0ff7659b346e872adabc12f5385ef362d38b53f,fetched,not_parsed,,false,0,0,0,0,0,,
939866670,sesam-io/rdflib,cfd422236cd03933290757a8cacb214a40866bea,test/data/suites/swap-n3/n3parser.tests_n3_10019.nt,extension:.nt,158,a6c185c3cfced229cde0f0698f425fed28f7a83c7ca5f1713a787e98bd164f91,fetched,not_parsed,,false,0,0,0,0,0,,
939866670,sesam-io/rdflib,cfd422236cd03933290757a8cacb214a40866bea,test/data/suites/swap-n3/n3parser.tests_n3_10020.nt,extension:.nt,1171,8a06156a79360cde8af90705780b9238d3a55dea978507b0be9f5036f406778b,fetched,not_parsed,,false,0,0,0,0,0,,
939866670,sesam-io/rdflib,cfd422236cd03933290757a8cacb214a40866bea,test/data/suites/swap-n3/n3parser.tests_n3_20000.nt,extension:.nt,19,91278562c699295dda64fae2f5404d192d0ab4222842985721bb674616a356b1,fetched,not_parsed,,false,0,0,0,0,0,,
939866670,sesam-io/rdflib,cfd422236cd03933290757a8cacb214a40866bea,test/data/suites/swap-n3/n3parser.tests_n3_20001.nt,extension:.nt,0,e3b0c44298fc1c149afbf4c8996fb92427ae41e4649b934ca495991b7852b855,fetched,not_parsed,,false,0,0,0,0,0,,
939866670,sesam-io/rdflib,cfd422236cd03933290757a8cacb214a40866bea,test/data/suites/swap-n3/n3parser.tests_n3_20002.nt,extension:.nt,0,e3b0c44298fc1c149afbf4c8996fb92427ae41e4649b934ca495991b7852b855,fetched,not_parsed,,false,0,0,0,0,0,,
939866670,sesam-io/rdflib,cfd422236cd03933290757a8cacb214a40866bea,test/data/suites/swap-n3/n3parser.tests_n3_20003.nt,extension:.nt,0,e3b0c44298fc1c149afbf4c8996fb92427ae41e4649b934ca495991b7852b855,fetched,not_parsed,,false,0,0,0,0,0,,
939866670,sesam-io/rdflib,cfd422236cd03933290757a8cacb214a40866bea,test/data/suites/swap-n3/swap/test/anon-prop.n3,extension:.n3,541,8424a090d5648549341269196557a4e958ff17005fc006309f97868c41abc19b,fetched,not_parsed,,false,0,0,0,0,0,,
939866670,sesam-io/rdflib,cfd422236cd03933290757a8cacb214a40866bea,test/data/suites/swap-n3/swap/test/contexts.n3,extension:.n3,379,ce24be237fbb24269ccc8b727fec5ad6e4522bacc03494e947ef3e4456b609bd,fetched,not_parsed,,false,0,0,0,0,0,,
939866670,sesam-io/rdflib,cfd422236cd03933290757a8cacb214a40866bea,test/data/suites/swap-n3/swap/test/i18n/hiragana.n3,extension:.n3,704,304a56b3635be524806df5eca90a003353db26e8dc4ea9d6b78e05fa002762e8,fetched,not_parsed,,false,0,0,0,0,0,,
939866670,sesam-io/rdflib,cfd422236cd03933290757a8cacb214a40866bea,test/data/suites/swap-n3/swap/test/lists.n3,extension:.n3,490,3eaefa092c4f7ff986373008a095e37f299c678f98c20a032ad18e834710c359,fetched,not_parsed,,false,0,0,0,0,0,,
939866670,sesam-io/rdflib,cfd422236cd03933290757a8cacb214a40866bea,test/data/suites/swap-n3/swap/test/strquot.n3,extension:.n3,601,9520bfa961544856d6aacd541cde7b664a1e487dca51609f01734b42294b2443,fetched,not_parsed,,false,0,0,0,0,0,,
939866670,sesam-io/rdflib,cfd422236cd03933290757a8cacb214a40866bea,test/data/suites/swap-n3/swap/test/syntax/djb1a.n3,extension:.n3,94,eff05aeaed56998fec48c7e1380705ac9dbbd60b3eecbe3a383106c92e3654fa,fetched,not_parsed,,false,0,0,0,0,0,,
939866670,sesam-io/rdflib,cfd422236cd03933290757a8cacb214a40866bea,test/data/suites/swap-n3/swap/test/syntax/dot-dash.n3,extension:.n3,430,62ea8814c8703e11b63a4c78fb2b382b8d72b94b9cded9c789484c50ed65940d,fetched,not_parsed,,false,0,0,0,0,0,,
939866670,sesam-io/rdflib,cfd422236cd03933290757a8cacb214a40866bea,test/data/suites/swap-n3/swap/test/syntax/equals1.n3,extension:.n3,10,d22cb9141cb57edf348251cb85b0875bac9f88c067c5438563830809502f0ae3,fetched,not_parsed,,false,0,0,0,0,0,,
939866670,sesam-io/rdflib,cfd422236cd03933290757a8cacb214a40866bea,test/data/suites/swap-n3/swap/test/syntax/equals2.n3,extension:.n3,15,0f455aaa7a4a130e24343d6d1f725305a66d4b04216e95e5d23ca0e4d68240d0,fetched,not_parsed,,false,0,0,0,0,0,,
939866670,sesam-io/rdflib,cfd422236cd03933290757a8cacb214a40866bea,test/data/suites/swap-n3/swap/test/syntax/keywords1.n3,extension:.n3,293,4cb7a77927e21438505f6615ec0ae0cd6c7fb404784a412a2c0d7c8a839425a5,fetched,not_parsed,,false,0,0,0,0,0,,
939866670,sesam-io/rdflib,cfd422236cd03933290757a8cacb214a40866bea,test/data/suites/swap-n3/swap/test/syntax/keywords2.n3,extension:.n3,326,817a5eb4212f97be440c25e1f17bb067f84689ff8bf4111e7cdcfe8c56b1bedd,fetched,not_parsed,,false,0,0,0,0,0,,
939866670,sesam-io/rdflib,cfd422236cd03933290757a8cacb214a40866bea,test/data/suites/swap-n3/swap/test/syntax/lstring.n3,extension:.n3,1016,1a36a029d44662ddc5161960fc245a3b18d92974d27f48d0197e7b57718aaeaa,fetched,not_parsed,,false,0,0,0,0,0,,
939866670,sesam-io/rdflib,cfd422236cd03933290757a8cacb214a40866bea,test/data/suites/swap-n3/swap/test/syntax/neg-formula-predicate.n3,extension:.n3,19,0af7171b9e90e4c550087dc7d49705413294805f98d3fe748d7b3cb22da4764f,fetched,not_parsed,,false,0,0,0,0,0,,
939866670,sesam-io/rdflib,cfd422236cd03933290757a8cacb214a40866bea,test/data/suites/swap-n3/swap/test/syntax/neg-keywords3.n3,extension:.n3,33,063b5b7742e1eb81a0f45a5fb1ccd397764c8afdd5ba2b8585c7f2799ea8d0cf,fetched,not_parsed,,false,0,0,0,0,0,,
939866670,sesam-io/rdflib,cfd422236cd03933290757a8cacb214a40866bea,test/data/suites/swap-n3/swap/test/syntax/neg-literal-predicate.n3,extension:.n3,16,7af301cc9102611b85c7c3efe846c7d1bf81e5a7ce737df0ed24d46ae429850d,fetched,not_parsed,,false,0,0,0,0,0,,
939866670,sesam-io/rdflib,cfd422236cd03933290757a8cacb214a40866bea,test/data/suites/swap-n3/swap/test/syntax/neg-single-quote.n3,extension:.n3,38,ad259e01a46afa3e427abe83c515e322077b59a35c34bb672be7b07f7f6facfd,fetched,not_parsed,,false,0,0,0,0,0,,
939866670,sesam-io/rdflib,cfd422236cd03933290757a8cacb214a40866bea,test/data/suites/swap-n3/swap/test/syntax/neg-thisadoc.n3,extension:.n3,48,44c7ba62f092d3a59340cd65dab7dda082b5d07ceba6bb5332c47e2ad971c926,fetched,not_parsed,,false,0,0,0,0,0,,
939866670,sesam-io/rdflib,cfd422236cd03933290757a8cacb214a40866bea,test/data/suites/swap-n3/swap/test/syntax/no-last-nl.n3,extension:.n3,15,e59fdb837b45ed5152198c1286c8dd26a89df630587c13f966d3b42537ef7114,fetched,not_parsed,,false,0,0,0,0,0,,
939866670,sesam-io/rdflib,cfd422236cd03933290757a8cacb214a40866bea,test/data/suites/swap-n3/swap/test/syntax/numbers.n3,extension:.n3,557,1ba3952ceff1dee569c15f33381c87f1a9daccfbc567f9b29cfb2183c602b167,fetched,not_parsed,,false,0,0,0,0,0,,
939866670,sesam-io/rdflib,cfd422236cd03933290757a8cacb214a40866bea,test/data/suites/swap-n3/swap/test/syntax/path1.n3,extension:.n3,644,c681660a8053d52d3b2c43ba526e39156b5ecbe9bab673bd98669e83f397a5e4,fetched,not_parsed,,false,0,0,0,0,0,,
939866670,sesam-io/rdflib,cfd422236cd03933290757a8cacb214a40866bea,test/data/suites/swap-n3/swap/test/syntax/path2.n3,extension:.n3,890,d1bfaec15f88d16be1e0f260cf7f955a54eda0826a44ece5f0b64f6f4465f395,fetched,not_parsed,,false,0,0,0,0,0,,
939866670,sesam-io/rdflib,cfd422236cd03933290757a8cacb214a40866bea,test/data/suites/swap-n3/swap/test/syntax/qvars1.n3,extension:.n3,663,8a246b235d02618de27b36efb8f4da81f5aadc1bf0101a6e7aea75d604b3cbad,fetched,not_parsed,,false,0,0,0,0,0,,
939866670,sesam-io/rdflib,cfd422236cd03933290757a8cacb214a40866bea,test/data/suites/swap-n3/swap/test/syntax/qvars2.n3,extension:.n3,662,bb89e6f4649d5661fb970e273288463d0080e029d153dfdbacb31dd24c13bf98,fetched,not_parsed,,false,0,0,0,0,0,,
939866670,sesam-io/rdflib,cfd422236cd03933290757a8cacb214a40866bea,test/data/suites/swap-n3/swap/test/syntax/this-quantifiers.n3,extension:.n3,5392,a6971fb3804e5561e383e06f4af26c973c7e1959ceb955f111c3f831e35ad37e,fetched,not_parsed,,false,0,0,0,0,0,,
939866670,sesam-io/rdflib,cfd422236cd03933290757a8cacb214a40866bea,test/data/suites/swap-n3/swap/test/syntax/this-rules.n3,extension:.n3,998,5b7db75313ce5b0316694c052ffa9d91c6bb2e1e08270f66f40902793bd98761,fetched,not_parsed,,false,0,0,0,0,0,,
939866670,sesam-io/rdflib,cfd422236cd03933290757a8cacb214a40866bea,test/data/suites/swap-n3/swap/test/syntax/too-nested.n3,extension:.n3,2188,8bc79517944f4eee805b68778503555bb49669483e9502fcd763d30b8131e1cb,fetched,not_parsed,,false,0,0,0,0,0,,
939866670,sesam-io/rdflib,cfd422236cd03933290757a8cacb214a40866bea,test/data/suites/swap-n3/swap/test/syntax/trailing-semicolon.n3,extension:.n3,209,f341e6a3fbc58e35f9587b26363f812ae399cc8906e8d6c9bf2f3ec4f73fa39b,fetched,not_parsed,,false,0,0,0,0,0,,
939866670,sesam-io/rdflib,cfd422236cd03933290757a8cacb214a40866bea,test/data/suites/swap-n3/swap/test/syntax/zero-objects.n3,extension:.n3,8,e079aa00e721bd760f6ea989cd682337ac2dbf0e2fc1ae83e9bb875d7a40f5a4,fetched,not_parsed,,false,0,0,0,0,0,,
939866670,sesam-io/rdflib,cfd422236cd03933290757a8cacb214a40866bea,test/data/suites/swap-n3/swap/test/syntax/zero-predicates.n3,extension:.n3,22,92e947738a440ecb8218bd54fffb44eda924e8eb04187359c97c883ce20bcf65,fetched,not_parsed,,false,0,0,0,0,0,,
939866670,sesam-io/rdflib,cfd422236cd03933290757a8cacb214a40866bea,test/data/suites/swap-n3/test_results.n3,extension:.n3,169104,d661229f5fc091ce2f44937ffb9351bb1065e26c50702ea11ad582bdd7238c5e,fetched,not_parsed,,false,0,0,0,0,0,,
939866670,sesam-io/rdflib,cfd422236cd03933290757a8cacb214a40866bea,test/data/suites/trix/manifest.ttl,extension:.ttl,23496,484d3731dd5628566f56a27180bebeb9c9dc28230ab953532d1e6f855da28aa3,fetched,not_parsed,,false,0,0,0,0,0,,
939866670,sesam-io/rdflib,cfd422236cd03933290757a8cacb214a40866bea,test/data/suites/trix/trix-aperture.nq,extension:.nq,4379,4de4dea571e9595403d14862939bc32d10957a350e58d204a6f19e37e6d0b7ad,fetched,not_parsed,,false,0,0,0,0,0,,
939866670,sesam-io/rdflib,cfd422236cd03933290757a8cacb214a40866bea,test/data/suites/trix/trix-bnode-context-obj-bnodes.nq,extension:.nq,257,e2941c33318bceef1acd01e30555fc704d273714e8fd7df1ffdbaf1b97888e87,fetched,not_parsed,,false,0,0,0,0,0,,
939866670,sesam-io/rdflib,cfd422236cd03933290757a8cacb214a40866bea,test/data/suites/trix/trix-bnode-context.nq,extension:.nq,236,1dcabe9d339ede694e970a178a4faa9c5f4bc9dfccb747045499a0bb23af810c,fetched,not_parsed,,false,0,0,0,0,0,,
939866670,sesam-io/rdflib,cfd422236cd03933290757a8cacb214a40866bea,test/data/suites/trix/trix-example.nq,extension:.nq,83260,4482c8d5d58e40c84941ba6b86e8e3c9aac7ed808f98bd9efb05df0489cc59ef,fetched,not_parsed,,false,0,0,0,0,0,,
939866670,sesam-io/rdflib,cfd422236cd03933290757a8cacb214a40866bea,test/data/suites/trix/trix-jena-01.nq,extension:.nq,0,e3b0c44298fc1c149afbf4c8996fb92427ae41e4649b934ca495991b7852b855,fetched,not_parsed,,false,0,0,0,0,0,,
939866670,sesam-io/rdflib,cfd422236cd03933290757a8cacb214a40866bea,test/data/suites/trix/trix-jena-02.nq,extension:.nq,0,e3b0c44298fc1c149afbf4c8996fb92427ae41e4649b934ca495991b7852b855,fetched,not_parsed,,false,0,0,0,0,0,,
939866670,sesam-io/rdflib,cfd422236cd03933290757a8cacb214a40866bea,test/data/suites/trix/trix-jena-03.nq,extension:.nq,0,e3b0c44298fc1c149afbf4c8996fb92427ae41e4649b934ca495991b7852b855,fetched,not_parsed,,false,0,0,0,0,0,,
939866670,sesam-io/rdflib,cfd422236cd03933290757a8cacb214a40866bea,test/data/suites/trix/trix-jena-04.nq,extension:.nq,71,bea6dbc5d93a3b69e7111bc2188c91db89606697db912846098af9d89fa98843,fetched,not_parsed,,false,0,0,0,0,0,,
939866670,sesam-io/rdflib,cfd422236cd03933290757a8cacb214a40866bea,test/data/suites/trix/trix-jena-05.nq,extension:.nq,94,b66ef759206fb603629807e5e0245572cb319de048599febf4c988235a26ca9f,fetched,not_parsed,,false,0,0,0,0,0,,
939866670,sesam-io/rdflib,cfd422236cd03933290757a8cacb214a40866bea,test/data/suites/trix/trix-jena-06.nq,extension:.nq,107,e3be117dd7a5f5661ea98df2f3842bd4c66fb94451af6f03339bd5cfde9c568b,fetched,not_parsed,,false,0,0,0,0,0,,
939866670,sesam-io/rdflib,cfd422236cd03933290757a8cacb214a40866bea,test/data/suites/trix/trix-jena-10.nq,extension:.nq,472,1f9dcdd6976314b9bb0dbce2c9eeb116afd7371e2e56ef082f610c981d3a3e7e,fetched,not_parsed,,false,0,0,0,0,0,,
939866670,sesam-io/rdflib,cfd422236cd03933290757a8cacb214a40866bea,test/data/suites/trix/trix-jena-11.nq,extension:.nq,111,b073a5f3ce889ecb8d609b155734ef66dcc4bede0edb29e3ed9071fa2e0eff18,fetched,not_parsed,,false,0,0,0,0,0,,
939866670,sesam-io/rdflib,cfd422236cd03933290757a8cacb214a40866bea,test/data/suites/trix/trix-jena-12.nq,extension:.nq,154,e52b9e16cd0013b02cd3e577b981d1f1194e346eaab969ba975fb8012611efa4,fetched,not_parsed,,false,0,0,0,0,0,,
939866670,sesam-io/rdflib,cfd422236cd03933290757a8cacb214a40866bea,test/data/suites/trix/trix-jena-13.nq,extension:.nq,156,163cb53f2b591734cc91ad3446ab82b0838ed79d213b91921679ade795548416,fetched,not_parsed,,false,0,0,0,0,0,,
939866670,sesam-io/rdflib,cfd422236cd03933290757a8cacb214a40866bea,test/data/suites/trix/trix-jena-14.nq,extension:.nq,227,c8c8aa9b2d923074969f0e3b17b5001dae318b1187c9b8654855016a95bee262,fetched,not_parsed,,false,0,0,0,0,0,,
939866670,sesam-io/rdflib,cfd422236cd03933290757a8cacb214a40866bea,test/data/suites/trix/trix-jena-15.nq,extension:.nq,208,1378af0c42698cc10d97fe3eb675bea03148f63c8e6a30173678cda978fab390,fetched,not_parsed,,false,0,0,0,0,0,,
939866670,sesam-io/rdflib,cfd422236cd03933290757a8cacb214a40866bea,test/data/suites/trix/trix-jena-ns-1.nq,extension:.nq,268,42a44b2061ac25b1333e0385a12edbc617e65bffc577af4cd02cccf99cec7b84,fetched,not_parsed,,false,0,0,0,0,0,,
939866670,sesam-io/rdflib,cfd422236cd03933290757a8cacb214a40866bea,test/data/suites/trix/trix-jena-ns-2.nq,extension:.nq,268,42a44b2061ac25b1333e0385a12edbc617e65bffc577af4cd02cccf99cec7b84,fetched,not_parsed,,false,0,0,0,0,0,,
939866670,sesam-io/rdflib,cfd422236cd03933290757a8cacb214a40866bea,test/data/suites/trix/trix-jena-star-1.nq,extension:.nq,233,8403e1f5a162ce3e5ba19385eafacf53bae056320ab61a8d54865cbf9e47e5f8,fetched,not_parsed,,false,0,0,0,0,0,,
939866670,sesam-io/rdflib,cfd422236cd03933290757a8cacb214a40866bea,test/data/suites/trix/trix-jena-star-2.nq,extension:.nq,710,cd6ac77f40b35b1246801925fb49a0786495d0b72b9ebe508c76b9c83ff7bf7b,fetched,not_parsed,,false,0,0,0,0,0,,
939866670,sesam-io/rdflib,cfd422236cd03933290757a8cacb214a40866bea,test/data/suites/trix/trix-jena-w3c-1.nq,extension:.nq,0,e3b0c44298fc1c149afbf4c8996fb92427ae41e4649b934ca495991b7852b855,fetched,not_parsed,,false,0,0,0,0,0,,
939866670,sesam-io/rdflib,cfd422236cd03933290757a8cacb214a40866bea,test/data/suites/trix/trix-jena-w3c-2.nq,extension:.nq,71,bea6dbc5d93a3b69e7111bc2188c91db89606697db912846098af9d89fa98843,fetched,not_parsed,,false,0,0,0,0,0,,
939866670,sesam-io/rdflib,cfd422236cd03933290757a8cacb214a40866bea,test/data/suites/trix/trix-ng4j-alternateencoding.nq,extension:.nq,59,ab87e0e3e4b27ac326e7da0c9d82614a3898a4041144e3d278baaad811f0ca36,fetched,not_parsed,,false,0,0,0,0,0,,
939866670,sesam-io/rdflib,cfd422236cd03933290757a8cacb214a40866bea,test/data/suites/trix/trix-ng4j-blanknodes.nq,extension:.nq,180,a9c527e6e0f5831e6e0ff7865d86b70bed114c0065c11fab7d6ab45871c79f21,fetched,not_parsed,,false,0,0,0,0,0,,
939866670,sesam-io/rdflib,cfd422236cd03933290757a8cacb214a40866bea,test/data/suites/trix/trix-ng4j-blanknodes2.nq,extension:.nq,180,d4aec6f82b85ecd1da90f09d2382f3b074057b3dcff840c1fc0125c87531a670,fetched,not_parsed,,false,0,0,0,0,0,,
939866670,sesam-io/rdflib,cfd422236cd03933290757a8cacb214a40866bea,test/data/suites/trix/trix-ng4j-escape.nq,extension:.nq,61,29a595373754dc56fe4b9385877d0175e43cc40debe14d614d4d355985d0e341,fetched,not_parsed,,false,0,0,0,0,0,,
939866670,sesam-io/rdflib,cfd422236cd03933290757a8cacb214a40866bea,test/data/suites/trix/trix-ng4j-extended.nq,extension:.nq,74,1a0e0e1e82fbfbb4571c3a4d258e3c68691c8410f81cbb2b0ae2208db7eaf573,fetched,not_parsed,,false,0,0,0,0,0,,
939866670,sesam-io/rdflib,cfd422236cd03933290757a8cacb214a40866bea,test/data/suites/trix/trix-ng4j-ignoremultiplegraphs.nq,extension:.nq,249,4d183d54ae6c96f8597f0511805101651a36f3f7e6d9748d84441e059e9cadc2,fetched,not_parsed,,false,0,0,0,0,0,,
939866670,sesam-io/rdflib,cfd422236cd03933290757a8cacb214a40866bea,test/data/suites/trix/trix-ng4j-ignorexmlcomments.nq,extension:.nq,80,9c45f463179fb78808ee613261a562b292ea5c6ff71f1931d1f0050162fccee3,fetched,not_parsed,,false,0,0,0,0,0,,
939866670,sesam-io/rdflib,cfd422236cd03933290757a8cacb214a40866bea,test/data/suites/trix/trix-ng4j-missingnamespace.nq,extension:.nq,80,9c45f463179fb78808ee613261a562b292ea5c6ff71f1931d1f0050162fccee3,fetched,not_parsed,,false,0,0,0,0,0,,
939866670,sesam-io/rdflib,cfd422236cd03933290757a8cacb214a40866bea,test/data/suites/trix/trix-ng4j-namedgraphs.nq,extension:.nq,224,a012a2eb3e1e42264c6d876b8128404792ba45cb335f63611d3664ffd19965a7,fetched,not_parsed,,false,0,0,0,0,0,,
939866670,sesam-io/rdflib,cfd422236cd03933290757a8cacb214a40866bea,test/data/suites/trix/trix-ng4j-objectnodetypes.nq,extension:.nq,388,83766f7418bd5ebd634891a6487d7d0e62e53808b6b624cc0ab485700c457ba7,fetched,not_parsed,,false,0,0,0,0,0,,
939866670,sesam-io/rdflib,cfd422236cd03933290757a8cacb214a40866bea,test/data/suites/trix/trix-ng4j-relativeuris.nq,extension:.nq,144,f925c1404eb5bb25f7b4edd306caa69d65266476af29d49fb41ed7d2bd23631e,fetched,not_parsed,,false,0,0,0,0,0,,
939866670,sesam-io/rdflib,cfd422236cd03933290757a8cacb214a40866bea,test/data/suites/trix/trix-ng4j-singletriple.nq,extension:.nq,80,9c45f463179fb78808ee613261a562b292ea5c6ff71f1931d1f0050162fccee3,fetched,not_parsed,,false,0,0,0,0,0,,
939866670,sesam-io/rdflib,cfd422236cd03933290757a8cacb214a40866bea,test/data/suites/trix/trix-ng4j-specialchars.nq,extension:.nq,59,ab87e0e3e4b27ac326e7da0c9d82614a3898a4041144e3d278baaad811f0ca36,fetched,not_parsed,,false,0,0,0,0,0,,
939866670,sesam-io/rdflib,cfd422236cd03933290757a8cacb214a40866bea,test/data/suites/trix/trix-ng4j-subjectnodetypes.nq,extension:.nq,170,ef10384c2f055f58ac7301df849d4d0cc2c99e3833228b29764b49ff170b1d77,fetched,not_parsed,,false,0,0,0,0,0,,
939866670,sesam-io/rdflib,cfd422236cd03933290757a8cacb214a40866bea,test/data/suites/trix/trix-ng4j-test-01.nq,extension:.nq,10894,9223670a40906adc7678139424599e0873804416efd420440736d4c7d0ca306e,fetched,not_parsed,,false,0,0,0,0,0,,
939866670,sesam-io/rdflib,cfd422236cd03933290757a8cacb214a40866bea,test/data/suites/trix/trix-ng4j-test-02.nq,extension:.nq,305,07b357c40afe8d7b7482facb341f9dd00e6cb92ec8000d840aaffacf5d6abcd4,fetched,not_parsed,,false,0,0,0,0,0,,
939866670,sesam-io/rdflib,cfd422236cd03933290757a8cacb214a40866bea,test/data/suites/trix/trix-nokia-example-2010.nq,extension:.nq,2323,7e30691bf0a9520d8a9a1147a8870f9615fa4b085a158988fa3b0834e05195a8,fetched,not_parsed,,false,0,0,0,0,0,,
939866670,sesam-io/rdflib,cfd422236cd03933290757a8cacb214a40866bea,test/data/suites/trix/trix-nokia-example.nq,extension:.nq,2323,c79b8465290840c4e7e71b29b714f1324ffb62c4def1b41a9712b050d03d483f,fetched,not_parsed,,false,0,0,0,0,0,,
939866670,sesam-io/rdflib,cfd422236cd03933290757a8cacb214a40866bea,test/data/suites/trix/trix-nquads-example.nq,extension:.nq,83260,e97954358511f39ee71281c38a431967414b2b8ad6969c148938607b024b6b94,fetched,not_parsed,,false,0,0,0,0,0,,
939866670,sesam-io/rdflib,cfd422236cd03933290757a8cacb214a40866bea,test/data/suites/trix/trix-test1.nq,extension:.nq,738,e01186a898e7706c0917bacfd71d33eee43852601c3dcc42e2712ac1007940b3,fetched,not_parsed,,false,0,0,0,0,0,,
939866670,sesam-io/rdflib,cfd422236cd03933290757a8cacb214a40866bea,test/data/suites/trix/trix-test2.nq,extension:.nq,118246,adaa234c4aabfd28ad96b4fcd6bd29cde846366c8d497b09d3ddcd9ad837aefd,fetched,not_parsed,,false,0,0,0,0,0,,
939866670,sesam-io/rdflib,cfd422236cd03933290757a8cacb214a40866bea,test/data/suites/trix/trix-test3.nq,extension:.nq,1039,481bddd78fc9c4abab475f265e9cda5d54d09ddd6866d84ea969e70f32529c22,fetched,not_parsed,,false,0,0,0,0,0,,
939866670,sesam-io/rdflib,cfd422236cd03933290757a8cacb214a40866bea,test/data/suites/trix/trix-test4.nq,extension:.nq,18790,d4c3f35c37c72730c104039e338435b3d5e7288e42654c91177fc62944c083b3,fetched,not_parsed,,false,0,0,0,0,0,,
939866670,sesam-io/rdflib,cfd422236cd03933290757a8cacb214a40866bea,test/data/suites/trix/trix-test5.nq,extension:.nq,49503,a15af30a4566b5e81913256a54990197f7606428d7d897394cb687b23f6f4f1f,fetched,not_parsed,,false,0,0,0,0,0,,
939866670,sesam-io/rdflib,cfd422236cd03933290757a8cacb214a40866bea,test/data/suites/w3c/dawg-data-r2/algebra/data-1.ttl,extension:.ttl,115,c15bf43538492b915e1414b823050af114bc271a19fc075dc97e230798eff1e9,fetched,not_parsed,,false,0,0,0,0,0,,
939866670,sesam-io/rdflib,cfd422236cd03933290757a8cacb214a40866bea,test/data/suites/w3c/dawg-data-r2/algebra/data-2.ttl,extension:.ttl,265,245c226aa3b03e3d1ad37e674ab0991d7d52e35a0315bff39ca47b9931b584a7,fetched,not_parsed,,false,0,0,0,0,0,,
939866670,sesam-io/rdflib,cfd422236cd03933290757a8cacb214a40866bea,test/data/suites/w3c/dawg-data-r2/algebra/join-combo-graph-1.ttl,extension:.ttl,141,c6ed8ef2a6c58f7b971c2bdb3dc21e7bc2f4512b165dddac42ea3434446e5bfa,fetched,not_parsed,,false,0,0,0,0,0,,
939866670,sesam-io/rdflib,cfd422236cd03933290757a8cacb214a40866bea,test/data/suites/w3c/dawg-data-r2/algebra/join-combo-graph-2.ttl,extension:.ttl,420,f8f17abb7d60d86ddf95c82d3fed3255c934718b9d9fe32329bac3247c0bae24,fetched,not_parsed,,false,0,0,0,0,0,,
939866670,sesam-io/rdflib,cfd422236cd03933290757a8cacb214a40866bea,test/data/suites/w3c/dawg-data-r2/algebra/manifest.ttl,extension:.ttl,7627,23c17006f833324ea8a4465564af73f99f94443d0a9e1f5ed7ce1f07841352b9,fetched,not_parsed,,false,0,0,0,0,0,,
939866670,sesam-io/rdflib,cfd422236cd03933290757a8cacb214a40866bea,test/data/suites/w3c/dawg-data-r2/algebra/opt-filter-1.ttl,extension:.ttl,206,d19125086f9f7c13223b334942ad2f7bec83f1ca0a00391bdf01856551004625,fetched,not_parsed,,false,0,0,0,0,0,,
939866670,sesam-io/rdflib,cfd422236cd03933290757a8cacb214a40866bea,test/data/suites/w3c/dawg-data-r2/algebra/opt-filter-2.ttl,extension:.ttl,206,d19125086f9f7c13223b334942ad2f7bec83f1ca0a00391bdf01856551004625,fetched,not_parsed,,false,0,0,0,0,0,,
939866670,sesam-io/rdflib,cfd422236cd03933290757a8cacb214a40866bea,test/data/suites/w3c/dawg-data-r2/algebra/opt-filter-3.ttl,extension:.ttl,206,d19125086f9f7c13223b334942ad2f7bec83f1ca0a00391bdf01856551004625,fetched,not_parsed,,false,0,0,0,0,0,,
939866670,sesam-io/rdflib,cfd422236cd03933290757a8cacb214a40866bea,test/data/suites/w3c/dawg-data-r2/algebra/two-nested-opt.ttl,extension:.ttl,203,5e0a6008a5c54407e6d086d506ab68082132ab9df043bff28f4b774692d950f9,fetched,not_parsed,,false,0,0,0,0,0,,
939866670,sesam-io/rdflib,cfd422236cd03933290757a8cacb214a40866bea,test/data/suites/w3c/dawg-data-r2/algebra/var-scope-join-1.ttl,extension:.ttl,321,df1b588ec4d30fe21a10d3e561d9bf27198771c3794f8cbd7491b6e371c95f11,fetched,not_parsed,,false,0,0,0,0,0,,
939866670,sesam-io/rdflib,cfd422236cd03933290757a8cacb214a40866bea,test/data/suites/w3c/dawg-data-r2/ask/data.ttl,extension:.ttl,189,136d2ca9fd4d6038ac8c3f25390ea570424be49d0f2904e320f387cad64b6057,fetched,not_parsed,,false,0,0,0,0,0,,
939866670,sesam-io/rdflib,cfd422236cd03933290757a8cacb214a40866bea,test/data/suites/w3c/dawg-data-r2/ask/manifest.ttl,extension:.ttl,2185,9bd729fe514c542655a7ec73c6e8f1775cc9260c2bcdff6457095c1fe5afc9d2,fetched,not_parsed,,false,0,0,0,0,0,,
939866670,sesam-io/rdflib,cfd422236cd03933290757a8cacb214a40866bea,test/data/suites/w3c/dawg-data-r2/basic/data-1.ttl,extension:.ttl,185,3a9f060aca1dc527c3ede3ecaac1f79956c4d16e98c90ee9d4d3c3adbb4bd5e8,fetched,not_parsed,,false,0,0,0,0,0,,
939866670,sesam-io/rdflib,cfd422236cd03933290757a8cacb214a40866bea,test/data/suites/w3c/dawg-data-r2/basic/data-2.ttl,extension:.ttl,264,21653df5554b81f58e0331d578b79575574f57dc24f99f3232629e3c4804a869,fetched,not_parsed,,false,0,0,0,0,0,,
939866670,sesam-io/rdflib,cfd422236cd03933290757a8cacb214a40866bea,test/data/suites/w3c/dawg-data-r2/basic/data-3.ttl,extension:.ttl,151,81c017d4a4979d01fd7039236a1e3aafcf2ba2bf8eb7ec4ff529c61ee8d4a700,fetched,not_parsed,,false,0,0,0,0,0,,
939866670,sesam-io/rdflib,cfd422236cd03933290757a8cacb214a40866bea,test/data/suites/w3c/dawg-data-r2/basic/data-4.ttl,extension:.ttl,359,c586c78361626fe63fde122865fb0ccda1a21c6c76903bf37d7e9e84ca850305,fetched,not_parsed,,false,0,0,0,0,0,,
939866670,sesam-io/rdflib,cfd422236cd03933290757a8cacb214a40866bea,test/data/suites/w3c/dawg-data-r2/basic/data-5.ttl,extension:.ttl,148,a40746ec8572f57993e41a876fe7c1bfd86aadfa0f0ea5b5f78d1afaae32f4e6,fetched,not_parsed,,false,0,0,0,0,0,,
939866670,sesam-io/rdflib,cfd422236cd03933290757a8cacb214a40866bea,test/data/suites/w3c/dawg-data-r2/basic/data-6.ttl,extension:.ttl,148,14f36e1c542a051a6306958dafdeeb417d268a834bfaa9f2537d303712f4af20,fetched,not_parsed,,false,0,0,0,0,0,,
939866670,sesam-io/rdflib,cfd422236cd03933290757a8cacb214a40866bea,test/data/suites/w3c/dawg-data-r2/basic/data-7.ttl,extension:.ttl,132,d7de6f8ab6b46f0da459b375b8da1da0e0370cf1230d2769cab086e2567406eb,fetched,not_parsed,,false,0,0,0,0,0,,
939866670,sesam-io/rdflib,cfd422236cd03933290757a8cacb214a40866bea,test/data/suites/w3c/dawg-data-r2/basic/manifest.ttl,extension:.ttl,10985,17781e00d4526108c240c222ddb62f4317797280c404c38854ce707e4a6e9d71,fetched,not_parsed,,false,0,0,0,0,0,,
939866670,sesam-io/rdflib,cfd422236cd03933290757a8cacb214a40866bea,test/data/suites/w3c/dawg-data-r2/bnode-coreference/data.ttl,extension:.ttl,692,3fe2573c2009284ccf9c8964778a66c5bc9f1cb5252597bee30c0e3f1a549268,fetched,not_parsed,,false,0,0,0,0,0,,
939866670,sesam-io/rdflib,cfd422236cd03933290757a8cacb214a40866bea,test/data/suites/w3c/dawg-data-r2/bnode-coreference/manifest.ttl,extension:.ttl,980,1aee4925f31b2910f98788df676d4657426ad96d394d071bd47ad91653573017,fetched,not_parsed,,false,0,0,0,0,0,,
939866670,sesam-io/rdflib,cfd422236cd03933290757a8cacb214a40866bea,test/data/suites/w3c/dawg-data-r2/bnode-coreference/result.ttl,extension:.ttl,1070,b1db7773a499b03cc7933898a91661037f8c2dba7c1d5afd1d26bfc6da5592d8,fetched,not_parsed,,false,0,0,0,0,0,,
939866670,sesam-io/rdflib,cfd422236cd03933290757a8cacb214a40866bea,test/data/suites/w3c/dawg-data-r2/boolean-effective-value/data-1.ttl,extension:.ttl,400,65af3f006e783e94bf15f49cebc1507c126836098631e78a759584cf1ed221ff,fetched,not_parsed,,false,0,0,0,0,0,,
939866670,sesam-io/rdflib,cfd422236cd03933290757a8cacb214a40866bea,test/data/suites/w3c/dawg-data-r2/boolean-effective-value/data-2.ttl,extension:.ttl,506,e15c1198150db7bd83a0d7725c3b99b67303a6e8bdd18cb78b14dc83f3a2812b,fetched,not_parsed,,false,0,0,0,0,0,,
939866670,sesam-io/rdflib,cfd422236cd03933290757a8cacb214a40866bea,test/data/suites/w3c/dawg-data-r2/boolean-effective-value/manifest.ttl,extension:.ttl,4110,6d68d0dadad66f22ab8e2388ad669414fb0aff1561a650f4ff9ffd6317bb1022,fetched,not_parsed,,false,0,0,0,0,0,,
939866670,sesam-io/rdflib,cfd422236cd03933290757a8cacb214a40866bea,test/data/suites/w3c/dawg-data-r2/boolean-effective-value/result-bev-1.ttl,extension:.ttl,1013,3b8949fb97f2ab1dc075ecf04dd7e191df606103682c6ecaa37232e21e791222,fetched,not_parsed,,false,0,0,0,0,0,,
939866670,sesam-io/rdflib,cfd422236cd03933290757a8cacb214a40866bea,test/data/suites/w3c/dawg-data-r2/boolean-effective-value/result-bev-2.ttl,extension:.ttl,1013,c37f17bf727a6e8000cc9c27eed53042ef16a5b6a4de4d766a663f3039bd873b,fetched,not_parsed,,false,0,0,0,0,0,,
939866670,sesam-io/rdflib,cfd422236cd03933290757a8cacb214a40866bea,test/data/suites/w3c/dawg-data-r2/boolean-effective-value/result-bev-3.ttl,extension:.ttl,1013,3b8949fb97f2ab1dc075ecf04dd7e191df606103682c6ecaa37232e21e791222,fetched,not_parsed,,false,0,0,0,0,0,,
939866670,sesam-io/rdflib,cfd422236cd03933290757a8cacb214a40866bea,test/data/suites/w3c/dawg-data-r2/boolean-effective-value/result-bev-4.ttl,extension:.ttl,1013,0dc8fe5ac0262434377a167d54ceb6c3a7ce3943dfd47741977bf6819f41cbe5,fetched,not_parsed,,false,0,0,0,0,0,,
939866670,sesam-io/rdflib,cfd422236cd03933290757a8cacb214a40866bea,test/data/suites/w3c/dawg-data-r2/boolean-effective-value/result-bev-5.ttl,extension:.ttl,482,9c0a46f268827640900af23cf7072108169607b63e9d40520a577dd8ef36d907,fetched,not_parsed,,false,0,0,0,0,0,,
939866670,sesam-io/rdflib,cfd422236cd03933290757a8cacb214a40866bea,test/data/suites/w3c/dawg-data-r2/boolean-effective-value/result-bev-6.ttl,extension:.ttl,669,1b8ea36a3a78c040d38172edd6b6fcc90cb03c1f1a61d5f31d4e26ed40f435be,fetched,not_parsed,,false,0,0,0,0,0,,
939866670,sesam-io/rdflib,cfd422236cd03933290757a8cacb214a40866bea,test/data/suites/w3c/dawg-data-r2/boolean-effective-value/result-boolean-literal.ttl,extension:.ttl,481,1064ff3816cc461ecd8e35f30090dcf8a1b3dfaa9e43db5075762cc59a0e812d,fetched,not_parsed,,false,0,0,0,0,0,,
939866670,sesam-io/rdflib,cfd422236cd03933290757a8cacb214a40866bea,test/data/suites/w3c/dawg-data-r2/bound/bound1-result.ttl,extension:.ttl,867,f4fabfaa9678beaeff9a70350ccd101567d0abe27a3986a77abab55a557be1de,fetched,not_parsed,,false,0,0,0,0,0,,
939866670,sesam-io/rdflib,cfd422236cd03933290757a8cacb214a40866bea,test/data/suites/w3c/dawg-data-r2/bound/data.ttl,extension:.ttl,89,93a06602be6f0d32542506f342ed8b43fc6265106f2405e5ac36936833fb05be,fetched,not_parsed,,false,0,0,0,0,0,,
939866670,sesam-io/rdflib,cfd422236cd03933290757a8cacb214a40866bea,test/data/suites/w3c/dawg-data-r2/bound/manifest.ttl,extension:.ttl,908,c6dd9b1b034e705e43bc43b20682807037567a8d6ce70b2db8c93d8d0789cbc5,fetched,not_parsed,,false,0,0,0,0,0,,
939866670,sesam-io/rdflib,cfd422236cd03933290757a8cacb214a40866bea,test/data/suites/w3c/dawg-data-r2/cast/data.ttl,extension:.ttl,189,e73587f0d9c34e98893668bd3b061eab50885bc1984d0d7924c8c48a60ccd23d,fetched,not_parsed,,false,0,0,0,0,0,,
939866670,sesam-io/rdflib,cfd422236cd03933290757a8cacb214a40866bea,test/data/suites/w3c/dawg-data-r2/cast/manifest.ttl,extension:.ttl,3188,3231f9dca73cf3e42887d1c2917aeade7481454eb9784a411dd5bd50ebeae0de,fetched,not_parsed,,false,0,0,0,0,0,,
939866670,sesam-io/rdflib,cfd422236cd03933290757a8cacb214a40866bea,test/data/suites/w3c/dawg-data-r2/construct/data-ident.ttl,extension:.ttl,514,4c7ff75a9059f3f4d7bf79a2f9d123b14e902db4756dbe73f0dead1ba17d7a7a,fetched,not_parsed,,false,0,0,0,0,0,,
939866670,sesam-io/rdflib,cfd422236cd03933290757a8cacb214a40866bea,test/data/suites/w3c/dawg-data-r2/construct/data-opt.ttl,extension:.ttl,224,bdad825973891a89f2e3d26d997f75f4fe38423e07535bce301223d52e5e3649,fetched,not_parsed,,false,0,0,0,0,0,,
939866670,sesam-io/rdflib,cfd422236cd03933290757a8cacb214a40866bea,test/data/suites/w3c/dawg-data-r2/construct/data-reif.ttl,extension:.ttl,474,13436ded0f9000681e93233e94924e9a2ab5441d1109f3d080a939af6448b43c,fetched,not_parsed,,false,0,0,0,0,0,,
939866670,sesam-io/rdflib,cfd422236cd03933290757a8cacb214a40866bea,test/data/suites/w3c/dawg-data-r2/construct/manifest.ttl,extension:.ttl,3079,86d5a24abc11d967c0458024c9cf973785dc369cceaf9a1e714d2c4c85f02d66,fetched,not_parsed,,false,0,0,0,0,0,,
939866670,sesam-io/rdflib,cfd422236cd03933290757a8cacb214a40866bea,test/data/suites/w3c/dawg-data-r2/construct/result-construct-optional.ttl,extension:.ttl,135,b751dd94d0eedb5e6d8ae24235032b9957332c8854366025ba8cb3c6682f806f,fetched,not_parsed,,false,0,0,0,0,0,,
939866670,sesam-io/rdflib,cfd422236cd03933290757a8cacb214a40866bea,test/data/suites/w3c/dawg-data-r2/construct/result-ident.ttl,extension:.ttl,450,03df5e715bfb62b47d1e29eb943ab57e7bcaf78b6fe6bb44f6d24457c72db12c,fetched,not_parsed,,false,0,0,0,0,0,,
939866670,sesam-io/rdflib,cfd422236cd03933290757a8cacb214a40866bea,test/data/suites/w3c/dawg-data-r2/construct/result-reif.ttl,extension:.ttl,743,deffcf90aece055da460e9d2b09731b49e78cc2e9b1483e0fa69e937641f70bd,fetched,not_parsed,,false,0,0,0,0,0,,
939866670,sesam-io/rdflib,cfd422236cd03933290757a8cacb214a40866bea,test/data/suites/w3c/dawg-data-r2/construct/result-subgraph.ttl,extension:.ttl,183,3d6692358ae9be8709540103a598a1ba1c209a002cdf8a9e90efc10bd0674937,fetched,not_parsed,,false,0,0,0,0,0,,
939866670,sesam-io/rdflib,cfd422236cd03933290757a8cacb214a40866bea,test/data/suites/w3c/dawg-data-r2/dataset/data-g1-dup.ttl,extension:.ttl,139,c40f4cf8784a69e90f37401d9d1569213dfe9f8a3f8e4a7ba7a17dc0f879d480,fetched,not_parsed,,false,0,0,0,0,0,,
939866670,sesam-io/rdflib,cfd422236cd03933290757a8cacb214a40866bea,test/data/suites/w3c/dawg-data-r2/dataset/data-g1.ttl,extension:.ttl,139,c40f4cf8784a69e90f37401d9d1569213dfe9f8a3f8e4a7ba7a17dc0f879d480,fetched,not_parsed,,false,0,0,0,0,0,,
939866670,sesam-io/rdflib,cfd422236cd03933290757a8cacb214a40866bea,test/data/suites/w3c/dawg-data-r2/dataset/data-g2-dup.ttl,extension:.ttl,114,e2e73991a560e16db0c19897e3f1c9307e02dbd71c3c71186ea2849ee6841f31,fetched,not_parsed,,false,0,0,0,0,0,,
939866670,sesam-io/rdflib,cfd422236cd03933290757a8cacb214a40866bea,test/data/suites/w3c/dawg-data-r2/dataset/data-g2.ttl,extension:.ttl,114,e2e73991a560e16db0c19897e3f1c9307e02dbd71c3c71186ea2849ee6841f31,fetched,not_parsed,,false,0,0,0,0,0,,
939866670,sesam-io/rdflib,cfd422236cd03933290757a8cacb214a40866bea,test/data/suites/w3c/dawg-data-r2/dataset/data-g3-dup.ttl,extension:.ttl,141,1ec0941999df2694abe672997047db4b9b7d95ed10385abc4a475ec040e1eca9,fetched,not_parsed,,false,0,0,0,0,0,,
939866670,sesam-io/rdflib,cfd422236cd03933290757a8cacb214a40866bea,test/data/suites/w3c/dawg-data-r2/dataset/data-g3.ttl,extension:.ttl,141,1ec0941999df2694abe672997047db4b9b7d95ed10385abc4a475ec040e1eca9,fetched,not_parsed,,false,0,0,0,0,0,,
939866670,sesam-io/rdflib,cfd422236cd03933290757a8cacb214a40866bea,test/data/suites/w3c/dawg-data-r2/dataset/data-g4-dup.ttl,extension:.ttl,115,d905cf7b31b04360ac20d6588023fbdf6b9729d297d3692936b4a24cb24209a6,fetched,not_parsed,,false,0,0,0,0,0,,
939866670,sesam-io/rdflib,cfd422236cd03933290757a8cacb214a40866bea,test/data/suites/w3c/dawg-data-r2/dataset/data-g4.ttl,extension:.ttl,115,d905cf7b31b04360ac20d6588023fbdf6b9729d297d3692936b4a24cb24209a6,fetched,not_parsed,,false,0,0,0,0,0,,
939866670,sesam-io/rdflib,cfd422236cd03933290757a8cacb214a40866bea,test/data/suites/w3c/dawg-data-r2/dataset/dataset-01.ttl,extension:.ttl,1355,74b08aba5daa72b34675aed87982d49198402e63967ab4f32840b31bad1cf91c,fetched,not_parsed,,false,0,0,0,0,0,,
939866670,sesam-io/rdflib,cfd422236cd03933290757a8cacb214a40866bea,test/data/suites/w3c/dawg-data-r2/dataset/dataset-02.ttl,extension:.ttl,307,4f7bed3d2ba770f9be380b46f9358b5e42b06208d591ab9ff4322fe700e98726,fetched,not_parsed,,false,0,0,0,0,0,,
939866670,sesam-io/rdflib,cfd422236cd03933290757a8cacb214a40866bea,test/data/suites/w3c/dawg-data-r2/dataset/dataset-03.ttl,extension:.ttl,1714,308290031b599172721055a2acc9192a08a5da6a08e955ed1e2f47773722057c,fetched,not_parsed,,false,0,0,0,0,0,,
939866670,sesam-io/rdflib,cfd422236cd03933290757a8cacb214a40866bea,test/data/suites/w3c/dawg-data-r2/dataset/dataset-04.ttl,extension:.ttl,338,c5b602a99ea3693bba7cb27ad3780a54545506b2104f167a666b3713975a211a,fetched,not_parsed,,false,0,0,0,0,0,,
939866670,sesam-io/rdflib,cfd422236cd03933290757a8cacb214a40866bea,test/data/suites/w3c/dawg-data-r2/dataset/dataset-05.ttl,extension:.ttl,1355,eeb2d5e1927c8a31427c35eccdd2ffd58a1617f15debad49648043aa7d3c8c9a,fetched,not_parsed,,false,0,0,0,0,0,,
939866670,sesam-io/rdflib,cfd422236cd03933290757a8cacb214a40866bea,test/data/suites/w3c/dawg-data-r2/dataset/dataset-06.ttl,extension:.ttl,1055,29579e289875b2fb5ec002e27b1f94f8dc828148ed42951fae184bbf48f74966,fetched,not_parsed,,false,0,0,0,0,0,,
939866670,sesam-io/rdflib,cfd422236cd03933290757a8cacb214a40866bea,test/data/suites/w3c/dawg-data-r2/dataset/dataset-07.ttl,extension:.ttl,2045,6666fc36be4d9e7f79af7afb379f2be14fb4b60b8fcfe6ba0ccf7391a28a3b66,fetched,not_parsed,,false,0,0,0,0,0,,
939866670,sesam-io/rdflib,cfd422236cd03933290757a8cacb214a40866bea,test/data/suites/w3c/dawg-data-r2/dataset/dataset-08.ttl,extension:.ttl,1437,320843dc2a923edfbfb5de7564b54b25753f75597aa55d74bd8a896580283675,fetched,not_parsed,,false,0,0,0,0,0,,
939866670,sesam-io/rdflib,cfd422236cd03933290757a8cacb214a40866bea,test/data/suites/w3c/dawg-data-r2/dataset/dataset-09.ttl,extension:.ttl,400,6e9eb949267a21aab2add4ab8143e40d918c18ee391f43dcce220e46b2f867cb,fetched,not_parsed,,false,0,0,0,0,0,,
939866670,sesam-io/rdflib,cfd422236cd03933290757a8cacb214a40866bea,test/data/suites/w3c/dawg-data-r2/dataset/dataset-10.ttl,extension:.ttl,400,6e9eb949267a21aab2add4ab8143e40d918c18ee391f43dcce220e46b2f867cb,fetched,not_parsed,,false,0,0,0,0,0,,
939866670,sesam-io/rdflib,cfd422236cd03933290757a8cacb214a40866bea,test/data/suites/w3c/dawg-data-r2/dataset/dataset-11.ttl,extension:.ttl,5340,e6c3d580233ba37f76c55abf8f12510f33c0c91705ee8925d639aa1df50f07e4,fetched,not_parsed,,false,0,0,0,0,0,,
939866670,sesam-io/rdflib,cfd422236cd03933290757a8cacb214a40866bea,test/data/suites/w3c/dawg-data-r2/dataset/dataset-12.ttl,extension:.ttl,7320,1fba2fbee717b6f355c6448b2684a678cefba8d833fc3062153070d3a58c1230,fetched,not_parsed,,false,0,0,0,0,0,,
939866670,sesam-io/rdflib,cfd422236cd03933290757a8cacb214a40866bea,test/data/suites/w3c/dawg-data-r2/dataset/manifest.ttl,extension:.ttl,6810,64849794264213d57cf870d13b28deca161eaf1a986a42fbaa6af8cce0fc3edc,fetched,not_parsed,,false,0,0,0,0,0,,
939866670,sesam-io/rdflib,cfd422236cd03933290757a8cacb214a40866bea,test/data/suites/w3c/dawg-data-r2/distinct/data-all.ttl,extension:.ttl,1203,fde0aa01154dd22ac7d32cf41a16ccd8db7eacea16cc04faf9539fd84f3bc19b,fetched,not_parsed,,false,0,0,0,0,0,,
939866670,sesam-io/rdflib,cfd422236cd03933290757a8cacb214a40866bea,test/data/suites/w3c/dawg-data-r2/distinct/data-node.ttl,extension:.ttl,153,3819b153611395a6a9312490d36d2c0e51812274429b1779daedeabd4e07ab4c,fetched,not_parsed,,false,0,0,0,0,0,,
939866670,sesam-io/rdflib,cfd422236cd03933290757a8cacb214a40866bea,test/data/suites/w3c/dawg-data-r2/distinct/data-num.ttl,extension:.ttl,742,8d71c94cf0c04c7a23a9cb6560febd1e5f582db353c89aeb40769b382a1621c4,fetched,not_parsed,,false,0,0,0,0,0,,
939866670,sesam-io/rdflib,cfd422236cd03933290757a8cacb214a40866bea,test/data/suites/w3c/dawg-data-r2/distinct/data-opt.ttl,extension:.ttl,207,a8796d5f04288187cd1a18eb83de1ea11f8ccb9de3fe803a5fc987b36c7fe0b9,fetched,not_parsed,,false,0,0,0,0,0,,
939866670,sesam-io/rdflib,cfd422236cd03933290757a8cacb214a40866bea,test/data/suites/w3c/dawg-data-r2/distinct/data-star.ttl,extension:.ttl,150,a54c01446b46bfbcb8806685113800ade860512a2d337d8a245931996d2d8a64,fetched,not_parsed,,false,0,0,0,0,0,,
939866670,sesam-io/rdflib,cfd422236cd03933290757a8cacb214a40866bea,test/data/suites/w3c/dawg-data-r2/distinct/data-str.ttl,extension:.ttl,445,586821fbfe4e10995fd3f1370f378d63a0edaf86702ccaa04c64aeafeca9ffb7,fetched,not_parsed,,false,0,0,0,0,0,,
939866670,sesam-io/rdflib,cfd422236cd03933290757a8cacb214a40866bea,test/data/suites/w3c/dawg-data-r2/distinct/manifest.ttl,extension:.ttl,4567,b55bba1b91e65403de19dace8ec07cb52b61ef848f145780de0a90afbfc1cc8d,fetched,not_parsed,,false,0,0,0,0,0,,
939866670,sesam-io/rdflib,cfd422236cd03933290757a8cacb214a40866bea,test/data/suites/w3c/dawg-data-r2/expr-builtin/data-builtin-1.ttl,extension:.ttl,386,f4a13116418d4b096e37ada2c4244eef4d1014e53f0d3087f9106b9518c4b268,fetched,not_parsed,,false,0,0,0,0,0,,
939866670,sesam-io/rdflib,cfd422236cd03933290757a8cacb214a40866bea,test/data/suites/w3c/dawg-data-r2/expr-builtin/data-builtin-2.ttl,extension:.ttl,271,3883348d2dda576b7d2ab01aa32b30a4e6b3acd1433a1208913cef1d54772cd3,fetched,not_parsed,,false,0,0,0,0,0,,
939866670,sesam-io/rdflib,cfd422236cd03933290757a8cacb214a40866bea,test/data/suites/w3c/dawg-data-r2/expr-builtin/data-langMatches-de.ttl,extension:.ttl,196,4053bf9a5ed1b04818d85629de934102866f5349aae1a97414fd3cb79b85e798,fetched,not_parsed,,false,0,0,0,0,0,,
939866670,sesam-io/rdflib,cfd422236cd03933290757a8cacb214a40866bea,test/data/suites/w3c/dawg-data-r2/expr-builtin/data-langMatches.ttl,extension:.ttl,123,e1bc5fe893a1a59ff8c349fad561b9ed9bcea9fa0e62121c2aaa8d62bab78fa5,fetched,not_parsed,,false,0,0,0,0,0,,
939866670,sesam-io/rdflib,cfd422236cd03933290757a8cacb214a40866bea,test/data/suites/w3c/dawg-data-r2/expr-builtin/lang-case-sensitivity.ttl,extension:.ttl,205,557b7aea6c5dbe9d4e10193de5067fec7d2d1be5f0ef20ea5123fd24311987bf,fetched,not_parsed,,false,0,0,0,0,0,,
939866670,sesam-io/rdflib,cfd422236cd03933290757a8cacb214a40866bea,test/data/suites/w3c/dawg-data-r2/expr-builtin/manifest.ttl,extension:.ttl,10552,bec468895cf133dc0d85ea8bb787296716a70bf886899be28e9c876f4bd73c97,fetched,not_parsed,,false,0,0,0,0,0,,
939866670,sesam-io/rdflib,cfd422236cd03933290757a8cacb214a40866bea,test/data/suites/w3c/dawg-data-r2/expr-builtin/result-blank-1.ttl,extension:.ttl,655,721bd33ee96b83f9181b8d290317b2cb881cae8b857b7550c63523ce790de613,fetched,not_parsed,,false,0,0,0,0,0,,
939866670,sesam-io/rdflib,cfd422236cd03933290757a8cacb214a40866bea,test/data/suites/w3c/dawg-data-r2/expr-builtin/result-datatype-1.ttl,extension:.ttl,1333,af13df09782a42d017498ea239a479e64ce0576465a4adde3448f927e8cffc60,fetched,not_parsed,,false,0,0,0,0,0,,
939866670,sesam-io/rdflib,cfd422236cd03933290757a8cacb214a40866bea,test/data/suites/w3c/dawg-data-r2/expr-builtin/result-iri-1.ttl,extension:.ttl,655,d7359a5e285c76512d717b69761c3c556c3907850058e547031347c41aa54f77,fetched,not_parsed,,false,0,0,0,0,0,,
939866670,sesam-io/rdflib,cfd422236cd03933290757a8cacb214a40866bea,test/data/suites/w3c/dawg-data-r2/expr-builtin/result-isliteral-1.ttl,extension:.ttl,1121,635db6d4072a7a8b7b38eecb02accc34e41416ad4b95b0cac75330416fcd7553,fetched,not_parsed,,false,0,0,0,0,0,,
939866670,sesam-io/rdflib,cfd422236cd03933290757a8cacb214a40866bea,test/data/suites/w3c/dawg-data-r2/expr-builtin/result-langMatches-1.ttl,extension:.ttl,619,0c3db72d2ba007ae223150a9519fbd47f055f6f712ba30873e0957db07290e33,fetched,not_parsed,,false,0,0,0,0,0,,
939866670,sesam-io/rdflib,cfd422236cd03933290757a8cacb214a40866bea,test/data/suites/w3c/dawg-data-r2/expr-builtin/result-langMatches-2.ttl,extension:.ttl,954,42d68b19bce0dfaa3f9f9ab0022d756b692f79d513fd2f06ffbbcfa51c113000,fetched,not_parsed,,false,0,0,0,0,0,,
939866670,sesam-io/rdflib,cfd422236cd03933290757a8cacb214a40866bea,test/data/suites/w3c/dawg-data-r2/expr-builtin/result-langMatches-3.ttl,extension:.ttl,1289,8121bb75af06747e9bee49c0645032cf98c2e7c87400903d9194cf1c965b343e,fetched,not_parsed,,false,0,0,0,0,0,,
939866670,sesam-io/rdflib,cfd422236cd03933290757a8cacb214a40866bea,test/data/suites/w3c/dawg-data-r2/expr-builtin/result-langMatches-4.ttl,extension:.ttl,613,99c592695bbea1c7041f8347b983040455739daecaf73feba4b3155e7a1bc9f0,fetched,not_parsed,,false,0,0,0,0,0,,
939866670,sesam-io/rdflib,cfd422236cd03933290757a8cacb214a40866bea,test/data/suites/w3c/dawg-data-r2/expr-builtin/result-langMatches-de.ttl,extension:.ttl,629,5edf442cb4b882167bf7277a87fc69b5d45d7f73b0ec0622ee27681300a8e256,fetched,not_parsed,,false,0,0,0,0,0,,
939866670,sesam-io/rdflib,cfd422236cd03933290757a8cacb214a40866bea,test/data/suites/w3c/dawg-data-r2/expr-builtin/result-sameTerm-eq.ttl,extension:.ttl,9555,3a0895bc125c0af759b01cf94dd043139499720424c7f68a31dcebb46eba7146,fetched,not_parsed,,false,0,0,0,0,0,,
939866670,sesam-io/rdflib,cfd422236cd03933290757a8cacb214a40866bea,test/data/suites/w3c/dawg-data-r2/expr-builtin/result-sameTerm-not-eq.ttl,extension:.ttl,19705,d3bb3e17c6250f6f231e32fab9e74d16279a135d26d4fc271283127cacaf8b52,fetched,not_parsed,,false,0,0,0,0,0,,
939866670,sesam-io/rdflib,cfd422236cd03933290757a8cacb214a40866bea,test/data/suites/w3c/dawg-data-r2/expr-builtin/result-sameTerm.ttl,extension:.ttl,9555,16319fae20fc6756c68124b00eacb7ffdcb2dd1d4757c710f21a4152af1589e4,fetched,not_parsed,,false,0,0,0,0,0,,
939866670,sesam-io/rdflib,cfd422236cd03933290757a8cacb214a40866bea,test/data/suites/w3c/dawg-data-r2/expr-builtin/result-str-1.ttl,extension:.ttl,1646,ae29bcd8d5115515186277ce81f521d949ea8c9f76640a44b358c8bbc58b207d,fetched,not_parsed,,false,0,0,0,0,0,,
939866670,sesam-io/rdflib,cfd422236cd03933290757a8cacb214a40866bea,test/data/suites/w3c/dawg-data-r2/expr-builtin/result-str-2.ttl,extension:.ttl,671,c7848b1aafa20a55633288d63f2270d4cec9769535433576ea3f54e18bc90fe5,fetched,not_parsed,,false,0,0,0,0,0,,
939866670,sesam-io/rdflib,cfd422236cd03933290757a8cacb214a40866bea,test/data/suites/w3c/dawg-data-r2/expr-builtin/result-str-3.ttl,extension:.ttl,987,afeb3fc172ba2947eb75675baee6284255e577cea8912eb16b61fd764989c506,fetched,not_parsed,,false,0,0,0,0,0,,
939866670,sesam-io/rdflib,cfd422236cd03933290757a8cacb214a40866bea,test/data/suites/w3c/dawg-data-r2/expr-builtin/result-str-4.ttl,extension:.ttl,672,21f35fc51d08afcf49aac9bd277b69b83bbe6a2de69abd8dbc9ed7fa281a6214,fetched,not_parsed,,false,0,0,0,0,0,,
939866670,sesam-io/rdflib,cfd422236cd03933290757a8cacb214a40866bea,test/data/suites/w3c/dawg-data-r2/expr-builtin/result-uri-1.ttl,extension:.ttl,655,d7359a5e285c76512d717b69761c3c556c3907850058e547031347c41aa54f77,fetched,not_parsed,,false,0,0,0,0,0,,
939866670,sesam-io/rdflib,cfd422236cd03933290757a8cacb214a40866bea,test/data/suites/w3c/dawg-data-r2/expr-equals/data-eq.ttl,extension:.ttl,476,d4604baccdc6c340e110e68f45c9c697735811c8512fd9701a05184f21e91d25,fetched,not_parsed,,false,0,0,0,0,0,,
939866670,sesam-io/rdflib,cfd422236cd03933290757a8cacb214a40866bea,test/data/suites/w3c/dawg-data-r2/expr-equals/manifest.ttl,extension:.ttl,5939,baf2d5bd01f9b45bab514f88235ce4bd5a28dc6bc5c34fcbb624e33b3a422cb5,fetched,not_parsed,,false,0,0,0,0,0,,
939866670,sesam-io/rdflib,cfd422236cd03933290757a8cacb214a40866bea,test/data/suites/w3c/dawg-data-r2/expr-equals/result-eq-1.ttl,extension:.ttl,1377,670acf80e949f3f73c3fafde83c53a4f2f9f9a725b8e05e953da46c95394f0c0,fetched,not_parsed,,false,0,0,0,0,0,,
939866670,sesam-io/rdflib,cfd422236cd03933290757a8cacb214a40866bea,test/data/suites/w3c/dawg-data-r2/expr-equals/result-eq-2.ttl,extension:.ttl,1377,fe8119e48e4a03e5b53a48c639c1a35bdb33304b73762b265522c85f3cda9fd5,fetched,not_parsed,,false,0,0,0,0,0,,
939866670,sesam-io/rdflib,cfd422236cd03933290757a8cacb214a40866bea,test/data/suites/w3c/dawg-data-r2/expr-equals/result-eq-3.ttl,extension:.ttl,487,cfea0d021a0f58f70d6e38e665e5ff90f565fcb43c010260ca006a50a251838c,fetched,not_parsed,,false,0,0,0,0,0,,
939866670,sesam-io/rdflib,cfd422236cd03933290757a8cacb214a40866bea,test/data/suites/w3c/dawg-data-r2/expr-equals/result-eq-4.ttl,extension:.ttl,487,3d7e892b2fd444dc307567f0700eafaf79a3f16e0a8031791487a775f935ccab,fetched,not_parsed,,false,0,0,0,0,0,,
939866670,sesam-io/rdflib,cfd422236cd03933290757a8cacb214a40866bea,test/data/suites/w3c/dawg-data-r2/expr-equals/result-eq-5.ttl,extension:.ttl,486,d61bea2d44a8d2b679b60416ab13a36d71e7cdb9755df787b62403b35d805eba,fetched,not_parsed,,false,0,0,0,0,0,,
939866670,sesam-io/rdflib,cfd422236cd03933290757a8cacb214a40866bea,test/data/suites/w3c/dawg-data-r2/expr-equals/result-eq-graph-1.ttl,extension:.ttl,874,91d83140123a6bba2ec69dbd3a57c9d0f3b7c78dfafe983cbe1f06e5c1d401e8,fetched,not_parsed,,false,0,0,0,0,0,,
939866670,sesam-io/rdflib,cfd422236cd03933290757a8cacb214a40866bea,test/data/suites/w3c/dawg-data-r2/expr-equals/result-eq-graph-2.ttl,extension:.ttl,915,98b119f1b8123d2bf9ebdf19043a2144846bc2a474b875f794c7d7e311e187da,fetched,not_parsed,,false,0,0,0,0,0,,
939866670,sesam-io/rdflib,cfd422236cd03933290757a8cacb214a40866bea,test/data/suites/w3c/dawg-data-r2/expr-equals/result-eq-graph-3.ttl,extension:.ttl,488,b4a92db58a5b82f21ef47340ec891f4b162aa0f7f19e74cf835506294db2d8c1,fetched,not_parsed,,false,0,0,0,0,0,,
939866670,sesam-io/rdflib,cfd422236cd03933290757a8cacb214a40866bea,test/data/suites/w3c/dawg-data-r2/expr-equals/result-eq-graph-4.ttl,extension:.ttl,488,0a60fc81ad468980ea4736818359395f0495a6f7ed8d6219a3f2cff30c38f475,fetched,not_parsed,,false,0,0,0,0,0,,
939866670,sesam-io/rdflib,cfd422236cd03933290757a8cacb214a40866bea,test/data/suites/w3c/dawg-data-r2/expr-equals/result-eq-graph-5.ttl,extension:.ttl,487,1b1bb751d1e91062638864d1f8feba8d4cd04304dad57e97ea57fde020f02818,fetched,not_parsed,,false,0,0,0,0,0,,
939866670,sesam-io/rdflib,cfd422236cd03933290757a8cacb214a40866bea,test/data/suites/w3c/dawg-data-r2/expr-equals/result-eq2-1.ttl,extension:.ttl,14632,2beb4125b27b4b96e00a30161c0633b14d73a5cb75a22b1ab301373e833f296b,fetched,not_parsed,,false,0,0,0,0,0,,
939866670,sesam-io/rdflib,cfd422236cd03933290757a8cacb214a40866bea,test/data/suites/w3c/dawg-data-r2/expr-equals/result-eq2-2.ttl,extension:.ttl,4230,b130ed78a23325680b0b7ae759fcbd0ed85de57b274a287a47205750cd2813ea,fetched,not_parsed,,false,0,0,0,0,0,,
939866670,sesam-io/rdflib,cfd422236cd03933290757a8cacb214a40866bea,test/data/suites/w3c/dawg-data-r2/expr-equals/result-eq2-graph-1.ttl,extension:.ttl,11367,b0e860db668a3b412533a62d75cf9fa548ca4d85466a5c33475bf8bc77f14c8e,fetched,not_parsed,,false,0,0,0,0,0,,
939866670,sesam-io/rdflib,cfd422236cd03933290757a8cacb214a40866bea,test/data/suites/w3c/dawg-data-r2/expr-ops/data.ttl,extension:.ttl,197,5056bb739d2562084a5ba75b668198735df4781fad777b669bfa78f7a3d6f755,fetched,not_parsed,,false,0,0,0,0,0,,
939866670,sesam-io/rdflib,cfd422236cd03933290757a8cacb214a40866bea,test/data/suites/w3c/dawg-data-r2/expr-ops/manifest.ttl,extension:.ttl,3634,ff1336c5cb82e5b521defe7b0331058246a0cfc6d26f11f76b8a51eaed9f4470,fetched,not_parsed,,false,0,0,0,0,0,,
939866670,sesam-io/rdflib,cfd422236cd03933290757a8cacb214a40866bea,test/data/suites/w3c/dawg-data-r2/extended-manifest-evaluation.ttl,extension:.ttl,495,1a97703c0cc31452c3dedfb9b0cacd05813e64b4cbb73bff015b79a53fd722f2,fetched,not_parsed,,false,0,0,0,0,0,,
939866670,sesam-io/rdflib,cfd422236cd03933290757a8cacb214a40866bea,test/data/suites/w3c/dawg-data-r2/graph/data-g1.ttl,extension:.ttl,139,c40f4cf8784a69e90f37401d9d1569213dfe9f8a3f8e4a7ba7a17dc0f879d480,fetched,not_parsed,,false,0,0,0,0,0,,
939866670,sesam-io/rdflib,cfd422236cd03933290757a8cacb214a40866bea,test/data/suites/w3c/dawg-data-r2/graph/data-g2.ttl,extension:.ttl,114,e2e73991a560e16db0c19897e3f1c9307e02dbd71c3c71186ea2849ee6841f31,fetched,not_parsed,,false,0,0,0,0,0,,
939866670,sesam-io/rdflib,cfd422236cd03933290757a8cacb214a40866bea,test/data/suites/w3c/dawg-data-r2/graph/data-g3-dup.ttl,extension:.ttl,141,1ec0941999df2694abe672997047db4b9b7d95ed10385abc4a475ec040e1eca9,fetched,not_parsed,,false,0,0,0,0,0,,
939866670,sesam-io/rdflib,cfd422236cd03933290757a8cacb214a40866bea,test/data/suites/w3c/dawg-data-r2/graph/data-g3.ttl,extension:.ttl,141,1ec0941999df2694abe672997047db4b9b7d95ed10385abc4a475ec040e1eca9,fetched,not_parsed,,false,0,0,0,0,0,,
939866670,sesam-io/rdflib,cfd422236cd03933290757a8cacb214a40866bea,test/data/suites/w3c/dawg-data-r2/graph/data-g4.ttl,extension:.ttl,115,d905cf7b31b04360ac20d6588023fbdf6b9729d297d3692936b4a24cb24209a6,fetched,not_parsed,,false,0,0,0,0,0,,
1219630508,TACITUS-me/semantica4tacitus,c0d08c46f75ac107979927aa5bffbc4a82b351cd,cookbook/advanced/knowledge_graph.ttl,extension:.ttl,398,d49068969f8149c9ba0619a440fe5c5047e81d47996eca1eabc49736beec5c3d,fetched,not_parsed,,false,0,0,0,0,0,,
1219630508,TACITUS-me/semantica4tacitus,c0d08c46f75ac107979927aa5bffbc4a82b351cd,cookbook/advanced/quantum_ontology.ttl,extension:.ttl,671,c4121a477c54246777441dd875fd4224bae2712fd529cee8c4e9964fc32d3a47,fetched,not_parsed,,false,0,0,0,0,0,,
1219630508,TACITUS-me/semantica4tacitus,c0d08c46f75ac107979927aa5bffbc4a82b351cd,cookbook/introduction/corporate_ontology.ttl,extension:.ttl,2507,4349377ea3e1eb2f528f3971de088fe54ef1caef53f0757707ebba0b440c1028,fetched,not_parsed,,false,0,0,0,0,0,,
1219630508,TACITUS-me/semantica4tacitus,c0d08c46f75ac107979927aa5bffbc4a82b351cd,cookbook/use_cases/blockchain/defi_ontology.ttl,extension:.ttl,0,e3b0c44298fc1c149afbf4c8996fb92427ae41e4649b934ca495991b7852b855,fetched,not_parsed,,false,0,0,0,0,0,,
1219630508,TACITUS-me/semantica4tacitus,c0d08c46f75ac107979927aa5bffbc4a82b351cd,cookbook/use_cases/capability_gap_defense/data/d3fend.ttl,extension:.ttl,3432357,1ea4343ed1fcfb48448d26cefaddaf2911c98a66ab3f531be9422df54bd9c1ad,fetched,not_parsed,,false,0,0,0,0,0,,
1219630508,TACITUS-me/semantica4tacitus,c0d08c46f75ac107979927aa5bffbc4a82b351cd,cookbook/use_cases/capability_gap_defense/data/military_capability_gap_instances.ttl,extension:.ttl,3677,9e94f5b5f80b965c216ac60c7890b7db5ec7f2fe2de8f4f454dfbf9aa066da8f,fetched,not_parsed,,false,0,0,0,0,0,,
1219630508,TACITUS-me/semantica4tacitus,c0d08c46f75ac107979927aa5bffbc4a82b351cd,cookbook/use_cases/capability_gap_defense/data/military_capability_gap_ontology.ttl,extension:.ttl,4308,67942ee9d2bfcea13bf30f7c3eaa3da6749653c072a35e96975074e9ac4ae21f,fetched,not_parsed,,false,0,0,0,0,0,,
1219630508,TACITUS-me/semantica4tacitus,c0d08c46f75ac107979927aa5bffbc4a82b351cd,cookbook/use_cases/capability_gap_defense/data/prov.ttl,extension:.ttl,112537,411308bce6d8586e949031a192950b3e06f16dcfa178195c1b11597c931d2d0e,fetched,not_parsed,,false,0,0,0,0,0,,
